id	raw_hex	jp
0000	0559109a93207a80749993898a857201fe5a05	<05><59>だれも こたえるものはない…<5A><05>
0002	055901fe01fe01fe20858693757a9785766f805a05	<05><59>……… なにもおこらなかった<5A><05>
0004	055984788620769c6f807a848a85729673105a05	<05><59>とくに かわったことはないようだ<5A><05>
0006	49323535054931393805055924328a207a7a138a20010c7485725a05	<49>255<05><49>198<05><05><59>$2は ここでは 使えない<5A><05>
0008	4932353505493139380505594d5006809885725a05	<49>255<05><49>198<05><05><59><4D><50>がたりない<5A><05>
000A	49323535054931393805055924308a202432662001b801ba137785725a05	<49>255<05><49>198<05><05><59>$0は $2を 装備できない<5A><05>
000C	493235350549313938050559243286207c1b9a89208e6f7b06757a6f805a05	<49>255<05><49>198<05><05><59>$2に しびれの ほっさがおこった<5A><05>
000E	2321393105a2b5da847c807a840601fe20243121207d8f9da305055924328a20808076727697209810827c805a05	#!91<05>「オレとしたことが… $1! すまん」<05><05><59>$2は たたかいから りだつした<5A><05>
0010	2321393205a2912091889d01fe0520243114892071848a8f767e8f7c800fa305055924328a20808076727697209810827c805a05	#!92<05>「む むねん…<05> $1どの あとはまかせましたぞ」<05><05><59>$2は たたかいから りだつした<5A><05>
0012	2321393305a2b1c6b75b20b2c3b0966b2094979a816c6f80966ba305055924328a20808076727697209810827c805a05	#!93<05>「アニキ<5B> イテーよぉ やられちゃったよぉ」<05><05><59>$2は たたかいから りだつした<5A><05>
0014	2321393405a2d1d121207a89243220fab9d3c9859d0f8605208c767866849b73848a01fea305055924328a20808076727697209810827c805a05	#!94<05>「ムム! この$2 バケモノなんぞに<05> ふかくをとろうとは…」<05><05><59>$2は たたかいから りだつした<5A><05>
0016	2321393505a224317b9d0520759478868083857883200a929d857b7201fea305055924328a20808076727697209810827c805a05	#!95<05>「$1さん<05> おやくにたてなくて ごめんなさい…」<05><05><59>$2は たたかいから りだつした<5A><05>
0018	5924328a20808076727697209810827c805a05	<59>$2は たたかいから りだつした<5A><05>
001A	5924328901ca017a8a200184727697209810827c805a05	<59>$2の部隊は 戦いから りだつした<5A><05>
001C	5924326601368279805a0523213933052a2e323438052b3105	<59>$2を見つけた<5A><05>#!93<05>*.248<05>+1<05>
001E	2321393205	#!92<05>
0020	597c767c2001b481017006726f1572137d0520858676207d838f7d763f5a052b3105	<59>しかし 持ち物がいっぱいです<05> なにか すてますか?<5A><05>+1<05>
0022	253105	%1<05>
0024	2b3205	+2<05>
0026	5924326620849989662071779792805a05	<59>$2を とるのを あきらめた<5A><05>
0028	2a2e31383305233930052d3105	*.183<05>#90<05>-1<05>
002A	23393105597f9a667d83997a848a2013778f7e9d05208e768620858676207d838f7d763f5a052d3405	#91<05><59>それをすてることは できません<05> ほかに なにか すてますか?<5A><05>-4<05>
002C	2a2e3138390559243266207d83805a052e393205	*.189<05><59>$2を すてた<5A><05>.92<05>
002E	5984820e9d20717c9384899576068b977280052075847c01aa1021215a05	<59>とつぜん あしもとのゆかがひらいた<05> おとし穴だ!!<5A><05>
0030	0559243180818a20837766200e9d92827b7e805a05	<05><59>$1たちは てきを ぜんめつさせた<5A><05>
0032	05592432862024308a207a73760685725a05	<05><59>$2に $0は こうかがない<5A><05>
0034	59e9b0d16620011c01b07c8f7c800520d8beafc4fec0dd6620757c8506970520139d099d6620776f8378107b725a054932323405	<59>ゲームを 中断しました<05> リセットボタンを おしながら<05> でんげんを きってください<5A><05><49>224<05>
0036	59011c01b07c80e9b0d166207b7276727c8f7d05207a7a1320d8beafc4fec0dd66757d840520801b89779b78667c80847a9b8f13052093146f837c8f728f7d8913200a816d737278107b725a05	<59>中断したゲームを さいかいします<05> ここで リセットボタンをおすと<05> たびのきろくをしたところまで<05> もどってしまいますので ごちゅういください<5A><05>
0038	05597a898076971a7a8a2085869301266f837285766f805a05	<05><59>このたからばこは なにも入っていなかった<5A><05>
003A	a2719d80208c827389013a96980520010606900c767284767b055e05207f730c6c85766f80970520076c788620899d1b987c83996f837a8485723fa30525340520809d7705208c82730520899d1b9805201d828605	「あんた ふつうの人より<05> 気がみじかいとかさ<05><5E><05> そうじゃなかったら<05> ぎゃくに のんびりしてるってことない?」<05>%4<05> たんき<05> ふつう<05> のんびり<05> べつに<05>
003C	2e3438052e21343905a20c6c6720d2afbeb0ec898b6e730cbdf6b0f49305208a94728906207a8990859d109b3f05209c766f83996f8320816c9d84946f847896a3055e050559d2afbeb0ec898b6e730cbdf6b0f4060520202020202020a18a9472a420208685988f7c805a0505	.48<05>.!49<05>「じゃぁ メッセージのひょうじスピードも<05> はやいのが このみなんだろ?<05> わかってるって ちゃんとやっとくよ」<05><5E><05><05><59>メッセージのひょうじスピードが<05>       『はやい』  になりました<5A><05><05>
003E	2e213438052e21343905a2946f1598208c82730672811a9d10968567207572a3055e050559d2afbeb0ec898b6e730cbdf6b0f4060520202020202020a18c8273a420208685988f7c805a0505	.!48<05>.!49<05>「やっぱり ふつうがいちばんだよなぁ おい」<05><5E><05><05><59>メッセージのひょうじスピードが<05>       『ふつう』  になりました<5A><05><05>
0040	2e213438052e343905a20c6c6720d2afbeb0ec898b6e730cbdf6b0f4930520899d1b980620727296850520717e6f8393207c6e73068572939d85a3055e050559d2afbeb0ec898b6e730cbdf6b0f4060520202020202020a1757f72a420208685988f7c805a0505	.!48<05>.49<05>「じゃぁ メッセージのひょうじスピードも<05> のんびりが いいよな<05> あせっても しょうがないもんな」<05><5E><05><05><59>メッセージのひょうじスピードが<05>       『おそい』  になりました<5A><05><05>
0042	a28f6f207f9a937272109b73a305	「まっ それもいいだろう」<05>
0044	0549323535054931393805591a7894788a20936f8405209007137c7620010c7485725a05	<05><49>255<05><49>198<05><59>ばくやくは もっと<05> みぎでしか 使えない<5A><05>
0046	0549323535054931393805591a7894788a20936f8405208b1098137c7620010c7485725a05	<05><49>255<05><49>198<05><59>ばくやくは もっと<05> ひだりでしか 使えない<5A><05>
0048	05591a7894788a01fe01fe01fe055e0549323535054931393805207294675b5b20757c726f215a05	<05><59>ばくやくは………<05><5E><05><49>255<05><49>198<05> いやぁ<5B><5B> おしいっ!<5A><05>
004A	05590108010a66010c7320717283067285725a05	<05><59>魔法を使う あいてがいない<5A><05>
004C	0559dbd7dd8a8f10200108010a66010c7485725a05	<05><59>ロランはまだ 魔法を使えない<5A><05>
004E	055901b481017006726f1572132001b801ba668a0d7e85725a05	<05><59>持ち物がいっぱいで 装備をはずせない<5A><05>
0050	0549323535054931393805597a7a1324326682766f8393207a73760685725a05	<05><49>255<05><49>198<05><59>ここで$2をつかっても こうかがない<5A><05>
0052	05205924318a20cca8d8bd89897a7c80052020bbcca7b2b189c3a8b1d766207f731b7c805a0505	<05> <59>$1は フィリスののこした<05>  サファイアのティアラを そうびした<5A><05><05>
0054	055924318a20cca8d8bd66807d79107d8092052080108b849820801b8601149673847c83728001fe5a05	<05><59>$1は フィリスをたすけだすため<05> ただひとり たびに出ようとしていた…<5A><05>
0056	a2243120801b860114999d106f809705200e6f8072862094787f7366726f15720520766f83726f808e7306207272847593730fa305	「$1 たびに出るんだったら<05> ぜったいに やくそうをいっぱい<05> かっていったほうが いいとおもうぞ」<05>
0058	a2010201047b8f06207b979c9a99859d830520b1bdc4ced9d18a201473856f837c8f739d0c6c67a305	「司祭さまが さらわれるなんて<05> アストホルムは どうなってしまうんじゃぁ」<05>
005A	263605a2cca8d8bd7b9d66207b976f80d4c2978a05207d0a720108010a66010c739d109b3f0520243120016c01dc86207683998976963fa305	&6<05>「フィリスさんを さらったヤツらは<05> すごい魔法を使うんだろ?<05> $1 本当に かてるのかよ?」<05>
005C	a27d0a720f200108010a010c7266052085768f867c809d106f83850520243120069d1a6f83789a96a305	「すごいぞ 魔法使いを<05> なかまにしたんだってな<05> $1 がんばってくれよ」<05>
005E	a2010201047b8f8a207a890110890520807296739080728520757680100520011278807d7901147c83208f80207a890110660520717699787c83789a21a305	「司祭さまは この町の<05> たいようみたいな おかただ<05> 早くたすけ出して また この町を<05> あかるくしてくれ!」<05>
0060	a27588067220cca8d8bd7b8f6620807d7983966ba305253105	「おねがい フィリスさまを たすけてよぉ」<05>%1<05>
0062	a2946f1598202431106721a305	「やっぱり $1だぁ!」<05>
0064	a27a8972780c857c21202431859d8305200116779772102120fab6d4db5ba305	「このいくじなし! $1なんて<05> 大きらいだ! バカヤロ<5B>」<05>
0066	263605a2cca8d8bd7b9d66207b976f80d4c201fe0520e9d9a5f4a5dab2847620727294066f8085052081787c6e73212095997b88742121a305	&6<05>「フィリスさんを さらったヤツ…<05> ゲル・ド・レイとか いいやがったな<05> ちくしょう! ゆるさねえ!!」<05>
0068	a2cca8d8bd7b9d66207b976f80d4c2978a052001fa8901188620849d13726f806f83018a10a305	「フィリスさんを さらったヤツらは<05> 南の空に とんでいったって話だ」<05>
006A	a271712080897c728a0d8920bbcca7b2b10104980605207a9d8501668620856f837c8f73859d8301fea305	「ああ たのしいはずの サファイア祭りが<05> こんな事に なってしまうなんて…」<05>
006C	a27a6f810c6c20fab9d3c98a010201047b8f6605207a6f81898e738620829a7b6f809d0c6c21052024312001127820859d84767c83789aa305	「こっちじゃ バケモノは司祭さまを<05> こっちのほうに つれさったんじゃ!<05> $1 早く なんとかしてくれ」<05>
006E	2636052b3405	&6<05>+4<05>
0070	2a2e313337052321393005a275752105207672729d7c6e736620936f8375998976055e05209373207281986d73892001840186968973a305	*.137<05>#!90<05>「おお!<05> かいいんしょうを もっておるのか<05><5E><05> もう いちりゅうの 戦士よのう」<05>
0072	263805233432052e343205a2967285768f6674808520243105207c767c207a890158207f8901b801ba138a05207a7a9b938485769b73055e05207a9a6601b46f839578069672055e05054932353505493231380520598c991b8001d46620018e8601269a805a0505055e05201c0ccca8d8bd6620807d7901147c837783789a05202431962080899d100f01fea3052a313132050505	&8<05>#42<05>.42<05>「よいなかまをえたな $1<05> しかし この先 その装備では<05> こころもとなかろう<05><5E><05> これを持ってゆくがよい<05><5E><05><05><49>255<05><49>218<05> <59>ふるびた鎧を 手に入れた<5A><05><05><05><5E><05> ぶじフィリスを たすけ出してきてくれ<05> $1よ たのんだぞ…」<05>*112<05><05><05>
0074	a21c0ccca8d8bd6620807d7901147c83789989100fa305	「ぶじフィリスを たすけ出してくるのだぞ」<05>
0076	26213105a27a8901108920013e867d9105200108010a010c726620800d88997a8410055e05207685970d9420011a86856f83789a99109b73a305	&!1<05>「この町の 西にすむ<05> 魔法使いを たずねることだ<05><5E><05> かならずや 力になってくれるだろう」<05>
0078	a27575212077808520243105208f0d8a209c7c89018a66207778069672055e05200102010489817d0c01fe05207f9a8a208a997620139d7e82890c1072769705208a8a769720917d928d84207f7c838f807f89917d928d840520737982069a837780938985891001fe055e05207f7c83208f7b8620010201046673798208077c77060520759c998966208f6f83728076899673860520fab9d3c914938a20cca8d8bd667b976f83726f80891001fe052b3105	「おお! きたな $1<05> まずは わしの話を きくがよい<05><5E><05> 司祭のちすじ…<05> それは はるか でんせつのじだいから<05> ははから むすめへと そしてまたそのむすめへと<05> うけつがれてきたものなのだ…<05><5E><05> そして まさに 司祭をうけつぐぎしきが<05> おわるのを まっていたかのように<05> バケモノどもは フィリスをさらっていったのだ…<05>+1<05>
007A	5e05207a9a8a208483932008730e9d848a019a748705207685970d20fab9d3c914938a20758f74899578836605208a1a9186810672857201fe055e0520147310202431207f9a1393758f748a0520cca8d8bd66807d79867278829398763fa305253105	<5E><05> これは とても ぐうぜんとは思えぬ<05> かならず バケモノどもは おまえのゆくてを<05> はばむにちがいない…<05><5E><05> どうだ $1 それでもおまえは<05> フィリスをたすけにいくつもりか?」<05>%1<05>
007C	a27f737621209678796f7c9d7c800f05207c767c20758f748b8498138a0520948297868a207685738f7201fe01fe207f7a1310055e05207a89b1bdc4ced9d189013e8605208b8498890108010a010c7206207d9d137599055e0520d4c28a20dcbc898c99722001349871721385052091767c20849386801b667c802085768f858910055e05207189014e6620800d8883909906727205207685970d9420011a86856f83789a99109b73a30540303105	「そうか! よくけっしんしたぞ<05> しかし おまえひとりでは<05> やつらには かなうまい…… そこでだ<05><5E><05> このアストホルムの西に<05> ひとりの魔法使いが すんでおる<05><5E><05> ヤツは ワシのふるい 知りあいでな<05> むかし ともにたびをした なかまなのだ<05><5E><05> あの男を たずねてみるがいい<05> かならずや 力になってくれるだろう」<05><40>01<05>
007E	a27f9a938f80207c6e73068572109b730520109a93202431667e92997a848a13779d01fea305	「それもまた しょうがないだろう<05> だれも $1をせめることはできん…」<05>
0080	a20110897f848a20fab9d3c9149313726f1572102105200106668279999d100fa305	「町のそとは バケモノどもでいっぱいだ!<05> 気をつけるんだぞ」<05>
0082	a2243120b1ddc020848598011089bcaedbbd860520726f807a8406719976723fa305253105	「$1 アンタ となり町のショロスに<05> いったことがあるかい?」<05>%1<05>
0084	2b3305	+3<05>
0086	2a2e3133370523393005a2bcaedbbd138a20012a01d29401c6015066736f83999d10052001b801ba66848489749984727296a305	*.137<05>#90<05>「ショロスでは 武器や防具をうってるんだ<05> 装備をととのえるといいよ」<05>
0088	a2b3bf66207582772105207672729d7c6e738f1320936f8399787e8621a305	「ウソを おつき!<05> かいいんしょうまで もってるくせに!」<05>
008A	263805a2b3bf662075827721a305	&8<05>「ウソを おつき!」<05>
008C	2a2e3133370523393005a28f7120069d1a6f839d8988a305	*.137<05>#90<05>「まあ がんばってんのね」<05>
008E	a28f7105207672729d7c6e7320936f839989880520766f7a72729c67a305	「まあ<05> かいいんしょう もってるのね<05> かっこいいわぁ」<05>
0090	a2cca8d8bd8a20b5cfb4890122013a107c85052076890c6e6620807d7901147e99898a0520948a9820b5cfb47c7620728572109b73a305	「フィリスは オマエの恋人だしな<05> かのじょを たすけ出せるのは<05> やはり オマエしか いないだろう」<05>
0092	a28072816e5b7321a3054231203305	「たいちょ<5B>う!」<05><42>1 3<05>
0094	a29c9a9c9a9320829a83726f8301207b72a305	「われわれも つれていって下さい」<05>
0096	a2017a017c21209c9a9c9a3401240520cca8d8bd0102010420776d737c6d828905207584936672807c8f7da305	「隊長! われわれ4名<05> フィリス司祭 きゅうしゅつの<05> おともをいたします」<05>
0098	a29c9a9c9a8a0520b1bdc4ced9d17c6d1b017a8601266f80847776970520017a017c862072898166710d7983728f7da305	「われわれは<05> アストホルムしゅび隊に入ったときから<05> 隊長に いのちをあずけています」<05>
009A	a28b849813727a73859d8305200128787b720c6c8572137d76210520827283726f8320969b7c72137d883fa3052b3105	「ひとりでいこうなんて<05> 水くさいじゃないですか!<05> ついていって よろしいですね?」<05>+1<05>
009C	253105	%1<05>
009E	a29c9a9c9a20b1bdc4ced9d17c6d1b017a893401240520cfb0dab220e7d8b1dd20b4d9b820dac6b08a05208010728f969820cca8d8bd01020104776d737c6d82890520758493667b7e83728010778f7d01fe055e05202431017a017c862079729a72af21a30540303205463320313305463420313405463520313505463620313605	「われわれ アストホルムしゅび隊の4名<05> マーレイ ギリアン エルク レニーは<05> ただいまより フィリス司祭きゅうしゅつの<05> おともをさせていただきます…<05><5E><05> $1隊長に けいれいッ!」<05><40>02<05><46>3 13<05><46>4 14<05><46>5 15<05><46>6 16<05>
00A0	a27f9d852120827283726f8320969b7c72137d9688a3052d3205	「そんな! ついていって よろしいですよね」<05>-2<05>
00A2	26303605a27a89939d8a207179838a859787840520816e739b738620778278729c9a83729989137d05207278972024311489139305207a7a667179997a8410798a13778f7e9da305	&06<05>「このもんは あけてはならぬと<05> ちょうろうに きつくいわれているのです<05> いくら $1どのでも<05> ここをあけることだけはできません」<05>
00A4	26303705a2816e739b73892095997c0601148f7c80052014730f207584759801207b72a3054931373305403037054133203820310541342037203105	&07<05>「ちょうろうの ゆるしが出ました<05> どうぞ おとおり下さい」<05><49>173<05><40>07<05><41>3 8 1<05><41>4 7 1<05>
00A6	a224311489207501066682798301fe01fea305	「$1どの お気をつけて……」<05>
00A8	a2816e739b738620750156727c8f7c80763fa305253105	「ちょうろうに お会いしましたか?」<05>%1<05>
00AA	a2cca8d8bd7b8f6620807d798371098301207b728801fea305	「フィリスさまを たすけてあげて下さいね…」<05>
00AC	a2816e739b7306207c9d15727c838f7c8096a305	「ちょうろうが しんぱいしてましたよ」<05>
00AE	a2dcbc06200108010a66010c749a1a052024317b8f8920758493667d99898601fea305	「ワシが 魔法を使えれば<05> $1さまの おともをするのに…」<05>
00B0	a271990c66737c856f8001a60156847273898a05208b14787b907c7293899689ab01fea305	「あるじをうしなった数会というのは<05> ひどくさみしいものよのォ…」<05>
00B2	a271712024317b9d210520859d8472737a84137c6e73210520969886966f8320bbcca7b2b1010498897f890152860520917d920601fecca8d8bd067b979c9a837c8f73859d8301fe055e0520938a94209c807c8a2001020104138a857805208b849889208a8a759401fe055e05207f89bbcca7b2b189c3a8b1d76601b46f837277857b720520776f84bbcca7b2b106207185806620cca8d8bd8993848d84052001a07283789a99137c6e7301fe055e052075880672212024317b9d21210520cca8d8bd6620807d79837109832121a305	「ああ $1さん!<05> なんということでしょう!<05> よりによって サファイア祭りのその日に<05> むすめが…フィリスがさらわれてしまうなんて…<05><5E><05> もはや わたしは 司祭ではなく<05> ひとりの ははおや…<05><5E><05> そのサファイアのティアラを持っていきなさい<05> きっとサファイアが あなたを フィリスのもとへと<05> 導いてくれるでしょう…<05><5E><05> おねがい! $1さん!!<05> フィリスを たすけてあげて!!」<05>
00B4	263605a2750104982080897c766f8085a701fe0520139320cca8d8bd7b8f062093149785728405209772889d89750104988a20816d737c85897685a70520b2d41085a701fea305	&6<05>「お祭り たのしかったなァ…<05> でも フィリスさまが もどらないと<05> らいねんのお祭りは ちゅうしなのかなァ<05> イヤだなァ…」<05>
00B6	a27d095b942024317b9d0520816e5b776e73986e788505200108010a010c726685768f867c809d106f833f055e05207a9a13209772889d89750104988f13868a0520cca8d8bd7b8f6620829a93147e9988a305	「すげ<5B>や $1さん<05> ちょ<5B>きょうりょくな<05> 魔法使いをなかまにしたんだって?<05><5E><05> これで らいねんのお祭りまでには<05> フィリスさまを つれもどせるね」<05>
00B8	a27a891c807289014c8601306f8320014a66840c9a1a0520010201047b8f897d068006052073769d13778f7ddcb285a701fea305	「このぶたいの上に立って 目をとじれば<05> 司祭さまのすがたが<05> うかんできますワイなァ…」<05>
00BA	a21377999389859720dcc0bc0601020104660520946f83710980727897721079140520010201041a6f76988a0520817d0c068b82967310769788aa01fea305	「できるものなら ワタシが司祭を<05> やってあげたいくらいだけど<05> 司祭ばっかりは<05> ちすじがひつようだからねェ…」<05>
00BC	a2b1ddc0859710720c6e731c10962024310520776f84010201047b8f6620829a93147e997ba305	「アンタならだいじょうぶだよ $1<05> きっと司祭さまを つれもどせるさ」<05>
00BE	a2ea20ead2ddc5bbb20520766f83862024317b9d8186208a726f8301fe055e0520feb88a207f01fe7f8901fe24317b9d0605207c9d1572132096737d66013683809d1096ab21a305	「ゴ ゴメンナサイ<05> かってに $1さんちに はいって…<05><5E><05> ボクは そ…その…$1さんが<05> しんぱいで ようすを見てたんだよォ!」<05>
00C0	2631303005a28f8e738276726f83208f8e730682767483727285670520feb893209a9d7c6d737c96736f84a305	&100<05>「まほうつかいって まほうがつかえていいなぁ<05> ボクも れんしゅうしようっと」<05>
00C2	23214c3205a288218821207d0a72137c6e21a305	#!<4C>2<05>「ね!ね! すごいでしょ!」<05>
00C4	a2feb8208f8e736620751e74809d109605209083789a993fa305253105	「ボク まほうを おぼえたんだよ<05> みてくれる?」<05>%1<05>
00C6	2e4c3205a28e9721a3052a31313005	.<4C>2<05>「ほら!」<05>*110<05>
00C8	a2816a21207e6f767820751e748089865ba305	「ちぇ! せっかく おぼえたのに<5B>」<05>
00CA	263605a2243114892075010601b4818a209c76988f7d060520948a982077799d7d078f7d21a305	&6<05>「$1どの お気持ちは わかりますが<05> やはり きけんすぎます!」<05>
00CC	a22431148901fe05200a1c739d6620757289987c8375988f7da305	「$1どの…<05> ごぶうんを おいのりしております」<05>
00CE	a1909d85898b9b1a137d05202077799d85717f1b667c85729673860520202020202020202020b1bdc4ced9d120a405	『みんなのひろばです<05>  きけんなあそびをしないように<05>          アストホルム 』<05>
00D0	a2bcaedbbd89012e8d2096737a7fa305	「ショロスの村へ ようこそ」<05>
00D2	a2012e89939d8a20109a9305207a9c066f832081761276857279148567055e05201c6f7f738520fab9d3dd06207a89015889010e8605207d9082728399977c729d10a305	「村のもんは だれも<05> こわがって ちかづかないけどなぁ<05><5E><05> ぶっそうな バケモンが この先の山に<05> すみついてるらしいんだ」<05>
00D4	a2715b20f5fc8620727783b09d1079140520bcaeb066013699868a208f10200c769d06200112727c055e05207381867674998420b6b0c1acdd062073997e747c055e052085949d0c6c7396208f6f807821a305	「あ<5B> パブに いきてーんだけど<05> ショーを見るには まだ じかんが 早いし<05><5E><05> うちにかえると カーチャンが うるせえし<05><5E><05> なやんじゃうよ まったく!」<05>
00D6	a2858620bcb980c2d77c839d897b3f0520b5ddc5861393208609979a808976723fa305	「なに シケたツラしてんのさ?<05> オンナにでも にげられたのかい?」<05>
00D8	a2cdaa5b20b1ddc020b1bdc4ced9d189939d76723f0520b5da930d721c9d2071890110866c20726f83886a856705207f737294207f9b7f9bbbcca7b2b18975010498109b3fa305	「ヘェ<5B> アンタ アストホルムのもんかい?<05> オレもずいぶん あの町にゃ いってねぇなぁ<05> そういや そろそろサファイアのお祭りだろ?」<05>
00DA	a2b1ddc020bee6d9c3b189dbd7dd6f83013a890520739c7b207772807a8471993fa305253105	「アンタ セガルテアのロランって人の<05> うわさ きいたことある?」<05>%1<05>
00DC	a27f986c207f739688052075847a8f7413207c76932073130680826f8305208b6e731a9d10939d88a305	「そりゃ そうよね<05> おとこまえで しかも うでがたつって<05> ひょうばんだもんね」<05>
00DE	a2ccb0dd208f67207f737273013a937299769388a305	「フーン まぁ そういう人もいるかもね」<05>
00E0	a2b5d7207a898f7420013c89010e8620769886726f809d1005207d998485200136807a8493886a20fab9d3dd06052001020104898c78778020013866829a838013a305	「オラ このまえ 東の山に かりにいったんだ<05> するとな 見たこともねぇ バケモンが<05> 司祭のふくきた 女をつれてたで」<05>
00E2	a284859801108920bee6d9c3b1898176788605207b72779d20c1ddb9850520fab9d3c9067d90827794066f8396055e052001380d778920fab9d3c9106f83727376970520b1bdc4ced9d189010201047b9d66207b976f8089930520937c767c83207f7282859d0c6c8572893fa305	「となり町の セガルテアのちかくに<05> さいきん チンケな<05> バケモノがすみつきやがってよ<05><5E><05> 女ずきの バケモノだっていうから<05> アストホルムの司祭さんを さらったのも<05> もしかして そいつなんじゃないの?」<05>
00E4	233105a2b5d2aa8a20bbcca7b2b18901020104840520726f7c6e867280b5c4ba212105207b838a010201046620829a93147c867794066f808521a305	#1<05>「オメェは サファイアの司祭と<05> いっしょにいたオトコ!!<05> さては司祭を つれもどしにきやがったな!」<05>
00E6	a27a9d148a207b6f77848adcb9068106730e0520b5d2b0d72076801279818f74a305	「こんどは さっきとはワケがちがうぜ<05> オメーラ かたづけちまえ」<05>
00E8	a271982101fe2071983f01fe05207a9d858a0d0c6c6701fe055e052085766f809d137d79148820cab2a305	「あり!… あり?…<05> こんなはずじゃぁ…<05><5E><05> なかったんですけどね ハイ」<05>
00EA	a27d908f7e6a5b9d200a929d857b675b72052095997c83816e5b1072685ba3052b3105	「すみませぇ<5B>ん ごめんなさぁ<5B>い<05> ゆるしてちょ<5B>だいぃ<5B>」<05>+1<05>
00EC	253105	%1<05>
00EE	a2dcc0bc8a20859d86932001349785729d137d055e052080102001020104667b976f837a726f83052092729a727b9a80201079859d137d0520dcc0bc8a917c9b208a9d80727c809d137da3052b3205	「ワタシは なんにも 知らないんです<05><5E><05> ただ 司祭をさらってこいって<05> めいれいされた だけなんです<05> ワタシはむしろ はんたいしたんです」<05>+2<05>
00F0	a224317b8f5b6705208f808f80207f9d857a8420729c85721301fea3052d3205	「$1さま<5B>ぁ<05> またまた そんなこと いわないで…」<05>-2<05>
00F2	a224317b8f2095997c83816e7310727268685b68a305	「$1さま ゆるしてちょうだいいぃぃ<5B>ぃ」<05>
00F4	a2ceab5b208d7280727b9d66013699898a05208b7b7c1c980c6c21055e0520b5c7bc2084859801100520bee6d9c3b18975013a0c6c9b3f055e0520717f7a897c6d1b017a8a20829672769789aba305	「ホォ<5B> へいたいさんを見るのは<05> ひさしぶりじゃ!<05><5E><05> オヌシ となり町<05> セガルテアのお人じゃろ?<05><5E><05> あそこのしゅび隊は つよいからのォ」<05>
00F6	a2b3c189f0ddc58a05208f8020147a768620717f1b86726f8301fe055e0520f5fc13207514987a7b9d860520816e6f767220107c8385776c72727914a305	「ウチのダンナは<05> また どこかに あそびにいって…<05><5E><05> パブで おどりこさんに<05> ちょっかい だしてなきゃいいけど」<05>
00F8	a2859d1076207b72779d20012e89011c8f130520fab9d3dd0620739b739b207c83999d108405201c6f7f738520018a10886aa305	「なんだか さいきん 村の中まで<05> バケモンが うろうろ してるんだと<05> ぶっそうな 話だねぇ」<05>
00FA	a2b5d7898a807966208c9071977d1388aa2121a305	「オラのはたけを ふみあらすでねェ!!」<05>
00FC	a2746f3f20bbcca7b2b189010201040520cca8d8bd7b8f06207b979c9a806f836a052075727572200c6eb0109d109b21055e05207a7a978d9d86207d9d139993898a0520bbcca7b2b1890a760a8605208f93979a837299769705207a9d8586899d77862078977c8372979a999d100ea305	「えっ? サファイアの司祭<05> フィリスさまが さらわれたってぇ<05> おいおい じょーだんだろ!<05><5E><05> ここらへんに すんでるものは<05> サファイアのごかごに<05> まもられているから<05> こんなにのんきに くらしていられるんだぜ」<05>
00FE	23213237052321313405a275756f21207c6c1d9a9920869d099d1021055e05200c828a05209c807c8a209c99720108010a010c728601fe01fe055e052085863f207f8920014a8a3f052b3205	#!27<05>#!14<05>「おおっ! しゃべれる にんげんだ!<05><5E><05> じつは<05> わたしは わるい魔法使いに……<05><5E><05> なに? その 目は?<05>+2<05>
0100	4931393205a29d93936b5b6fa305	<49>192<05>「んももぉ<5B>っ」<05>
0102	5e05209373727296209c766f8096208c9d055e05201e7806207e6f76780520bdbbddf4c589207214897a84660520757c74832071099673842075936f808986a305	<5E><05> もういいよ わかったよ ふん<05><5E><05> ぼくが せっかく<05> スサンドナの いどのことを<05> おしえて あげようと おもったのに」<05>
0104	233134054931353305a2b9afba20bab9afbaa305	#14<05><49>153<05>「ケッコ コケッコ」<05>
0106	23323305a29c99720108010a010c728a0520bee6d9c3b18920013e8972148605207d9d13996f83207772838f7d96a305	#23<05>「わるい魔法使いは<05> セガルテアの 西のいどに<05> すんでるって きいてますよ」<05>
0108	a224317b9d932080728d9d106788a305	「$1さんも たいへんだぁね」<05>
010A	233134054931353305a2b9afba20bab9afbaa305	#14<05><49>153<05>「ケッコ コケッコ」<05>
010C	23323305a29c99720108010a010c728620108f7b9a8305207a89967385207d06808601fe01fea3052e323405	#23<05>「わるい魔法使いに だまされて<05> このような すがたに……」<05>.24<05>
010E	a2757320757320949a20739a7c94896b21a3052a373205	「おう おう やれ うれしやのぉ!」<05>*72<05>
0110	a27a9d852075721e9a6620807d7983789a99848a05207b7d068a208510767220243114890520778f74062074748973a305	「こんな おいぼれを たすけてくれるとは<05> さすがは なだかい $1どの<05> きまえが ええのう」<05>
0112	a1c7b0feb020866d73767c8f7c800520202020202020201a7993898a20757a849c98050520202020202020207b761a20bcaedbbd899699a405	『ヌーボー にゅうかしました<05>        ばけものは おことわり<05><05>        さかば ショロスのよる』<05>
0114	a17a727785bcaeb01305202020202020909c78898b84847766050520202020202020f5fc2020bbcca7b2b1202020a405	『こいきなショーで<05>      みわくのひとときを<05><05>       パブ  サファイア   』<05>
0116	26213805a2cab220cab220909d852105207a9d9489bdc3b0ec8980928620daafbddd966b21a305	&!8<05>「ハイ ハイ みんな!<05> こんやのステージのために レッスンよぉ!」<05>
0118	a271972071858093b5b0f3a8bcaedd0605207379807289767c973fa305253105	「あら あなたもオーディションが<05> うけたいのかしら?」<05>%1<05>
011A	a20c6c20776e738a0520daafbddd890c6c8f868597857296738605207f7a13908383a3052a3805403805	「じゃ きょうは<05> レッスンのじゃまにならないように<05> そこでみてて」<05>*8<05><40>8<05>
011C	a2859720daafbddd890c6c8f86859976970520846f8484201383757277857b7221a305	「なら レッスンのじゃまになるから<05> とっとと でておいきなさい!」<05>
011E	26213805a29c807c808120858606716f83930520f6b4b0d90158015a862082728372789ca305	&!8<05>「わたしたち なにがあっても<05> ピエール先生に ついていくわ」<05>
0120	a2f6b4b0d90158015a8920daafbddd8a05207d0a7820771b7c7289a305	「ピエール先生の レッスンは<05> すごく きびしいの」<05>
0122	26213805a2718580930520daafbddd890c6c8f66207c85721388a305	&!8<05>「あなたも<05> レッスンのじゃまを しないでね」<05>
0124	a27a9d1a9d8920bcaeb08905207579727a66207c8372998996a305	「こんばんの ショーの<05> おけいこを しているのよ」<05>
0126	26213805a2b3cccc209c807c808120816e6f847c80939d137c6ea305	&!8<05>「ウフフ わたしたち ちょっとしたもんでしょ」<05>
0128	a2f6b4b0d90158015a6f83052009720c6d82766f8320769d0c130520846f8393bdc3b721a305	「ピエール先生って<05> げいじゅつかって かんじで<05> とってもステキ!」<05>
012A	a2816e6f8420816e6f8420816e6f84055e0520816e6f846b5b5b5b2071858080812105207a9a08977289207a8413052092668f9c7d859d83207b675b728372055e0520cab220cab2207a6f8166013683816e73106772055e0542322033054233203305423420330520718580808121055e0520718580808189f0ddbd868a0520f5afbcaedd0620769d0c979a857289966b0520f5afbcaedd84727393890621a305	「ちょっと ちょっと ちょっと<05><5E><05> ちょっとぉ<5B><5B><5B> あなたたち!<05> これぐらいの ことで<05> めをまわすなんて さぁ<5B>いてい<05><5E><05> ハイ ハイ こっちを見てちょうだぁい<05><5E><05><42>2 3<05><42>3 3<05><42>4 3<05> あなたたち!<05><5E><05> あなたたちのダンスには<05> パッションが かんじられないのよぉ<05> パッションというものが!」<05>
012C	a273725b20b5d88a0520966f15976f818f6f80965b6b72a305	「うい<5B> オリは<05> よっぱらっちまったよ<5B>ぉい」<05>
012E	a275756f20f0ddbd137d765b20ccddccdd0520729420f0ddbd85978f767c83816e5b1072a305	「おおっ ダンスですか<5B> フンフン<05> いや ダンスならまかしてちょ<5B>だい」<05>
0130	a2b7acb020b7acb020807d7983b0a305	「キャー キャー たすけてー」<05>
0132	a2b5d2aa8a20bbcca7b2b18901020104840520726f7c6e867280b5c4ba212105207b838a0102010466829a93147c867794066f808521a305	「オメェは サファイアの司祭と<05> いっしょにいたオトコ!!<05> さては司祭をつれもどしにきやがったな!」<05>
0134	a28f6720909d85201377800c6c857221055e05207a9a06200c6e7388829621055e0520f5afbcaedd9621a305	「まぁ みんな できたじゃない!<05><5E><05> これが じょうねつよ!<05><5E><05> パッションよ!」<05>
0136	a281787c6e7320751e748394069aa305	「ちくしょう おぼえてやがれ」<05>
0138	a28a5b72208a7205200c6c209373728114207b6f7789847a9b76970520726f8390999c96a305	「は<5B>い はい<05> じゃ もういちど さっきのところから<05> いってみるわよ」<05>
013A	a2d0adb0ecafb820bdc0b0c421a305	「ミュージック スタート!」<05>
013C	a2b5d7b0212014796a20761d6a21a305	「オラー! どけぇ かべぇ!」<05>
013E	a2816f2014789c776c886a8567a305	「ちっ どくわきゃねぇなぁ」<05>
0140	a2886a886a2001346f83993f0520bee6d9c3b1890110868a20b4dadd84b6dadd6f8372730520b4d2d7d9f4667379820801020104890142014406052072999d137d6f8321055e05201393209c807c8081869320b1bdc4ced9d189011076970520bbcca7b2b1890a760a66207180748378107b990520cca8d8bd7b8f062072976f7c6c99769705207397948f7c78859d76208572939d88b010a305	「ねぇねぇ 知ってる?<05> セガルテアの町には エレンとカレンっていう<05> エメラルドをうけつぐ司祭の姉妹が<05> いるんですって!<05><5E><05> でも わたしたちにも アストホルムの町から<05> サファイアのごかごを あたえてくださる<05> フィリスさまが いらっしゃるから<05> うらやましくなんか ないもんねーだ」<05>
0142	23214c370549323535054931383505a27c6f7c6f21a305	#!<4C>7<05><49>255<05><49>185<05>「しっしっ!」<05>
0144	26313305a27a7a20bee6d9c3b18901108a0520728f2080728d9d8501668620856f8372998910052071947c729389662084757d01668a13779d01fe055e052001fe01fe01fe01fe01fe01fe01fe01fe01fe01fe052001fe01fe01fe01fe01fe01fe01fe01fe01fe01fe052001fe01fe01fe01fe01fe01fe01fe01fe01fe01fe052001fe01fe01fe01fe01fe01fe01fe01fe01fe01fe055e05207b729c722071947c7f73138a8572850520967c2084756f8372720fa305	&13<05>「ここ セガルテアの町は<05> いま たいへんな事に なっているのだ<05> あやしいものを とおす事はできん…<05><5E><05> …………………………<05> …………………………<05> …………………………<05> …………………………<05><5E><05> さいわい あやしそうではないな<05> よし とおっていいぞ」<05>
0146	a2b6dadd7b8f0620807d7901147b9a8305209c9a9c9a8a207d7a7c8e6f847c837299847a9b10055e05207f9a867c83930520b6dadd7b8f6620807d79107c83789a80768066052071947c72948285148405207380066f837c8f6f80859d8301fe055e052024311489207a898f748a20016c01dc8605207c829a722072807c8f7c80a305	「カレンさまが たすけ出されて<05> われわれは すこしほっとしているところだ<05><5E><05> それにしても<05> カレンさまを たすけだしてくれたかたを<05> あやしいやつなどと<05> うたがってしまったなんて…<05><5E><05> $1どの このまえは 本当に<05> しつれい いたしました」<05>
0148	23214c370549323535054931383505a27c6f7c6f21a305	#!<4C>7<05><49>255<05><49>185<05>「しっしっ!」<05>
014A	26313005a2728f20727f067c729d100520018a7c7679857213789aa305	&10<05>「いま いそがしいんだ<05> 話しかけないでくれ」<05>
014C	26313305a2816e6f8420727f067c788578856f80791405208f108f1020018a7c7679857213789aa305	&13<05>「ちょっと いそがしくなくなったけど<05> まだまだ 話しかけないでくれ」<05>
014E	a2769d097713207a841a060114857289100520728f8a018a7c7679857213789aa305	「かんげきで ことばが出ないのだ<05> いまは話しかけないでくれ」<05>
0150	23214c370549323535054931383505a2776c2120859d85893fa305	#!<4C>7<05><49>255<05><49>185<05>「きゃ! なんなの?」<05>
0152	26313305a27a89011089b4d2d7d9f48901020104b4dadd7b8f8405207f890144b6dadd7b8f0605208586938976867b979c9a809d137da305	&13<05>「この町のエメラルドの司祭エレンさまと<05> その妹カレンさまが<05> なにものかにさらわれたんです」<05>
0154	a2014489b6dadd7b8f0620807d7901147b9a806f83055e05263134052001fe71976f20737c9b867299898a0520937c767c833fa305	「妹のカレンさまが たすけ出されたって<05><5E><05>&14<05> …あらっ うしろにいるのは<05> もしかして?」<05>
0156	20807d7983789a80013a8601566f80970520759a7206727280729ca305	 たすけてくれた人に会ったら<05> おれいがいいたいわ」<05>
0158	23214c370549323535054931383505a28498069c807c8601fe01fe055e05208a833fa305	#!<4C>7<05><49>255<05><49>185<05>「とりがわたしに……<05><5E><05> はて?」<05>
015A	26313305a2b4d2d7d9f48982748a052001b482013a86200108010a89011a662071807483789a998910055e0520fab9d3c914938620717896737b9a85799a1a0520967289100601fea305	&13<05>「エメラルドのつえは<05> 持つ人に 魔法の力を あたえてくれるのだ<05><5E><05> バケモノどもに あくようされなければ<05> よいのだが…」<05>
015C	a224317b9d2014737620b6dadd7b8f6605208f936f8371098378107b72055e0520776f8420b6dadd7b8f890108010a8a052024317b9d89807d7986932085998a0d137da305	「$1さん どうか カレンさまを<05> まもってあげてください<05><5E><05> きっと カレンさまの魔法は<05> $1さんのたすけにも なるはずです」<05>
015E	23214c370549323535054931383505a2dbd7dd8a20016c01dc8a947b7c72014e85890c6c055e0520859d0c6c2084980c6c6f808976a305	#!<4C>7<05><49>255<05><49>185<05>「ロランは 本当はやさしい男なのじゃ<05><5E><05> なんじゃ とりじゃったのか」<05>
0160	2621313305a201020104b4dadd207f7c83207f890144b6dadd8905207f1a867199847720b4d2d7d9f48982748a052001b482013a89200108010a89817697662082969299890c6c055e0520dbd7dd8a05207a7598890108010a8920010c72018e85890c6c060520b4d2d7d9f489827406207a890110769720731a9c9a83769705207f89011a6620737c856f837c8f6f80890c6c96055e0520dbd7dd86846f83207a9d1489801b8a0520728f8f13868572052078997c72801b8620856f8375998a0d0c6ca305	&!13<05>「司祭エレン そして その妹カレンの<05> そばにあるとき エメラルドのつえは<05> 持つ人の 魔法のちからを つよめるのじゃ<05><5E><05> ロランは<05> こおりの魔法の 使い手なのじゃが<05> エメラルドのつえが この町から うばわれてから<05> その力を うしなってしまったのじゃよ<05><5E><05> ロランにとって こんどのたびは<05> いままでにない<05> くるしいたびに なっておるはずじゃ」<05>
0162	a27a890110897c6d1b017a017c20dbd7dd8a052001020104b4dadd848a200122013a14737c138501fe055e0520dbd7dd93207f7384730520829772019a72667c8372998a0d0c6c055e052085867c9b05207a8901108901f61371992001f485990198898b84820520b4d2d7d9f48982746620731a9c9a80207e77869d8975939084055e052072728512796620731a9c9a8076857c90890520986e738e7386208074837599890c6c769789055e0520147376202431148920dbd7dd6676098506970520807d7983946f838a01207b998f7276893fa305253105	「この町のしゅび隊長 ロランは<05> 司祭エレンとは 恋人どうしでな…<05><5E><05> ロランも そうとう<05> つらい思いをしているはずじゃ<05><5E><05> なにしろ<05> この町の宝である 聖なる石のひとつ<05> エメラルドのつえを うばわれた せきにんのおもみと<05><5E><05> いいなづけを うばわれたかなしみの<05> りょうほうに たえておるのじゃからの<05><5E><05> どうか $1どの ロランをかげながら<05> たすけてやっては下さるまいかの?」<05>%1<05>
0164	a271980680727a840c6c01fe0520b1bdc4ced9d189207c6d1b017a017c8a052013778075768010842076880688207772838a756f800601fe055e0520729420807c768620739c7b14759889207576800c6c9c72a305	「ありがたいことじゃ…<05> アストホルムの しゅび隊長は<05> できたおかただと かねがね きいてはおったが…<05><5E><05> いや たしかに うわさどおりの おかたじゃわい」<05>
0166	a2dbd7dd8a20016c01dc8a947b7c72014e85890c6c0520829280780136748393200c828a20717283660520010612766f837599890c6c9601fea305	「ロランは 本当はやさしい男なのじゃ<05> つめたく見えても じつは あいてを<05> 気づかっておるのじゃよ…」<05>
0168	23214c370549323535054931383505a201fe01fe01fe01fe01fe01fe01fe01fe01fe01fe01fe01fe052001fe01fe01fe01fe01fe01fe01fe01fe01fe01fe01fe01fe052001fe01fe01fe01fe01fe01fe01fe01fe01fe01fe01fe01fe055e05208498848920757c6c1d988a0520779d7c7b9a83729989137da305	#!<4C>7<05><49>255<05><49>185<05>「………………………………<05> ………………………………<05> ………………………………<05><5E><05> とりとの おしゃべりは<05> きんしされているのです」<05>
016A	2621323005a2b1bdc4ced9d17c6d1b017a017c8920243114898405209c06bee6d9c3b17c6d1b017a017c8920dbd7dd148901fe055e05207a9d857d0a728c809806018e6678921a207685970d052001020104776d737c6d828a20857c8409979a998a0d137d055e05202431148905200a012a012c6620757289987c8375988f7da305	&!20<05>「アストホルムしゅび隊長の $1どのと<05> わがセガルテアしゅび隊長の ロランどの…<05><5E><05> こんなすごいふたりが手をくめば かならず<05> 司祭きゅうしゅつは なしとげられるはずです<05><5E><05> $1どの<05> ご武運を おいのりしております」<05>
016C	2621313605a2728f01266f80200c6e738e73869699840520dbd7dd14898a207a89bee6d9c3b18901fa8671990520b1d9fac689012e862075979a997f73137d055e05201473762075010666827983a305	&!16<05>「いま入った じょうほうによると<05> ロランどのは このセガルテアの南にある<05> アルバニの村に おられるそうです<05><5E><05> どうか お気をつけて」<05>
016E	23213105a201fe01fe01fe01fe01fe01fe01fe01fe01fe01fe01fe01fe052001fe01fe01fe01fe01fe01fe01fe01fe01fe01fe01fe01fe052001fe01fe01fe01fe01fe01fe01fe01fe01fe01fe01fe01fe055e0520757c6c1d988a20779d7c7b9a83729989137da305	#!1<05>「………………………………<05> ………………………………<05> ………………………………<05><5E><05> おしゃべりは きんしされているのです」<05>
0170	26313005a2dbd7dd148906207c6d6f15827b9a998f1305207a89939d8a2084757e8f7e9d055e0520dbd7dd14898a20fab9d3c98920897a7c8001ac7184660520756f83727875829398137d055e0520013a0684759984209c76978578856f837c8f728f7da305	&10<05>「ロランどのが しゅっぱつされるまで<05> このもんは とおせません<05><5E><05> ロランどのは バケモノの のこした足あとを<05> おっていくおつもりです<05><5E><05> 人がとおると わからなくなってしまいます」<05>
0172	a2dbd7dd14898a207c6d6f15827b9a8f7c80052014730f207584759801207b72a3052e31052a313105	「ロランどのは しゅっぱつされました<05> どうぞ おとおり下さい」<05>.1<05>*11<05>
0174	23214c370549323535054931383505a284987601fe208498860520b4dadd66807d79107e208472738393052091100c6c9b7385a305	#!<4C>7<05><49>255<05><49>185<05>「とりか… とりに<05> エレンをたすけだせ というても<05> むだじゃろうな」<05>
0176	26313005a2801b89768001fe20728f7a8901108a052080728d9d857a848620856f8372998910055e05207a898f81890102010420b4dadd8405207f89014420b6dadd0620fab9d3c98605207b979c9a837c8f6f808910055e0520728f208c809866807d7901147d8092860520776d737c6d82017a660520796f7e727c80847a9b10a305	&10<05>「たびのかた… いまこの町は<05> たいへんなことに なっているのだ<05><5E><05> このまちの司祭 エレンと<05> その妹 カレンが バケモノに<05> さらわれてしまったのだ<05><5E><05> いま ふたりをたすけ出すために<05> きゅうしゅつ隊を<05> けっせいしたところだ」<05>
0178	26313305a2dbd7dd8597207685970db4dadd660520807d7901147c83789a998a0d10a305	&13<05>「ロランなら かならずエレンを<05> たすけ出してくれるはずだ」<05>
017A	26313405a2b6dadd21201c0c13716f8076052024311489868a20769d7c6c897a841a93857201fe055e052071848a0520dbd7dd0620b4dadd6620807d79107e1a052072737a848a857289100601fea305	&14<05>「カレン! ぶじであったか<05> $1どのには かんしゃのことばもない…<05><5E><05> あとは<05> ロランが エレンを たすけだせば<05> いうことはないのだが…」<05>
017C	a271848a0520dbd7dd0620b4dadd6620807d79107e1a052072737a848a857289100601fea305	「あとは<05> ロランが エレンを たすけだせば<05> いうことはないのだが…」<05>
017E	23214c370549323535054931383505a27c6f7c6f21a305	#!<4C>7<05><49>255<05><49>185<05>「しっしっ!」<05>
0180	2621313305a2b6dadd7b8f06200a1c0c139314979a8305207a9a8e1420739a7c727a848a8572137d0c6c055e05201393207a73856f839099842085757b970520b4dadd7b8f89016606207c9d15720c6c8973a305	&!13<05>「カレンさまが ごぶじでもどられて<05> これほど うれしいことはないですじゃ<05><5E><05> でも こうなってみると なおさら<05> エレンさまの事が しんぱいじゃのう」<05>
0182	a2816e7314207a7a97138c80988a05207b979c9a809d0c6c0520dcbcac20807d799901669313779d766f8001fe055e052085867c9b207b976f80d4c2978a052084839320869d099d848a019a749d05207d0680106f809d0c6ca305	「ちょうど ここらでふたりは<05> さらわれたんじゃ<05> ワシャ たすける事もできんかった…<05><5E><05> なにしろ さらったヤツらは<05> とても にんげんとは思えん<05> すがただったんじゃ」<05>
0184	23214c370549323535054931383505a2716f81727921a305	#!<4C>7<05><49>255<05><49>185<05>「あっちいけ!」<05>
0186	26313305a2859d107620011089011c06052075010498908072862001167b9c07859d100520726f807220858606719d109b883fa305	&13<05>「なんだか 町の中が<05> お祭りみたいに 大さわぎなんだ<05> いったい なにがあんだろね?」<05>
0188	26313405a29c6720b6dadd7b8f100520946f159875010498859d1067a305	&14<05>「わぁ カレンさまだ<05> やっぱりお祭りなんだぁ」<05>
018A	a2011089011c8a20728f108620750104987b9c070520726f80722072828f1320750104988a821278893fa305	「町の中は いまだに お祭りさわぎ<05> いったい いつまで お祭りはつづくの?」<05>
018C	23214c370549323535054931383505a2849876055e0520758f749320069d1a9a96a305	#!<4C>7<05><49>255<05><49>185<05>「とりか<05><5E><05> おまえも がんばれよ」<05>
018E	26313605a201020104b4dadd06728578838a05207a8901a601569320859d89809286719989949701fe055e0520758f798620b4d2d7d9f4898274208f130520731a9c9a99848a01fe05207a890110932001ce9c9876937c9a9da305	&16<05>「司祭エレンがいなくては<05> この数会も なんのためにあるのやら…<05><5E><05> おまけに エメラルドのつえ まで<05> うばわれるとは…<05> この町も 総わりかもしれん」<05>
0190	a2b4dadd010201040693146f8378998f130520b6dadd868a20069d1a6f8393977280766f8089100601fea305	「エレン司祭がもどってくるまで<05> カレンには がんばってもらいたかったのだが…」<05>
0192	23214c370549323535054931383505a27c6f7c6f21a305	#!<4C>7<05><49>255<05><49>185<05>「しっしっ!」<05>
0194	26313005a2728f207a89327672138a0520bee6d9c3b1897c6d1b017a017c20dbd7dd060520b4dadd84b6dadd01420144890520776d737c6d828980928920767207011c10a305	&10<05>「いま この2かいでは<05> セガルテアのしゅび隊長 ロランが<05> エレンとカレン姉妹の<05> きゅうしゅつのための かいぎ中だ」<05>
0196	26313305a2dbd7dd8a207a89011013052072811a9d209573769d1320731389013082014e0520d4c28597207685970d05208c809866807d7901147d109b7301fea305	&13<05>「ロランは この町で<05> いちばん ゆうかんで うでの立つ男<05> ヤツなら かならず<05> ふたりをたすけ出すだろう…」<05>
0198	2621313605a2243114890520801b891c0c662072896f8375988f7d0fa305	&!16<05>「$1どの<05> たびのぶじを いのっておりますぞ」<05>
019A	a2b1c5c089011089cca8d8bd01020104840520b4dadd01020104667b976f80898a052075850c9a9d816d73138a857289137c6e73763f055e05201473137d0520dbd7dd89017a840a73986d737b9a838a3fa305253105	「アナタの町のフィリス司祭と<05> エレン司祭をさらったのは<05> おなじれんちゅうではないのでしょうか?<05><5E><05> どうです<05> ロランの隊とごうりゅうされては?」<05>%1<05>
019C	a27f73137d76212085971a0520b6dadd86207a7466767983946f8301207b72052076890c6e8a20dbd7dd89718466052075738293988589137d055e0520147376726f7c6e8620dbd7dd89847a9b8f1301fea305	「そうですか! ならば<05> カレンに こえをかけてやって下さい<05> かのじょは ロランのあとを<05> おうつもりなのです<05><5E><05> どうかいっしょに ロランのところまで…」<05>
019E	a27f73137d7601fe919886848a72728f7e9d0605207f898e7306208377890c6e738e73930520012698947d7284019a6f8089137d0601fe20f0d2137d763fa305	「そうですか…むりにとはいいませんが<05> そのほうが てきのじょうほうも<05> 入りやすいと思ったのですが… ダメですか?」<05>
01A0	a2757520b6dadd21052096780f1c0c132093146f83789a8021a305	「おお カレン!<05> よくぞぶじで もどってくれた!」<05>
01A2	a2b6dadd01fe055e0520dbd7dd8a7d13860520b4dadd010201048920776d737c6d828605207c6d6f15827c837c8f6f80891096a305	「カレン…<05><5E><05> ロランはすでに<05> エレン司祭の きゅうしゅつに<05> しゅっぱつしてしまったのだよ」<05>
01A4	a27f9d85210520859d8391816c857a8466210520b4d2d7d9f489827406857220728f0520dbd7dd8a200108010a66010c7485728a0d01fe055e05200108010a010c7293829a0d860520801b861399859d8301fe01fe055e05207d0820718466759c85799a1a01fe01fe055e05209c76988f7c80209c807c93200c6d9d1b667c83778f7da3053b3720300540313405	「そんな!<05> なんてむちゃなことを!<05> エメラルドのつえがない いま<05> ロランは 魔法を使えないはず…<05><5E><05> 魔法使いもつれずに<05> たびにでるなんて……<05><5E><05> すぐ あとをおわなければ……<05><5E><05> わかりました わたしも じゅんびをしてきます」<05>;7 0<05><40>14<05>
01A6	23214c370549323535054931383505a284988620018a7c7679979a80898a05208a0c92830c6ca305	#!<4C>7<05><49>255<05><49>185<05>「とりに 話しかけられたのは<05> はじめてじゃ」<05>
01A8	26313305a2dcbc937a890110862085067201667d9d13990605207a9d852080728d9d8501668a208a0c92831005207282932001f485990198b4d2d7d9f48605208d729c6672896f8372808986a305	&13<05>「ワシもこの町に ながい事すんでるが<05> こんな たいへんな事は はじめてだ<05> いつも 聖なる石エメラルドに<05> へいわをいのっていたのに」<05>
01AA	a2b6dadd8a200184721373798020770d6672947d05200108010a6620010c73016606137799055e0520b4dadd0672857220728f0520dbd7dd8920801b8984938a0520b6dadd66207572838e768671998f72a305	「カレンは 戦いでうけた きずをいやす<05> 魔法を 使う事ができる<05><5E><05> エレンがいない いま<05> ロランの たびのともは<05> カレンを おいてほかにあるまい」<05>
01AC	23214c370549323535054931383505a285087b9283789a96b020849868b0a305	#!<4C>7<05><49>255<05><49>185<05>「なぐさめてくれよー とりぃー」<05>
01AE	a2c1b8bcaeb02120b5b2d720b4dadd89016605207d77106f808986966b0520fab9d3c986207b979c9a818f6f8020b3aab0afa305	「チクショー! オイラ エレンの事<05> すきだったのによぉ<05> バケモノに さらわれちまった ウェーッ」<05>
01B0	23214c370549323535054931383505a28498868a2096738a857221a305	#!<4C>7<05><49>255<05><49>185<05>「とりには ようはない!」<05>
01B2	2621323005a22431148920789a089a9320b6dadd7b8f66969b7c78a305	&!20<05>「$1どの くれぐれも カレンさまをよろしく」<05>
01B4	2621313305a2b6dadd8a20dbd7dd84726f7c6e860520b4dadd7b8f667d787320801b86011499829398137d05201473762071897a89011a86856f83946f8301207b9aa305	&!13<05>「カレンは ロランといっしょに<05> エレンさまをすくう たびに出るつもりです<05> どうか あのこの力になってやって下され」<05>
01B6	26313005a28b14727a8486856f8093890c6c01fe055e0520b4d2d7d9f48982748a05207f8901f48599011a13207a890110668f936f837780890c6c055e05207f9a66731a9c9a8020bee6d9c3b18980908a05208096999389898572207a14932014730e9d01fe055e05208f7c8394207189052075947b7c72b4dadd7b8f8f130520829a7b979a837c8f73848a01fe055e0520728f20dcbc86137799898a20728999016610790c6ca305	&10<05>「ひどいことになったものじゃ…<05><5E><05> エメラルドのつえは<05> その聖なる力で この町をまもってきたのじゃ<05><5E><05> それをうばわれた セガルテアのたみは<05> たよるもののない こども どうぜん…<05><5E><05> ましてや あの<05> おやさしいエレンさままで<05> つれさられてしまうとは…<05><5E><05> いま ワシにできるのは いのる事だけじゃ」<05>
01B8	a2dbd7dd8a20b4dadd7b8f89727285127913850520010601b4818a9c76999d0c6c0601fe055e05200108010a010c729375979d89138a05208c80986620807d79107e997614737601fea305	「ロランは エレンさまのいいなづけでな<05> 気持ちはわかるんじゃが…<05><5E><05> 魔法使いもおらんのでは<05> ふたりを たすけだせるかどうか…」<05>
01BA	a20c6d7396738520767207011c8589100520018a7c7679857213789a808f7421a305	「じゅうような かいぎ中なのだ<05> 話しかけないでくれたまえ!」<05>
01BC	a201fe9c9a9c9a20bee6d9c3b18905207c6d1b017a84727393890671988506970520010201047b8f66207b979c9a837c8f73859d8301fea305	「…われわれ セガルテアの<05> しゅび隊というものがありながら<05> 司祭さまを さらわれてしまうなんて…」<05>
01BE	a201feb4dadd7b8f8420b6dadd7b8f8a0520728f0a9b2014737c8375979a9989109b7301fea305	「…エレンさまと カレンさまは<05> いまごろ どうしておられるのだろう…」<05>
01C0	a201feb4d2d7d9f4898274660520737c856f8020bee6d9c3b18a0520726f8072201473856f837278897601fea305	「…エメラルドのつえを<05> うしなった セガルテアは<05> いったい どうなっていくのか…」<05>
01C2	a201fedbd7dd017a017c930520776f8495731d8a052088979a85766f8086810672857201fea305	「…ロラン隊長も<05> きっとゆうべは<05> ねられなかったにちがいない…」<05>
01C4	a2b4dadd01fe20b6dadd01fe05208c80988a207685970d209c9a9c9a06207d7872107d6f21a305	「エレン… カレン…<05> ふたりは かならず われわれが すくいだすっ!」<05>
01C6	a2d6bcaf207c6d6f1567b0822121a305	「ヨシッ しゅっぱぁーつ!!」<05>
01C8	4236203105423720310542352031054234203105a2caaf2121a305	<42>6 1<05><42>7 1<05><42>5 1<05><42>4 1<05>「ハッ!!」<05>
01CA	234c3105a21477808f742121a3052e4c3105	#<4C>1<05>「どきたまえ!!」<05>.<4C>1<05>
01CC	a21477808f742084726f83998906209c76979d762105201477808f7421a305	「どきたまえ といってるのが わからんか!<05> どきたまえ!」<05>
01CE	a29c807c890c6d9d1b8a13778f7c80055e052024317b9d0520796f7c832001ac018e8f8472868a2085988f7e9d052014737620dbd7dd66908279998f13052024317b9d8920758493667b7e8301207b72a3052b3105	「わたしのじゅんびはできました<05><5E><05> $1さん<05> けっして 足手まといには なりません<05> どうか ロランをみつけるまで<05> $1さんの おともをさせて下さい」<05>+1<05>
01D0	253105	%1<05>
01D2	a271980684730a0b728f7d05207b71207c6d6f15827c8f7c6e73a3054432053b3720380540313605	「ありがとうございます<05> さあ しゅっぱつしましょう」<05><44>2<05>;7 8<05><40>16<05>
01D4	a275880672137d210520dbd7dd80818a200108010a010c729320829a0d860520801b667c83729989137d055e0520147376209c807c6620dbd7dd89847a9b8f130520829a83726f8301207b72a3052d3205	「おねがいです!<05> ロランたちは 魔法使いも つれずに<05> たびをしているのです<05><5E><05> どうか わたしを ロランのところまで<05> つれていって下さい」<05>-2<05>
01D6	23214c370549323535054931383505a28498960520758f7493209c7c89207d7298060520777780728976a305	#!<4C>7<05><49>255<05><49>185<05>「とりよ<05> おまえも わしの すいりが<05> ききたいのか」<05>
01D8	a2dcbc868a9c769921210520d4c297062001020104667b976f8093788377060520b6c8138a8572847273016606055e05201473103f20bdeab27d7298109b3fa305	「ワシにはわかる!!<05> ヤツらが 司祭をさらったもくてきが<05> カネではないという事が<05><5E><05> どうだ? スゴイすいりだろ?」<05>
01DA	23214c370549323535054931383505a275756f210520849806209c807c8620018a7c767983729921a305	#!<4C>7<05><49>255<05><49>185<05>「おおっ!<05> とりが わたしに 話しかけている!」<05>
01DC	26313305a2010201047b8f06207b979c9a99859d830520bee6d9c3b18a0c8f6f83729772137d055e052085867620936f849c9972016689052075779996769d0601fea305	&13<05>「司祭さまが さらわれるなんて<05> セガルテアはじまっていらいです<05><5E><05> なにか もっとわるい事の<05> おきるよかんが…」<05>
01DE	a2b6dadd7b8f062093146f837a979a830520bee6d9c3b189208b841b84060520149a8e1420ceaf847c8372997a8476055e052024317b9d20718580868a052072789720769d7c6c7c83932001ac98857278977210a305	「カレンさまが もどってこられて<05> セガルテアの ひとびとが<05> どれほど ホッとしていることか<05><5E><05> $1さん あなたには<05> いくら かんしゃしても 足りないくらいだ」<05>
01E0	23214c370549323535054931383505a284987b9d20b4dadd7b8f067b979c9a8089055e05209c7699768567a305	#!<4C>7<05><49>255<05><49>185<05>「とりさん エレンさまがさらわれたの<05><5E><05> わかるかなぁ」<05>
01E2	26313305a2b4dadd7b8f8a207a8901108905208d729c897c6e73816e73106f80898601fea305	&13<05>「エレンさまは この町の<05> へいわのしょうちょうだったのに…」<05>
01E4	26313405a2b6dadd7b8f212096780a1c0c1321a305	&14<05>「カレンさま! よくごぶじで!」<05>
01E6	a2b6dadd7b8f660520969b7c78758806727c8f7da305	「カレンさまを<05> よろしくおねがいします」<05>
01E8	23214c370549323535054931383505a2859d10673f7a8984983fa305	#!<4C>7<05><49>255<05><49>185<05>「なんだぁ?このとり?」<05>
01EA	a2b4dadd0102010406728578856f8376970520909d85200e9d0e9d0520099d7706208578856f818f6f8096055e0520728f8f13909d850620149a10790102010466052073948f6f8372807620b5da9396789c766f809601fea305	「エレン司祭がいなくなってから<05> みんな ぜんぜん<05> げんきが なくなっちまったよ<05><5E><05> いままでみんなが どれだけ司祭を<05> うやまっていたか オレもよくわかったよ…」<05>
01EC	2321323405233233050549323535054932303005205924318a20717c667d1d977e05202072148675818021215a052a383805	#!24<05>#23<05><05><49>255<05><49>200<05> <59>$1は あしをすべらせ<05>  いどにおちた!!<5A><05>*88<05>
01EE	5984788620769c6f807a848a85729673105a05	<59>とくに かわったことはないようだ<5A><05>
01F0	2321323305a2758f74899673852093897c988a207797720c6c052076749a2076749a21a305	#!23<05>「おまえのような ものしりは きらいじゃ<05> かえれ かえれ!」<05>
01F2	23214c3705a28eb08e6f8e20bab9baafba84208572839072a3054931353305	#!<4C>7<05>「ほーほっほ コケコッコと ないてみい」<05><49>153<05>
01F4	a2859d1020758f748a055e05209c068a728920939d10728605207e7276727c85799a1a0520758f7493208498867c8394990f21055e0520138a72780f21055e05207a89e9b0d10620f7dbe8d7d17b9a80898a20147a3fa305253405208473776e7305207b72808f05207685069c0520811a05	「なんだ おまえは<05><5E><05> わがはいの もんだいに<05> せいかいしなければ<05> おまえも とりにしてやるぞ!<05><5E><05> ではいくぞ!<05><5E><05> このゲームが プログラムされたのは どこ?」<05>%4<05> とうきょう<05> さいたま<05> かながわ<05> ちば<05>
01F6	2b3505	+5<05>
01F8	2b3305	+3<05>
01FA	2b3305	+3<05>
01FC	2b3205	+2<05>
01FE	49323535054931393705a2f6ddf9b0dd05207b7d062024312096780f7a8074800520900a840c6c21055e052075752071898498897a840c6c850520758f74892078811279130520899b7206847999967386207c8375780fa3052e323305	<49>255<05><49>197<05>「ピンポーン<05> さすが $1 よくぞこたえた<05> みごとじゃ!<05><5E><05> おお あのとりのことじゃな<05> おまえの くちづけで<05> のろいがとけるように しておくぞ」<05>.23<05>
0200	49323535054931393805a2fcb0b0b00520758f748a2084980c6c2105208a6f8a6f8a67a3052e4c37052a31333305	<49>255<05><49>198<05>「ブーーー<05> おまえは とりじゃ!<05> はっはっはぁ」<05>.<4C>7<05>*133<05>
0202	49323535054931383505a28498868a20739993898a857296a305	<49>255<05><49>185<05>「とりには うるものはないよ」<05>
0204	49323535054931383505a273818a2014731c821b6e73729d0c6c052085729621a305	<49>255<05><49>185<05>「うちは どうぶつびょういんじゃ<05> ないよ!」<05>
0206	49323535054931383505a2776c21200158015a20807d798321a305	<49>255<05><49>185<05>「きゃ! 先生 たすけて!」<05>
0208	49323535054931383505a284988a208492979a857296a305	<49>255<05><49>185<05>「とりは とめられないよ」<05>
020A	49323535054931383505a201da8a208a859a808377662001c201c413779905207c767c20017e8a2001c201c4011a0675757772055e05209c807c8a208498868f13208b84980a84660520727396738620856f837c8f6f80a305	<49>255<05><49>185<05>「弓は はなれたてきを 攻撃できる<05> しかし 剣は 攻撃力がおおきい<05><5E><05> わたしは とりにまで ひとりごとを<05> いうように なってしまった」<05>
020C	26313305a27a7a769720013c898e738d7278840520777a9889208c738c06207d9d13999d1079147b0520967820719d85847a9b130520fab9d3c986932094979a0d2078977c83727999968567055e052071728297859720b4dadd7b8f667b976f80d4c297660520937809777c8076932001349a85720fa305	&13<05>「ここから 東のほうへいくと<05> きこりの ふうふが すんでるんだけどさ<05> よく あんなところで<05> バケモノにも やられず くらしていけるよなぁ<05><5E><05> あいつらなら エレンさまをさらったヤツらを<05> もくげきしたかも 知れないぞ」<05>
020E	234c3705a27a8920bee6d9c3b17697200d6f842001fa867278840520b1d9fac66f83012e062071999d107914880520859d1393207d7a7c20769c6f80012e10847273018a1096a305	#<4C>7<05>「この セガルテアから ずっと 南にいくと<05> アルバニって村が あるんだけどね<05> なんでも すこし かわった村だという話だよ」<05>
0210	49323535054931383505a2738f7f731085a3052a32313305	<49>255<05><49>185<05>「うまそうだな」<05>*213<05>
0212	a2066f2120066f8f9d13779d21a305	「がっ! がっまんできん!」<05>
0214	a2068206822120d3e8d3e821a305	「がつがつ! モグモグ!」<05>
0216	a28e7320801d979a809d137d76055e05208f802075937c9b72018a0620716f80970520757c748378107b72a305	「ほう たべられたんですか<05><5E><05> また おもしろい話が あったら<05> おしえてください」<05>
0218	49323535054931383505a28072776c787d99016693208477868a05209573777199207a731473842072748f7d055e052001847206208c981084019a74998477868a05209810827d99938906208c7485727381860520841c9a9d7c6d731393207c83757801fe01fe055e05207c6f7c6f21a305	<49>255<05><49>185<05>「たいきゃくする事も ときには<05> ゆうきある こうどうと いえます<05><5E><05> 戦いが ふりだと思えるときには<05> りだつするものが ふえないうちに<05> とぶれんしゅうでも しておく……<05><5E><05> しっしっ!」<05>
021A	a209b06f1721208c7320738f766f80055e052077897e727620859d760520710c062024316f19766f807685a305	「げーっぷ! ふう うまかった<05><5E><05> きのせいか なんか<05> あじが $1っぽかったかな」<05>
021C	a275753fa305	「おお?」<05>
021E	a275943f20859d13aa207a986c3fa305	「おや? なんでェ こりゃ?」<05>
0220	a2756f842085867684019a741a0520013889ba06758183990c6c88aa7621055e05207572212014737c809d103f2075b07221052001fe01fe01fe01fe01fe01fe055e052073b09120014aaa207b8f7b88aa85207c768088aa210520966f7a977c6e21a305	「おっと なにかと思えば<05> 女のコがおちてるじゃねェか!<05><5E><05> おい! どうしたんだ? おーい!<05> ………………<05><5E><05> うーむ 目ェ さまさねェな しかたねェ!<05> よっこらしょ!」<05>
0222	a2b4dadd84b6dadd66207b976f80d4c297868272830520858676200c6e738e738a857289763fa305	「エレンとカレンを さらったヤツらについて<05> なにか じょうほうはないのか?」<05>
0224	a2bee6d9c3b189013c890146860520016a7b8572740620726f799d71988f7d0605209c807c8a207f7a06b1d4bcb2842086979d1375988f7d21a305	「セガルテアの東の森に<05> 小さないえが いっけんありますが<05> わたしは そこがアヤシイと にらんでおります!」<05>
0226	a2b1bdc4ced9d189010201049305207b979c9a8372997f73137d052085867620769d9a9d139320719989137c6e73763fa305	「アストホルムの司祭も<05> さらわれているそうです<05> なにか かんれんでも あるのでしょうか?」<05>
0228	a20110892001140180817678868a0520869d099d89200170138a85722001ac7184060520897a7b9a8372807f73137da305	「町の 出口ちかくには<05> にんげんの 物ではない 足あとが<05> のこされていたそうです」<05>
022A	a2013c890146898e738a208c827389869d099d138a052084839371997985729673851a7c6e137d0520fab9d3c9808106208b7f9d137299847d9a1a05207189718098768401fea305	「東の森のほうは ふつうのにんげんでは<05> とてもあるけないようなばしょです<05> バケモノたちが ひそんでいるとすれば<05> あのあたりかと…」<05>
022C	26313605a28f6f8301207b7221052072811420bee6d9c3b186207674978578838a01fe055e052001127820011089013a80818605209c807c891c0c662082807485799a1a85988f7e9da305	&16<05>「まって下さい!<05> いちど セガルテアに かえらなくては…<05><5E><05> 早く 町の人たちに<05> わたしのぶじを つたえなければなりません」<05>
022E	a2dbd7dd8a207a7ab1d9fac68901108672998477778f7c8005207b6720dbd7dd667b067c8f7c6e73a30540313705	「ロランは ここアルバニの町にいるとききました<05> さぁ ロランをさがしましょう」<05><40>17<05>
0230	a28f6f8301207b72210520bee6d9c3b186207674978578838a01fea305	「まって下さい!<05> セガルテアに かえらなくては…」<05>
0232	a27a89012e8920858f74660134988072763f05207a7a8a20b1d9fac610a305	「この村の なまえを知りたいか?<05> ここは アルバニだ」<05>
0234	2621323005a2dbd7dd7b9d8320b2b2014e106f809c968805208f807783789a8572767c97a305	&!20<05>「ロランさんて イイ男だったわよね<05> またきてくれないかしら」<05>
0236	a21b6e73729d8620bee6d9c3b1897c6d1b017a0605207299791420719d80972001349871723fa305253105	「びょういんに セガルテアのしゅび隊が<05> いるけど あんたら 知りあい?」<05>%1<05>
0238	a27189013a80812079066685757c83789a9905200108010a010c72062085768f86207285729d106f83055e05207906013a10977990807210769705207501368f728620726f8371098097a305	「あの人たち けがをなおしてくれる<05> 魔法使いが なかまに いないんだって<05><5E><05> けが人だらけみたいだから<05> お見まいに いってあげたら」<05>
023A	a2719a201b6e73729d860520750154208a976f83789a9989767c973fa305	「あれ びょういんに<05> お金 はらってくれるのかしら?」<05>
023C	a27a89012e89208f9c98869305207b72779d20fab9d3dd060114999d10060520726f80722085860a84859d103f0520757f9b7c786f83207f848d0114979a9d96a305	「この村の まわりにも<05> さいきん バケモンが出るんだが<05> いったい なにごとなんだ?<05> おそろしくって そとへ出られんよ」<05>
023E	a21b6e73729d867280dbd7dd6f83013a0520859d107620d6dbb284767783830520b6afba96766f808567055e0520758672816c9d89d6dbb205207f9a8678971d8320ecd01088a305	「びょういんにいたロランって人<05> なんだか ヨロイとかきてて<05> カッコよかったなぁ<05><5E><05> おにいちゃんのヨロイ<05> それにくらべて ジミだね」<05>
0240	a2b1ddc020013a8972748601266f8305208586946f839d103fa305	「アンタ 人のいえに入って<05> なにやってんだ?」<05>
0242	a27a89012e8a20729c010e668e6f83052082786f8371999d137d960520dcc0bc9320729c668e6f83052072746682786f809d137d055e05201076972084811c7f78859d8305207a89012e866c20769d0674979a8f7e9d94a305	「この村は いわ山をほって<05> つくってあるんですよ<05> ワタシも いわをほって<05> いえをつくったんです<05><5E><05> だから とちぶそくなんて<05> この村にゃ かんがえられませんや」<05>
0244	a27a7a8a201b6e73729d137d01fe0520139320728f8a208f9d7c82859d137d01fe055e0520859d1320729d816e7389dcbc06052072817281207a9d85016666729c866c85979d8910a305	「ここは びょういんです…<05> でも いまは まんしつなんです…<05><5E><05> なんで いんちょうのワシが<05> いちいち こんな事をいわにゃならんのだ」<05>
0246	2621323005a27a7a8a1b6e73729d01fe0520937c20b1c5c006770d82728084770520b1c5c08a7a7a862001f60198890a760a130520829a93147b9a055e05207f7c832081986e736673798305208f80201e73799d668a0c9299137c6e7301fea305	&!20<05>「ここはびょういん…<05> もし アナタがきずついたとき<05> アナタはここに 宝石のごかごで<05> つれもどされ<05><5E><05> そして ちりょうをうけて<05> また ぼうけんをはじめるでしょう…」<05>
0248	2621313805a27501368f72137d882014730fa305	&!18<05>「お見まいですね どうぞ」<05>
024A	a27501349871722072067220929d767213778f7e9da30526313705	「お知りあい いがい めんかいできません」<05>&17<05>
024C	2a313905	*19<05>
024E	a275880672137d210520dbd7dd8601569c7e8301207b7221a305	「おねがいです!<05> ロランに会わせて下さい!」<05>
0250	a2858676200c0c6e730671987f73137d8801fe05209c76988f7c80207d7a7c1079137d96a30540313805	「なにか じじょうがありそうですね…<05> わかりました すこしだけですよ」<05><40>18<05>
0252	a27b979c9a8001020104667b067c83993f05208e73207f986cd5b6b210055e05209c6f20757a9d857213789a960520bcacda89829398106f809d1096aba305	「さらわれた司祭をさがしてる?<05> ほう そりゃユカイだ<05><5E><05> わっ おこんないでくれよ<05> シャレのつもりだったんだよォ」<05>
0254	26313905a2716f20b6dadd7b8f05201c0c106f809d137d8821a305	&19<05>「あっ カレンさま<05> ぶじだったんですね!」<05>
0256	26323005a2b6dadd7b8f06207783789a830520149a8e14207a7a9b1296727a8476a305	&20<05>「カレンさまが きてくれて<05> どれほど こころづよいことか」<05>
0258	a22431148921208493860184728f7c6e73a305	「$1どの! ともに戦いましょう」<05>
025A	26323005a272828282828282a305	&20<05>「いつつつつつつ」<05>
025C	a27a73856f809720770d06728072859d830520726f83979a8f7e9d200184738990137d05202431148921a305	「こうなったら きずがいたいなんて<05> いってられません 戦うのみです<05> $1どの!」<05>
025E	26323005a2d1c6acd1c6ac01feb4dadd7b8f01fe05200a1c0c1301fed1c6ac01fee8e8e8a9a305	&20<05>「ムニャムニャ…エレンさま…<05> ごぶじで…ムニャ…グググゥ」<05>
0260	a2b4dadd7b8f207f7c8320cca8d8bd7b8f6605207685970d20776d737c6d827c8f7c6e7305202431148921a305	「エレンさま そして フィリスさまを<05> かならず きゅうしゅつしましょう<05> $1どの!」<05>
0262	26323005a2bdb001febdb001febdb001fea305	&20<05>「スー…スー…スー…」<05>
0264	a22431148920969b7c78758806727c8f7d01fea305	「$1どの よろしくおねがいします…」<05>
0266	a27f73137d2024317b9d8601fe05207c767c20b4dadd01427b9d8a208f10052001080170867b979c9a808f8f01fe055e05209c807c86932001427b9d66807d7999052075018e821072667b7e8301207b72a305	「そうです $1さんに…<05> しかし エレン姉さんは まだ<05> 魔物にさらわれたまま…<05><5E><05> わたしにも 姉さんをたすける<05> お手つだいをさせて下さい」<05>
0268	a2f0d21021207a9a8a2077799d85801b859d10052084839320b7d066829a838a7279857221a305	「ダメだ! これは きけんなたびなんだ<05> とても キミをつれてはいけない!」<05>
026A	a277799d85801b1076977a7f05200108010a010c7206208b8296738589137d055e0520099d867a737c8320b7ed6676728c7813770d860520909d852078997c9d1372990c6c71988f7e9d7621055e052075880672137d201473769c807c66052085768f8620789c748301207b7221a305	「きけんなたびだからこそ<05> 魔法使いが ひつようなのです<05><5E><05> げんにこうして キズをかいふくできずに<05> みんな くるしんでいるじゃありませんか!<05><5E><05> おねがいです どうかわたしを<05> なかまに くわえて下さい!」<05>
026C	a29c766f809620b5da898f791001fe055e05208272837899067272a305	「わかったよ オレのまけだ…<05><5E><05> ついてくるがいい」<05>
026E	26313905a2b6dadd2120b6dadd0c6c85727621052001fe01fe01fe01fe01fe0520b7d006b6dadd6620807d7983789a8089763fa305403139052a323005	&19<05>「カレン! カレンじゃないか!<05> ……………<05> キミがカレンを たすけてくれたのか?」<05><40>19<05>*20<05>
0270	2621323005a29c9a9c9a93207d0886052001147679990c6d9d1b667d9905207f84138f6f837283789a21a305	&!20<05>「われわれも すぐに<05> 出かけるじゅんびをする<05> そとでまっていてくれ!」<05>
0272	234c3105a2b6dadd66807d7983789a8005209a72662072729c7d9a8372808501fe052071980684730520b7d0868a2076986682786f837c8f6f8085055e05202431789d2077791a20b7d08901108901020104930520fab9d3c9149386207b979c9a807f731085055e05201473109b733f0520b4dadd80810102010466207d787201147d8092860520011a66719c7e96730c6c857276a3052b3205	#<4C>1<05>「カレンをたすけてくれた<05> れいを いいわすれていたな…<05> ありがとう<05> キミには かりをつくってしまったな<05><5E><05> $1くん きけば キミの町の司祭も<05> バケモノどもに さらわれたそうだな<05><5E><05> どうだろう?<05> エレンたち司祭を すくい出すために<05> 力をあわせようじゃないか」<05>+2<05>
0274	a29373728114777a730520726f7c6e8601020104776d737c6d8289809286052001849c8572763fa3052b3105	「もういちどきこう<05> いっしょに司祭きゅうしゅつのために<05> 戦わないか?」<05>+1<05>
0276	253105	%1<05>
0278	a2849386200184757320243121a3052a323105	「ともに 戦おう $1!」<05>*21<05>
027A	a28c6f01fe207f7376207f9a938f8020013a89015a77768001fe0520776e737e727d9901668a2013779d109b73a3052e4c3105	「ふっ… そうか それもまた 人の生きかた…<05> きょうせいする事は できんだろう」<05>.<4C>1<05>
027C	052059dbd7dd8901ca017a062085768f86856f80212105202024318920bbcca7b2b10620760694728021215a05052a2e3132320540323005	<05> <59>ロランの部隊が なかまになった!!<05>  $1の サファイアが かがやいた!!<5A><05><05>*.122<05><40>20<05>
027E	a29c807c890108010a1320776f840520dbd7dd8994788601306f83907e8f7da305	「わたしの魔法で きっと<05> ロランのやくに立ってみせます」<05>
0280	26323005a2dbd7dd6f83014e06207a8901588a77799d1076970520109a9384757d856f8301fe055e05209c0b9c0b207f9d850166729c8578806f830520109a93207f8486859d76011485729685a305	&20<05>「ロランって男が この先はきけんだから<05> だれもとおすなって…<05><5E><05> わざわざ そんな事いわなくたって<05> だれも そとになんか出ないよな」<05>
0282	a277799d106f8320726f839d89867b0520719d802014737c8393727889763fa305253105	「きけんだって いってんのにさ<05> あんた どうしてもいくのか?」<05>%1<05>
0284	a2848598011089e8d7c1aabdb68a0520bbb98990866c207a8074979a9d0110977c72791488055e05208f20fab9d3dd862094979a818f6f809705207f9a147a9b0c6c20857284019a730fa305	「となり町のグラチェスカは<05> サケのみにゃ こたえられん町らしいけどね<05><5E><05> ま バケモンに やられちまったら<05> それどころじゃ ないと思うぞ」<05>
0286	a27f737f73207a9d850a0c7e72866c0520727413200c6f847c8399867607996f8321a305	「そうそう こんなごじせいにゃ<05> いえで じっとしてるにかぎるって!」<05>
0288	a1b1d9fac6207c6e73839d0672a405	『アルバニ しょうてんがい』<05>
028A	a1817631767220801b89941405052020202020cec3d92071850897052020202020202075848f988a207a8197202020a405	『ちか1かい たびのやど<05><05>     ホテル あなぐら<05>       おとまりは こちら   』<05>
028C	a17906013a068c74838f7d05200c82986e78938572898620012e76970114809805207c857296738605202020202020202020202020729d816e73a405	『けが人がふえてます<05> じつりょくもないのに 村から出たり<05> しないように<05>            いんちょう』<05>
028E	a27b72779d20fab9d3c9060520739b816e9b7d99967386856f83769705200d721c9d20bbb966899086726f8388749d10055e0520848598011089e8d7c1aabdb686726f8305207593726f6f6f6f6f7798bbb9668990837496a305	「さいきん バケモノが<05> うろちょろするようになってから<05> ずいぶん サケをのみにいってねえんだ<05><5E><05> となり町のグラチェスカにいって<05> おもいっっっっっきりサケをのみてえよ」<05>
0290	a27f7372741a207a89717210052093897d0ab0782082967f738501080170060520013889ba668c8098767674830520e8d7c1aabdb689917a73898e738620849d13726f809ca305	「そういえば このあいだ<05> ものすごーく つよそうな魔物が<05> 女のコをふたりかかえて<05> グラチェスカのむこうのほうに とんでいったわ」<05>
0292	a2b1ddc093207a89e8d7c1aabdb6866c05207b79668990862077808976723f0520b3b2afb8a92120727201101088207a986ca305	「アンタも このグラチェスカにゃ<05> さけをのみに きたのかい?<05> ウイックゥ! いい町だね こりゃ」<05>
0294	a2b3b5b0aff72089907d07800520010601b4819c9868a305	「ウオーップ のみすぎた<05> 気持ちわりぃ」<05>
0296	a28d7280727b9d20726f7c6e86898f85723fa305253105	「へいたいさん いっしょにのまない?」<05>%1<05>
0298	a27a89207d791d21a305	「この すけべ!」<05>
029A	a2859d107221207a89b6c0fcc22121a305	「なんだい! このカタブツ!!」<05>
029C	a2bcacb0dcbe20bcacb0dcbea305	「シャーワセ シャーワセ」<05>
029E	a2bad7b02105207e6f76788c809813209398014c066f839989860520018a7c767983789980670520859d83201c7d7285d4dbb021a305	「コラー!<05> せっかくふたりで もり上がってるのに<05> 話しかけてくるたぁ<05> なんて ぶすいなヤロー!」<05>
02A0	a2b1ddc05b20726f80722072829d856f80970520b1ddc089727486827889966b5ba305	「アンタ<5B> いったい いつんなったら<05> アンタのいえにつくのよぉ<5B>」<05>
02A2	a274b020937376746f816c738975055e0520e8d7c1aabdb6890110660520936f842080897c9d13727685776c052076a574a57ba585a572a305	「えー もうかえっちゃうのお<05><5E><05> グラチェスカの町を<05> もっと たのしんでいかなきゃ<05> か・え・さ・な・い」<05>
02A4	a29373726f799d207278efabb021210520b1ddc0938277717376675b2121a305	「もういっけん いくゾォー!!<05> アンタもつきあうかぁ<5B>!!」<05>
02A6	a2b1d7207586727b9d20739d84bbb0fbbd7d9976970520b3c189907e1320726f157220899d137685723fa305253105	「アラ おにいさん うんとサービスするから<05> ウチのみせで いっぱい のんでかない?」<05>%1<05>
02A8	a20c6c712082728377832121a3052a323505	「じゃあ ついてきて!!」<05>*25<05>
02AA	a2ccddaf20859772729c96af21a305	「フンッ ならいいわよッ!」<05>
02AC	2e4c3105a28f0d8a207a89b5bbb966899d1301fe055e0520c8aa20b1ddc0207584858901386f830520816e6f8420776e73908567723fa30525340520018e66860799052001ac867b9c99050520776e7390857205	.<4C>1<05>「まずは このオサケをのんで…<05><5E><05> ネェ アンタ おとなの女って<05> ちょっと きょうみなぁい?」<05>%4<05> 手をにぎる<05> 足にさわる<05><05> きょうみない<05>
02AE	2e4c36052e214c3705a2b3ccaf208272837783a305	.<4C>6<05>.!<4C>7<05>「ウフッ ついてきて」<05>
02B0	2e214c36052e4c3705a2b3ccaf208272837783a305	.!<4C>6<05>.<4C>7<05>「ウフッ ついてきて」<05>
02B2	2e4c36052e4c3705a28f71207b7d0688055e05208272837783a305	.<4C>6<05>.<4C>7<05>「まあ さすがね<05><5E><05> ついてきて」<05>
02B4	2e214c36052e214c3705a2716f207f7301fea305	.!<4C>6<05>.!<4C>7<05>「あっ そう…」<05>
02B6	a28c20731c8801fe01fea3055e05052f350549313339052059354784979a805a0505055e05a28e9d7786856f816cf0d29621a305	「ふ うぶね……」<05><5E><05><05>/5<05><49>139<05> <59>5<47>とられた<5A><05><05><05><5E><05>「ほんきになっちゃダメよ!」<05>
02B8	a2719d20787d086f80729da3055e05052f380549313339052059384784979a805a0505055e05a275907e0c6c207a7a8f138589a305	「あん くすぐったいん」<05><5E><05><05>/8<05><49>139<05> <59>8<47>とられた<5A><05><05><05><5E><05>「おみせじゃ ここまでなの」<05>
02BA	a201fe01fe01fe01fe01fe01fe01fe01fe052001fe01fe01fe01fe01fe01fe01fe01fe055e05209c76728986200c6e730d85898801fea3055e05052f3132054931333905205931324784979a805a0505055e05a28e9d778620856f816c727f7301fe01fea305	「……………………<05> ……………………<05><5E><05> わかいのに じょうずなのね…」<05><5E><05><05>/12<05><49>139<05> <59>12<47>とられた<5A><05><05><05><5E><05>「ほんきに なっちゃいそう……」<05>
02BC	a2b3afccdd208f8077838821a305	「ウッフン またきてね!」<05>
02BE	a27b72779d8a207a9d85847a9b86930520fab9d3c90671979c9a94066f8305207b79139320898f85776c20946f83979d886a5b942121a305	「さいきんは こんなところにも<05> バケモノがあらわれやがって<05> さけでも のまなきゃ やってらんねぇ<5B>や!!」<05>
02C0	a2c1b8bcaeb02120b5da106f83856705207b979c9a999673852076890c6e8905208b8498789772208e7c720c6c886a76210520fab6d4dbab5b2121a305	「チクショー! オレだってなぁ<05> さらわれるような かのじょの<05> ひとりくらい ほしいじゃねぇか!<05> バカヤロォ<5B>!!」<05>
02C2	a2b3c120c4b3c1acdd93b6b1c1acdd930520726f8293207b79899086726f808f8f052076746f83207a85729d1005208c986e738685987f738520feb801fea305	「ウチ トウチャンもカアチャンも<05> いっつも さけのみにいったまま<05> かえって こないんだ<05> ふりょうになりそうな ボク…」<05>
02C4	a2cfcfb02001127876746f8377836a5ba305	「ママー 早くかえってきてぇ<5B>」<05>
02C6	a2018a7c7679857213789a0520b9ddb6897b72816d73859d1021055e0520cab0dad189207c6d0c9d8a200c828a7272d4c2106f8305207381890c727b9d86207772809d1096a3052e4c3205	「話しかけないでくれ<05> ケンカのさいちゅうなんだ!<05><5E><05> ハーレムの しゅじんは じつはいいヤツだって<05> うちのじいさんに きいたんだよ」<05>.<4C>2<05>
02C8	a26f8078207a89b5da89917672867299014e05208f99139c766f8385728821055e0520cab0dad189207c6d0c9d8a20fab9d3c989837b777b0520739c7b0c6c207b72779d209c767201380102010406052071817a8113207b979c9a83997f730c6c85727621055e0520759a86729c7e986c208a9d869d8a0520cab0dad189207c6d0c9d1088a3052e4c3305	「ったく このオレのむかいにいる男<05> まるでわかってないね!<05><5E><05> ハーレムの しゅじんは バケモノのてさきさ<05> うわさじゃ さいきん わかい女司祭が<05> あちこちで さらわれてるそうじゃないか!<05><5E><05> おれにいわせりゃ はんにんは<05> ハーレムの しゅじんだね」<05>.<4C>3<05>
02CA	a2c1b8bcaeb00520776e738a207a89789772867c8472809b76a305	「チクショー<05> きょうは このくらいにしといたろか」<05>
02CC	a2751e748394069aa305	「おぼえてやがれ」<05>
02CE	26333005233305a2717120859d837a6f80720520907e89011c0692816c78816c1067055e0520719d80208c8098897172108601266f830520b9ddb66684928301207b7296a305	&30<05>#3<05>「ああ なんてこったい<05> みせの中がめちゃくちゃだぁ<05><5E><05> あんた ふたりのあいだに入って<05> ケンカをとめて下さいよ」<05>
02D0	26333005234c3405a271980684730a0b728f7c80052001fe716f212071898c80980520769d0c6e738a979c857213727794066f80055e0520c1b8bcaeb021a305	&30<05>#<4C>4<05>「ありがとうございました<05> …あっ! あのふたり<05> かんじょうはらわないでいきやがった<05><5E><05> チクショー!」<05>
02D2	234c3405a27a737273bcafb885907e930520808f868a207272939d137c6e3fa305	#<4C>4<05>「こういうシックなみせも<05> たまには いいもんでしょ?」<05>
02D4	234c3505a2b1ddc020ceddc4867189b5ddc5840520b7bd7c85721396766f8096055e052071986c209573927285b5b6cf1096a305	#<4C>5<05>「アンタ ホントにあのオンナと<05> キスしないでよかったよ<05><5E><05> ありゃ ゆうめいなオカマだよ」<05>
02D6	a2b1ddc020717483727379140520b1ddc006b7bd7c8380b5ddc58801fe055e052071986c209573927285b5b6cf1096a3052a32333105	「アンタ あえていうけど<05> アンタがキスしてたオンナね…<05><5E><05> ありゃ ゆうめいなオカマだよ」<05>*231<05>
02D8	233305a2011278207189b9ddb6660520849283c1aeb0f0b22121a305	#3<05>「早く あのケンカを<05> とめてチョーダイ!!」<05>
02DA	a28f675b212080788f7c72757680212105209373dcc0bc20d2dbd2db055e0520c1adb07c8320c1adb02121a3052e4c34052e333305253105	「まぁ<5B>! たくましいおかた!!<05> もうワタシ メロメロ<05><5E><05> チューして チュー!!」<05>.<4C>4<05>.33<05>%1<05>
02DC	49323535054931393305a11c816d5b5b5b5b5b5b5b5ba405052a2e323332055e05a2dd5bdd20718f0d6f157221a3052e4c3505	<49>255<05><49>193<05>『ぶちゅ<5B><5B><5B><5B><5B><5B><5B><5B>』<05><05>*.232<05><5E><05>「ン<5B>ン あまずっぱい!」<05>.<4C>5<05>
02DE	a28586966f2120829a8572013a6f2121a305	「なによっ! つれない人っ!!」<05>
02E0	26333005a2b1ddc02001346f839976723f05209c7672013866718292830520cab0dad182786f8399d4c20672996f83055e05201473946f8320013866829a8378999d109b73850520b1d4bcb284019a9c857276723fa305	&30<05>「アンタ 知ってるかい?<05> わかい女をあつめて<05> ハーレムつくってるヤツがいるって<05><5E><05> どうやって 女をつれてくるんだろうな<05> アヤシイと思わないかい?」<05>
02E2	a2b1ddc02001346f839976723f0520cab0dad189207c6d0c9d836a898a05208e9d84738ab2b2d4c2106f8320018a1079147b055e0520859d102001346f839d8901fea305	「アンタ 知ってるかい?<05> ハーレムの しゅじんてぇのは<05> ほんとうはイイヤツだって 話だけどさ<05><5E><05> なんだ 知ってんの…」<05>
02E4	a2cab0dad189018a6677728076963fa305253105	「ハーレムの話をきいたかよ?」<05>%1<05>
02E6	a2b1ddc09320cab0dad1827898807205206f837273c0b2f790836a108520b5b2a305	「アンタも ハーレムつくりたい<05> っていうタイプみてぇだな オイ」<05>
02E8	a2b3b0afcbafcbafcb20757c748572afa305	「ウーッヒッヒッヒ おしえないッ」<05>
02EA	26333005a29383836a856721055e0520cab0dad182786f8399d4c26f83898a0520966f19149383999d1085a305	&30<05>「もててぇなぁ!<05><5E><05> ハーレムつくってるヤツってのは<05> よっぽどもてるんだな」<05>
02EC	a29383836a856721055e0520139320cab0dad182786f8399d4c2106f8305207f9d85862072727a841a6f769813932085729d109b7385a305	「もててぇなぁ!<05><5E><05> でも ハーレムつくってるヤツだって<05> そんなに いいことばっかりでも ないんだろうな」<05>
02EE	26333005a2c5c6200138667b979c9a803f05207f986c20cab0dad18620829a83769a809d0c6c887489763f05201d8286207a9d776e8a8572791496a305	&30<05>「ナニ 女をさらわれた?<05> そりゃ ハーレムに つれてかれたんじゃねえのか?<05> べつに こんきょはないけどよ」<05>
02F0	a2cab0dad189207c6d0c9d937b6720ecc28a05207f9d8586209c9972d4c20c6c20886a9d0c6c886a89763f05201d8286207a9d776e8a8572791496a305	「ハーレムの しゅじんもさぁ ジツは<05> そんなに わるいヤツじゃ ねぇんじゃねぇのか?<05> べつに こんきょはないけどよ」<05>
02F2	a2d8b8b4bdc48a8586663fa30525350520e8d7c1aabdb689968a8c79830520e8d7c1aabdb689807f069a052071727c6d7389e8d7c1aabdb60520cab0dad1986e0c6e73052027d8b8b4bdc47c857205	「リクエストはなにを?」<05>%5<05> グラチェスカのよはふけて<05> グラチェスカのたそがれ<05> あいしゅうのグラチェスカ<05> ハーレムりょじょう<05> 'リクエストしない<05>
02F4	49323535054931353605a2d9d9d95b20e8d7c1aabdb65b0520969986856f8097208f6f7897105b0520b15b859d13109b208c7c0710855ba3055e05a20c828a20728f20837784738682786f809d137da305	<49>255<05><49>156<05>「ルルル<5B> グラチェスカ<5B><05> よるになったら まっくらだ<5B><05> ア<5B>なんでだろ ふしぎだな<5B>」<05><5E><05>「じつは いま てきとうにつくったんです」<05>
02F6	49323535054931353705a2e8d7c1aabdb6868b067581835b05208f81867176980620ccccddccccdd0520ccddccddccccddcc20ccccddccddccdda3055e05a20c828a20767c6620751e748385729d137da305	<49>255<05><49>157<05>「グラチェスカにひがおちて<5B><05> まちにあかりが フフンフフン<05> フンフンフフンフ フフンフンフン」<05><5E><05>「じつは かしを おぼえてないんです」<05>
02F8	49323535054931353805a2b1b1ddb1dd2071727c6d735b5b5b21a3055e05a20c828a207a897380207a9a1079859d137da305	<49>255<05><49>158<05>「アアンアン あいしゅう<5B><5B><5B>!」<05><5E><05>「じつは このうた これだけなんです」<05>
02FA	49323535054931353905a2b1b15b20ca5bdad17272847a9b0520f0da938f10726f807a848a85725b052014739320726f8390807285cab0dad18d5b0520ca5b20cab0dad120cab0dad1a3055e05a2013e7697778020801b1b84860520757f9c6f807380859d137d7914a305	<49>255<05><49>159<05>「アア<5B> ハ<5B>レムいいところ<05> ダレもまだいったことはない<5B><05> どうも いってみたいなハーレムへ<5B><05> ハ<5B> ハーレム ハーレム」<05><5E><05>「西からきた たびびとに<05> おそわったうたなんですけど」<05>
02FC	a2dd5baf20b9c1af2121a305	「ン<5B>ッ ケチッ!!」<05>
02FE	a2b2d7b2d7b2d7b2d7055e0520b2d7b2d7b2d7b2d7b2d7b2d7b2d7b2d7055e0520dcbcac20728f779d7c6d667c84999d100520b2d7b2d7b2d7b2d701fe01fe055e05208f1072808976212120b2d7b2d701fe01fea305	「イライライライラ<05><5E><05> イライライライライライライライラ<05><5E><05> ワシャ いまきんしゅをしとるんだ<05> イライライライラ……<05><5E><05> まだいたのか!! イライラ……」<05>
0300	42322033054231203205a27a7a06209a7289cab0dad1977c728501fe055e05423220310520b4dadd8a207a7a8620840c7a92979a830520729989763f01fe01fe055e0542322033052084867678207a899476808971990c86207175730c6c857276a305423120310540323405	<42>2 3<05><42>1 2<05>「ここが れいのハーレムらしいな…<05><5E><05><42>2 1<05> エレンは ここに とじこめられて<05> いるのか?……<05><5E><05><42>2 3<05> とにかく このやかたのあるじに あおうじゃないか」<05><42>1 1<05><40>24<05>
0302	a2801b89757680137d763fa305253105	「たびのおかたですか?」<05>%1<05>
0304	a2138a207582769a137c6e7301fe052014730f2075015c9086856f8301207b7205203276728901407578898d948d14730f055e05207906667b9a837299013a8a209c807c808106052081986e737c8375778f7d88a305413220322031052a333205	「では おつかれでしょう…<05> どうぞ お休みになって下さい<05> 2かいの右おくのへやへどうぞ<05><5E><05> けがをされている人は わたしたちが<05> ちりょうしておきますね」<05><41>2 2 1<05>*32<05>
0306	a2138a2075816c13930520899d1372778f7e9d763f05203276728901407578898d948d14730f055e05207906667b9a837299013a8a209c807c808106052081986e737c8375778f7d88a305413220322031052a333205	「では おちゃでも<05> のんでいきませんか?<05> 2かいの右おくのへやへどうぞ<05><5E><05> けがをされている人は わたしたちが<05> ちりょうしておきますね」<05><41>2 2 1<05>*32<05>
0308	a2b5d9dbcc899476808d2096737a7fa3052a333305	「オルロフのやかたへ ようこそ」<05>*33<05>
030A	a2b5d9dbcc01fe0520b5d9dbcc847273014e060520b4dadd667b976f8089762121a305	「オルロフ…<05> オルロフという男が<05> エレンをさらったのか!!」<05>
030C	a2717101fe20c3a8cca789016606207c9d1572109c0520c3a8cca78a1c0c767c9701fe0520b5d9dbcc7b8f201473019a9c9a8f7d763f01fe01fe055e05207197212075776c787b8f137c807605207c829a727c8f7c80052014730f200a956f7898a305	「ああ… ティファの事が しんぱいだわ<05> ティファはぶじかしら…<05> オルロフさま どう思われますか?……<05><5E><05> あら! おきゃくさまでしたか<05> しつれいしました<05> どうぞ ごゆっくり」<05>
030E	a272976f7c6c728f7e2014730f200a956f7898a3052a333405	「いらっしゃいませ どうぞ ごゆっくり」<05>*34<05>
0310	a201fe8d9d108501fe01fe05207b979c9a83778001388081867c838a0520d0aeb08620867a94760c6c85727601fe01fea305	「…へんだな……<05> さらわれてきた女たちにしては<05> ミョーに にこやかじゃないか……」<05>
0312	a296737a7f0520728f20986e7398662082786f838f7d8913055e05423320310520139320b6cff489816e737c069c9978830520728f8b8482859d137d9601fe055e052074726f2120816c9d847c857b726f21a3052a343105	「ようこそ<05> いま りょうりを つくってますので<05><5E><05><42>3 1<05> でも カマドのちょうしがわるくて<05> いまひとつなんですよ…<05><5E><05> えいっ! ちゃんとしなさいっ!」<05>*41<05>
0314	a27197719701fe01fea305	「あらあら……」<05>
0316	a27d728f7e9d20728f20770674816d730520859d137d7914209a7207137d8913055e052096737a7f20b5d9dbcc899476808da305	「すいません いま きがえちゅう<05> なんですけど れいぎですので<05><5E><05> ようこそ オルロフのやかたへ」<05>
0318	a29c807c8920986e737c9d8a0520726f807220147a86729989767c9701fea305	「わたしの りょうしんは<05> いったい どこにいるのかしら…」<05>
031A	a29c807c80818a20719920989573130520018473209a9d7c6d7366207c8372999d137da305	「わたしたちは ある りゆうで<05> 戦う れんしゅうを しているんです」<05>
031C	a2817612788420711c8572137d96a305	「ちかづくと あぶないですよ」<05>
031E	a214730f200a0c957386200136015e7c8301207b72a305	「どうぞ ごじゆうに 見学して下さい」<05>
0320	a2b5d9dbcc7b8f8a2072820520801b10822075829398859d137c6e7301fea305	「オルロフさまは いつ<05> たびだつ おつもりなんでしょう…」<05>
0322	a27a898d941320758f8101207b72a3052a343305	「このへやで おまち下さい」<05>*43<05>
0324	a27c8f6f8020840c7a92979a8021a305	「しまった とじこめられた!」<05>
0326	234c3205a2859d837a841001fe2014737d993f202431a3052a333705	#<4C>2<05>「なんてことだ… どうする? $1」<05>*37<05>
0328	234c3305a2dcc576937c9a85720f2120243105208c6f01fe7a89b5da06207a9d8520817e828580789790860520cacf9984139320019a6f83729989763fa305	#<4C>3<05>「ワナかもしれないぞ! $1<05> ふっ…このオレが こんな ちせつなたくらみに<05> ハマるとでも 思っているのか?」<05>
032A	a201fe01fe01fe01fe01fe01fe01fe01fe01fe01fe01fea305	「……………………………」<05>
032C	a27501808620719c85727693207c9a8f7e9d060520c4d889986e739866207593817c8f7c800520b5d9dbcc7b8f06052010727a731c828593891301fea305	「お口に あわないかも しれませんが<05> トリのりょうりを おもちしました<05> オルロフさまが<05> だいこうぶつなもので…」<05>
032E	a2816e6f84207a09837c8f728f7c800601fe052014730f20927c71066f8301207b72055e05207f9b7f9bb5d9dbcc7b8f93207a819786052001367499137c6e737697a3052e4c3205	「ちょっと こげてしまいましたが…<05> どうぞ めしあがって下さい<05><5E><05> そろそろオルロフさまも こちらに<05> 見えるでしょうから」<05>.<4C>2<05>
0330	26323505a2750180862071728f7c833fa30540323505	&25<05>「お口に あいまして?」<05><40>25<05>
0332	a2b5d9dbcc7b8f01fe20a305	「オルロフさま… 」<05>
0334	a27a899476808971990c662001147b857276210520b4dadd667b976f80898a209c766f8372999d100520b7d0808193207b979c9a8089109b733f055e05207a89b5da0620b5d9dbcc8494976605207e721a727c83907e9921a305	「このやかたのあるじを 出さないか!<05> エレンをさらったのは わかっているんだ<05> キミたちも さらわれたのだろう?<05><5E><05> このオレが オルロフとやらを<05> せいばいしてみせる!」<05>
0336	a28106728f7d2120849d13938572eab6b2137d05209c807c80818a20909d85209096980685788301fe055e0542352030052073740c867c7f738520847a9b6620b5d9dbcc7b8f8605208b9b9c9a207f1083979a8089137d055e054235203205207f9a6620011089013a80818a20b5d9dbcc7b8f06052075015401b4811076976f8320946f769d13999d137d05207a9d858620947b7c7276808a01fe01fea305	「ちがいます! とんでもないゴカイです<05> わたしたちは みんな みよりがなくて…<05><5E><05><42>5 0<05> うえじにしそうな ところを オルロフさまに<05> ひろわれ そだてられたのです<05><5E><05><42>5 2<05> それを 町の人たちは オルロフさまが<05> お金持ちだからって やっかんでるんです<05> こんなに やさしいかたは……」<05>
0338	4235203005a2716f01fe20b5d9dbcc7b8f21a305	<42>5 0<05>「あっ… オルロフさま!」<05>
033A	a296737a7f01fe90857b9d055e05207a9d85847a9b6620801b7d99859d830520966f19148901660620716f8089137c6e7301fe055e05200c828a209c807c93208176727381860520801b86200114998293988589137d960520847273899301fe055e05209c807c8a2090969889857220917d92668b77846f838a05207f108383729989137d0601fe055e0520c3a8cca78472737a0620859d84fab9d3c98605207b979c9a837c8f6f8089137d21a305	「ようこそ…みなさん<05><5E><05> こんなところを たびするなんて<05> よっぽどの事が あったのでしょう…<05><5E><05> じつは わたしも ちかいうちに<05> たびに 出るつもりなのですよ<05> というのも…<05><5E><05> わたしは みよりのない むすめをひきとっては<05> そだてているのですが…<05><5E><05> ティファというこが なんとバケモノに<05> さらわれてしまったのです!」<05>
033C	a22101fe01fe01fe01fea305	「!…………」<05>
033E	a29c9a9c9a93207b979c9a80013866207b067c83729989100520011089013a808186207a89947680062071947c7284052077728320946f83778089100601fe01fe055e0542322033052014739320907a9081067289967310a3052e4c3305	「われわれも さらわれた女を さがしているのだ<05> 町の人たちに このやかたが あやしいと<05> きいて やってきたのだが……<05><5E><05><42>2 3<05> どうも みこみちがいのようだ」<05>.<4C>3<05>
0340	a2758c809806200138016266207b067c8372997a848a05207d0886209c76988f7c809601fe01fe055e05207185808901b46f837299207f89c3a8b1d701fe05207f9a8a20013801629673890170137d769788055e05201473137c6e732075850c9378837789801b85971a05209c807c80818420011a66719c7e8f7e9d763fa3052b3105	「おふたりが 女性を さがしていることは<05> すぐに わかりましたよ……<05><5E><05> あなたの持っている そのティアラ…<05> それは 女性ようの物ですからね<05><5E><05> どうでしょう おなじもくてきのたびならば<05> わたしたちと 力をあわせませんか?」<05>+1<05>
0342	253105	%1<05>
0344	a271980684730a0b728f7d055e05207b71207f7384778f9a1a207972771279137d0520c4d8986e739813208a970a7c97747c8f7c6e73055e0542352032054234203305207b7120936f84986e73986620936f83778375789a21a3055e05052059b5d9dbcc8901ca017a062085768f86789c9c6f802105202024318920bbcca7b2b10620760694728021215a05052a2e3132320540323605463133203305463134203905463135203231054631362032320546313720323305463138203234055e05a27594208586767a09787b7220967310063fa3050505052a333805	「ありがとうございます<05><5E><05> さあ そうときまれば けいきづけです<05> トリりょうりで はらごしらえしましょう<05><5E><05><42>5 2<05><42>4 3<05> さあ もっとりょうりを もってきておくれ!」<05><5E><05><05> <59>オルロフの部隊が なかまにくわわった!<05>  $1の サファイアが かがやいた!!<5A><05><05>*.122<05><40>26<05><46>13 3<05><46>14 9<05><46>15 21<05><46>16 22<05><46>17 23<05><46>18 24<05><5E><05>「おや なにかこげくさい ようだが?」<05><05><05><05>*38<05>
0346	a27c767c207172838a748072897c9a8572d4c297137d05209c807c80818920011a1079138a01fe052075880672137d2084938601846f8301207b72a3052d3205	「しかし あいてはえたいのしれないヤツらです<05> わたしたちの 力だけでは…<05> おねがいです ともに戦って下さい」<05>-2<05>
0348	a280728d9d137d21212001600166137daf21210520986e7398967389b6cff406208272860160668c778f7c8021a305	「たいへんです!! 火事ですッ!!<05> りょうりようのカマドが ついに火をふきました!」<05>
034A	a28501fe859d842121a305	「な…なんと!!」<05>
034C	a2967c20016066797d898a20b5da868f767e9b210542322031052024318a200138808166208b859d7b7e999d1021a305	「よし 火をけすのは オレにまかせろ!<05><42>2 1<05> $1は 女たちを ひなんさせるんだ!」<05>
034E	a2716f20b5d9dbcc7b8f0672857221a305	「あっ オルロフさまがいない!」<05>
0350	a2b1b0af20327672890168898f14860520b5d9dbcc7b8f0621a305	「アーッ 2かいの左のまどに<05> オルロフさまが!」<05>
0352	a27a8920d7f6bdd7edd889951b9c10798a052014737c839320938101147c80766f809d137d9601fe052096766f802096766f8001fea30540333005	「この ラピスラズリのゆびわだけは<05> どうしても もち出したかったんですよ…<05> よかった よかった…」<05><40>30<05>
0354	a28ab02094768093209479837c8f728f7c8005207a9a932090857b9d8420726f7c6e8605207b979c9a80c3a8cca766207b067e8472730520751e7c927c137c6e73055e05207b6720e8d7c1aabdb68d726f830520801b890c6d9d1b6620848489748f7c6e7301fea3052a31373805	「はー やかたも やけてしまいました<05> これも みなさんと いっしょに<05> さらわれたティファを さがせという<05> おぼしめしでしょう<05><5E><05> さぁ グラチェスカへいって<05> たびのじゅんびを ととのえましょう…」<05>*178<05>
0356	a271712096766f8020b5d9dbcc7b8fa305	「ああ よかった オルロフさま」<05>
0358	a27a9a76978a209c807c808193052024317b9d8985768f137d052014730f20969b7c78758806727c8f7da305	「これからは わたしたちも<05> $1さんのなかまです<05> どうぞ よろしくおねがいします」<05>
035A	a20e9d729d201c0c85890605208c7a73011c897b729c72108501fe01fea305	「ぜんいん ぶじなのが<05> ふこう中のさいわいだな……」<05>
035C	234c3305a27a89012e89858f748a20d0d9c4dd0520d7f6bdd7edd889200a760a867b7b74979a80011096a305	#<4C>3<05>「この村のなまえは ミルトン<05> ラピスラズリの ごかごにささえられた町よ」<05>
035E	a2719720717c0620850678856f809d0c6c85723f055e0520746f3f20bcb0b8daafc4fcb0c285893f05200e9d0e9d207706827685766f809ca305	「あら あしが ながくなったんじゃない?<05><5E><05> えっ? シークレットブーツなの?<05> ぜんぜん きがつかなかったわ」<05>
0360	26333305a2d0d9c4dd89012e1320717f1d99847a9b8472741a05208f6720d0d9c4ddfab07897721085a305	&33<05>「ミルトンの村で あそべるところといえば<05> まぁ ミルトンバーくらいだな」<05>
0362	23214c3305a275752090810674800c6c85727605207a9a859720109a93207706827685720ea305	#!<4C>3<05>「おお みちがえたじゃないか<05> これなら だれも きがつかないぜ」<05>
0364	2e4c3305a2758f74207272014e1079140520816e6f84207e068b7872890620859d108567b0055e05207a9a208a7283909b96a3055e050549323535054931353505205924318a052020bcb0b8daafc4fcb0c26620767c8393976f805a0505	.<4C>3<05>「おまえ いい男だけど<05> ちょっと せがひくいのが なんだなぁー<05><5E><05> これ はいてみろよ」<05><5E><05><05><49>255<05><49>155<05> <59>$1は<05>  シークレットブーツを かしてもらった<5A><05><05>
0366	234c3305a2859d76207a890a9b20d7f6bdd7edd8890a760a060520737d9a8096738577067d999d10791401fe01fe055e05208f200106897e729688a305	#<4C>3<05>「なんか このごろ ラピスラズリのごかごが<05> うすれたようなきがするんだけど……<05><5E><05> ま 気のせいよね」<05>
0368	a28c8c6f05200e9d0e9d207706827685729ca305	「ふふっ<05> ぜんぜん きがつかないわ」<05>
036A	234c3305a27a9a769720d0d9c4ddfab086727889055e0520717f7a89757b798a207d9d0a7875727c7276970520827282722089907d07816c73899688a305	#<4C>3<05>「これから ミルトンバーにいくの<05><5E><05> あそこのおさけは すんごくおいしいから<05> ついつい のみすぎちゃうのよね」<05>
036C	a224317b9d6f83207e068076766f80898805208c7c0e9d0c6c2085729c96a305	「$1さんって せがたかかったのね<05> ふしぜんじゃ ないわよ」<05>
036E	234c3305a27a898f7420fab9d3c9808106850520f0d9fbb1890110898e73862091766f83800f0520909d85132076789a839083809d10a305	#<4C>3<05>「このまえ バケモノたちがな<05> ダルビアの町のほうに むかってたぞ<05> みんなで かくれてみてたんだ」<05>
0370	a275756f05207706827688740f21a305	「おおっ<05> きがつかねえぞ!」<05>
0372	a2d0d9c4ddfab0897b798a20738f72137c6e3fa305253105	「ミルトンバーのさけは うまいでしょ?」<05>%1<05>
0374	2b3305	+3<05>
0376	234c3305a2719d8020d0d9c4dd8f13778305207a7a897b7966898f85729d0c6c20fab696a305	#<4C>3<05>「あんた ミルトンまできて<05> ここのさけをのまないんじゃ バカよ」<05>
0378	a2719d8020d0d9c4dd8f13778305207a7a897b7966898f85729d0c6c20fab696055e0520847a9b13200e9d0e9d208c7c0e9d0c6c85720ea305	「あんた ミルトンまできて<05> ここのさけをのまないんじゃ バカよ<05><5E><05> ところで ぜんぜん ふしぜんじゃないぜ」<05>
037A	234c3305a271986c20b5da7b8f0673901d8901100520f0d9fbb18f13726f83207c729a83999d100ea305	#<4C>3<05>「ありゃ オレさまがうみべの町<05> ダルビアまでいって しいれてるんだぜ」<05>
037C	a271986c20b5da7b8f0673901d8901100520f0d9fbb18f13726f83207c729a83999d100e055e0520847a9b13200e9d0e9d208c7c0e9d0c6c88740fa305	「ありゃ オレさまがうみべの町<05> ダルビアまでいって しいれてるんだぜ<05><5E><05> ところで ぜんぜん ふしぜんじゃねえぞ」<05>
037E	234c3305a27a7a20d0d9c4dd8ad7f6bdd7edd889010201040605207d9101100c6c96055e0520848a726f839320d7f6bdd7edd889010201048a2010721072052001a601566601b4800d208b6f7f9884828074979a8399891385055e0520147a867599768a20dcbc869305209c76979d890c6c9620ccabaf20ccabafa305	#<4C>3<05>「ここ ミルトンはラピスラズリの司祭が<05> すむ町じゃよ<05><5E><05> とはいっても ラピスラズリの司祭は だいだい<05> 数会を持たず ひっそりとつたえられてるのでな<05><5E><05> どこにおるかは ワシにも<05> わからんのじゃよ フォッ フォッ」<05>
0380	a296782086716f837599896b055e0520729420859d1393857220ccabaf20ccabafa305	「よく にあっておるのぉ<05><5E><05> いや なんでもない フォッ フォッ」<05>
0382	234c3305a2c1aeb28420cfcf7b9d210520b5da898e7306207272b5c4ba979b055e052001fe7172837c83789a966b5b21a305	#<4C>3<05>「チョイと ママさん!<05> オレのほうが いいオトコらろ<05><5E><05> …あいてしてくれよぉ<5B>!」<05>
0384	a2738b6e6b5b055e0520ecacddfea5cfafb8bd768475936f80970520859d102024310c6c887476a305	「うひょぉ<5B><05><5E><05> ジャンボ・マックスかとおもったら<05> なんだ $1じゃねえか」<05>
0386	234c3305a2719720816e6f84207272b5c4ba0c6c8572895b05207a89011086207a9d857272b5c4ba7280893fa305	#<4C>3<05>「あら ちょっと いいオトコじゃないの<5B><05> この町に こんないいオトコいたの?」<05>
0388	a290810674816c6f809c8805200e9d0e9d207706827685729ca305	「みちがえちゃったわね<05> ぜんぜん きがつかないわ」<05>
038A	26213333052b3405	&!33<05>+4<05>
038C	23214c3105a2cca8d8bd01fe20c3a8cca7207f7c8320b4dadd01fe055e0520fab9d3c914938a2033013a938901020104667b976f830520726f8072c5c66601fe055e052001fe01fe2020cbafb82001fe01fe0520726f8072c5c666208a0c9296738472739d103fa305	#!<4C>1<05>「フィリス… ティファ そして エレン…<05><5E><05> バケモノどもは 3人もの司祭をさらって<05> いったいナニを…<05><5E><05> ……  ヒック ……<05> いったいナニを はじめようというんだ?」<05>
038E	26333005a2243120948a9820b4dadd84cca8d8bd8a0520cab0dad186207b979c9a80868106728572055e05207a9a7697139320757f788a8572052093146f8320cab0dad1862091769c8572763fa305	&30<05>「$1 やはり エレンとフィリスは<05> ハーレムに さらわれたにちがいない<05><5E><05> これからでも おそくはない<05> もどって ハーレムに むかわないか?」<05>
0390	a2b5d9dbcc66207380066f837280859d830520b5da93201473767c8372809d10055e0520b5d9dbcc2095997c83789a055e052001fe01fe20cbafb8212001fe01fea305	「オルロフを うたがっていたなんて<05> オレも どうかしていたんだ<05><5E><05> オルロフ ゆるしてくれ<05><5E><05> …… ヒック! ……」<05>
0392	234c3305a21473949720776e738a2089907d078096731001fea305	#<4C>3<05>「どうやら きょうは のみすぎたようだ…」<05>
0394	a28c6f05207706827685720f202431a305	「ふっ<05> きがつかないぞ $1」<05>
0396	2621333305a2966f807e7276202431897c9d816e7306052080767890748f7d8501fe01fe055e05207294729420770682778f7e9d0fa305	&!33<05>「よったせいか $1のしんちょうが<05> たかくみえますな……<05><5E><05> いやいや きがつきませんぞ」<05>
0398	234c31052b3205	#<4C>1<05>+2<05>
039A	2b3305	+3<05>
039C	a20c828a207b979c9a8020c3a8cca79305200102010489917d928589137d055e05208a8a75948a207a8901108901020104137c800605200d721c9d8f7486207c868f7c8005207f9a7697209c807c0620929d1473669083728089137d0601fe055e052001fe01fe20b2afb82001fe01fe055e05207f737f73207a9a6601368301207b7205207189016001661320737c85739c79868a0520727685766f80938901fe055e052b3105	「じつは さらわれた ティファも<05> 司祭のむすめなのです<05><5E><05> ははおやは この町の司祭でしたが<05> ずいぶんまえに しにました<05> それから わたしが めんどうをみていたのですが…<05><5E><05> …… イック ……<05><5E><05> そうそう これを見て下さい<05> あの火事で うしなうわけには<05> いかなかったもの…<05><5E><05>+1<05>
039E	20c3a8cca7897274862082809c990520d7f6bdd701fe01fe20b3a8afb82001fe01fe055e0520d7f6bd01fe01fe20cbafb82101fe01fe20938472055e0520c3a8cca7897274862082809c990520d7f6bdd7edd889951b9c137da3052e4c3105	 ティファのいえに つたわる<05> ラピスラ…… ウィック ……<05><5E><05> ラピス…… ヒック!…… もとい<05><5E><05> ティファのいえに つたわる<05> ラピスラズリのゆびわです」<05>.<4C>1<05>
03A0	234c3305a2729420776e738a2089907d078f7c808501fe01fea305	#<4C>3<05>「いや きょうは のみすぎましたな……」<05>
03A2	a2b1d7d7d7d7d72024317b9daf210520dcc0bc962120e8d7c1aabdb613716f800520c6adb0cab0cc89dca5c0a5bc21055e0523214c3305207e898076722024317b9d93207d83779621052073739d207706827685729c052b3105	「アラララララ $1さんッ!<05> ワタシよ! グラチェスカであった<05> ニューハーフのワ・タ・シ!<05><5E><05>#!<4C>3<05> せのたかい $1さんも すてきよ!<05> ううん きがつかないわ<05>+1<05>
03A4	2a2e3231320520b1c5c066756f83207a7a8f137780899605209373208aa585a57ba585a572a3054433052e4c3205	*.212<05> アナタをおって ここまできたのよ<05> もう は・な・さ・な・い」<05><44>3<05>.<4C>2<05>
03A6	234c3305a1776e7393099d7710052020202020757b7906738f720520757b79668991859705202020202020202020d0d9c4ddfab0a405	#<4C>3<05>『きょうもげんきだ<05>     おさけがうまい<05> おさけをのむなら<05>         ミルトンバー』<05>
03A8	a1776e7393099d77100520202020207706827685720f6f210520757b79668991859705202020202020202020d0d9c4ddfab0a405	『きょうもげんきだ<05>     きがつかないぞっ!<05> おさけをのむなら<05>         ミルトンバー』<05>
03AA	23313205a2719d3fa305	#12<05>「あん?」<05>
03AC	a2febd2120758a96730a0b728f7da305	「ボス! おはようございます」<05>
03AE	a2756f84207f6f81867278868a05203130889d208a74740e21a305	「おっと そっちにいくには<05> 10ねん はええぜ!」<05>
03B0	23313205a28cb09d0520807c7686207672729d7c6e7310055e05207c7680886a208a729d85a305	#12<05>「ふーん<05> たしかに かいいんしょうだ<05><5E><05> しかたねぇ はいんな」<05>
03B2	a2febd21207b7114730f21a305	「ボス! さあどうぞ!」<05>
03B4	23313205a2807c7686207672729d7c6e73660520936f83729996731006055e0520759d85129a8a20757a849c9810a305	#12<05>「たしかに かいいんしょうを<05> もっているようだが<05><5E><05> おんなづれは おことわりだ」<05>
03B6	a2febd2105200c6e7e7214738a9d1320857284778620758806727c8f7da305	「ボス!<05> じょせいどうはんで ないときに おねがいします」<05>
03B8	a2756f2120719d8020737c847c6c1d9a99897621055e054232203005208c6f20827286207e76727e728c78892095920605200c82099d1377998976055e0542322032052084867678207a6f818d207783789a6f21a305	「おっ! あんた うしとしゃべれるのか!<05><5E><05><42>2 0<05> ふっ ついに せかいせいふくの ゆめが<05> じつげんできるのか<05><5E><05><42>2 2<05> とにかく こっちへ きてくれっ!」<05>
03BA	a27a89768006209c9a9c9a8920febd100520789a089a93207c829a728920857296738685055e05208a0c9283207a897680842013716f8084770520014a669083207d088620f6dd842077809d10055e0520a17a8976808a207e76727e728c7889201377997680100520207a8976808a209c9a9c9a8920febd84859975768010a405208488055e052b3105	「このかたが われわれの ボスだ<05> くれぐれも しつれいの ないようにな<05><5E><05> はじめて このかたと であったとき<05> 目をみて すぐに ピンと きたんだ<05><5E><05> 『このかたは せかいせいふくの できるかただ<05>  このかたは われわれの ボスとなるおかただ』<05> とね<05><5E><05>+1<05>
03BC	208472739c7913208b848f0d207a7a862075961b7c809d1006052071728678207a841a06209c76978572055e0520febd76978a20789876747c20757a841a66207280107280060520109a93209c7699938906207285788305209c9a9c9a8a208586667c83727276209c7697857205208e848e84207a8f988a838372809d10055e05209083789a9620febd89014a66a305	 というわけで ひとまず ここに およびしたんだが<05> あいにく ことばが わからない<05><5E><05> ボスからは くりかえし おことばを いただいたが<05> だれも わかるものが いなくて<05> われわれは なにをしていいか わからない<05> ほとほと こまりはてていたんだ<05><5E><05> みてくれよ ボスの目を」<05>
03BE	a27a9d85847a9b20729410965b0520759766208a9478209384892072857686052076747c83789a965b055e0520746f3f207e76727e728c78693f0520859d1096207f986c67055e052075978995928a208a97726f157205201e787f73662078737a8410965ba3052a32323605	「こんなところ いやだよ<5B><05> おらを はやく もとの いなかに<05> かえしてくれよ<5B><05><5E><05> えっ? せかいせいふくぅ?<05> なんだよ そりゃぁ<05><5E><05> おらのゆめは はらいっぱい<05> ぼくそうを くうことだよ<5B>」<05>*226<05>
03C0	a28586683f207e76727e728c7866208078979d137285723f055e0520859d837a6f80207a9a8a2080108920737c106f808976055e05207c767c20febd0620728578856f838a209c9a9c9a8a01fe055e05207f73102024310158015a21a305	「なにぃ? せかいせいふくを たくらんでいない?<05><5E><05> なんてこった これは ただの うしだったのか<05><5E><05> しかし ボスが いなくなっては われわれは…<05><5E><05> そうだ $1先生!」<05>
03C2	a27294675b207b7d0620febd212075900a842105200c8286207a7a9b129672055e05209c9a9c9a93207e76727e728c7889959286052091766f8320069d1a988f7d055e05208176788f1320757a7c897b72868a05207a7466207679832078107b72a3052a2e31360523393205	「いやぁ<5B> さすが ボス! おみごと!<05> じつに こころづよい<05><5E><05> われわれも せかいせいふくのゆめに<05> むかって がんばります<05><5E><05> ちかくまで おこしのさいには<05> こえを かけて ください」<05>*.16<05>#92<05>
03C4	5e05a282778f7c838a0520a1febd8971767ca466207b7c71098f7d05208b841b8489207d788572847a9b1305207580927c78107b72a3055e05052059febd8971767c6620018e8601269a805a052a2e3233360505	<5E><05>「つきましては<05> 『ボスのあかし』を さしあげます<05> ひとびとの すくないところで<05> おためしください」<05><5E><05><05> <59>ボスのあかしを 手に入れた<5A><05>*.236<05><05>
03C6	a27b778e148a0520758693820620726f157289200a96737d137c8089130520759c807c7c8f7e9d20137c8006055e0520a1febd8971767ca466207b7c71098f7d05208b841b8489207d788572847a9b1305207580927c78107b72a3055e05052059febd8971767c6620018e8601269a805a052a2e323336050505	「さきほどは<05> おにもつが いっぱいの ごようすでしたので<05> おわたししません でしたが<05><5E><05> 『ボスのあかし』を さしあげます<05> ひとびとの すくないところで<05> おためしください」<05><5E><05><05> <59>ボスのあかしを 手に入れた<5A><05>*.236<05><05><05>
03C8	a28c6f208f108f1020718f7285a305	「ふっ まだまだ あまいな」<05>
03CA	a28b147220719d8f98100f20243121a305	「ひどい あんまりだぞ $1!」<05>
03CC	a2b1c6b75b200c6e73109d967c83965ba305	「アニキ<5B> じょうだんよしてよ<5B>」<05>
03CE	a29176675b5b5b5ba305	「むかぁ<5B><5B><5B><5B>」<05>
03D0	a2716fa305	「あっ」<05>
03D2	a2789a089a93207c829a728920857296738685a305	「くれぐれも しつれいの ないようにな」<05>
03D4	a20e8b209c9a9c9a8920febd8620856f8320728010778072a3052b3105	「ぜひ われわれの ボスに なって いただきたい」<05>+1<05>
03D6	253105	%1<05>
03D8	2b3205	+2<05>
03DA	a27294675b207a849c6f8393209110137d0e05207c6f83999d137b6720728f8f138920e9b0d1839d7672055e05207b82987886208208207b8298782105200b9d076c78918b8520808076721c9821052084839320758b847b067c848a207593748f7e9d055e052024317b9d6620907a9d1320758806727c83999d137d05208089908f7d2120febd86856f8378107b7221a3052d3205	「いやぁ<5B> ことわっても むだですぜ<05> しってるんでさぁ いままでの ゲームてんかい<05><5E><05> さつりくに つぐ さつりく!<05> ざんぎゃくむひな たたかいぶり!<05> とても おひとさがしとは おもえません<05><5E><05> $1さんを みこんで おねがいしてるんです<05> たのみます! ボスになってください!」<05>-2<05>
03DC	2e313205a27f73137d7620719806807205207a9a76978a20febd8420961a7e83728010778f7d21055e05207b6f7f78137d0620febd21208b84822075838f746605208a72799d207b7e83728010778072055e0520cdbdc4ced9d18901108920cda8d8bd84727301386605207b976f837783728010778072055e05207b6f7f7820758806727c8f7da305	.12<05>「そうですか ありがたい<05> これからは ボスと よばせていただきます!<05><5E><05> さっそくですが ボス! ひとつ おてまえを<05> はいけん させていただきたい<05><5E><05> ヘストホルムの町の ヘィリスという女を<05> さらってきていただきたい<05><5E><05> さっそく おねがいします」<05>
03DE	4932353505493139380520febd8971767c8a207a7a138a20010c74857205	<49>255<05><49>198<05> ボスのあかしは ここでは 使えない<05>
03E0	a2b7acb12120bebad9af21a305	「キャア! セコルッ!」<05>
03E2	a28d6f8d6f20dcd8a8850520cdcca7b2b189010201048a20728010728372780e21a305	「へっへっ ワリィな<05> ヘファイアの司祭は いただいていくぜ!」<05>
03E4	2059cda8d8bd89208279837280052020cdcca7b2b18920cda8b1d710790620897a6f8001fe055e0520208277717698862083977b9a8020cdcca7b2b18a052020726f7c6d9d2077979272809673860136748001fe5a05	 <59>ヘィリスの つけていた<05>  ヘファイアの ヘィアラだけが のこった…<05><5E><05>  つきあかりに てらされた ヘファイアは<05>  いっしゅん きらめいたように見えた…<5A><05>
03E6	a2886a20bebad901fe05207a1493897a9b208c8098130520cdcca7b2b10104988677808920751e7483993fa305253105	「ねぇ セコル…<05> こどものころ ふたりで<05> ヘファイア祭りにきたの おぼえてる?」<05>%1<05>
03E8	a2738c8c01fe2071897a9b769720bebad98a05200e9d0e9d20769c6f8385729673850106067d999c01fea30505	「うふふ… あのころから セコルは<05> ぜんぜん かわってないような気がするわ…」<05><05>
03EA	a27189847720bebad906859d83726f807605209c807c8a200e9d1c20751e74837299899601fea3055e052059cda8d8bd8a20816e6f8420d1af847c805a05	「あのとき セコルがなんていったか<05> わたしは ぜんぶ おぼえているのよ…」<05><5E><05> <59>ヘィリスは ちょっと ムッとした<5A><05>
03EC	a20a929d857b7221208f6f803f05209c807c20077c7789766f7a898f8f132077816c6f800520106f8320bebad98601367e80766f809d10938901fe055e05208e97207d8377137c6e3fa305	「ごめんなさい! まった?<05> わたし ぎしきのかっこのままで きちゃった<05> だって セコルに見せたかったんだもの…<05><5E><05> ほら すてきでしょ?」<05>
03EE	a2729467207b72779d8a20147a938c797277137d8505207a7a7697013e898e738d7278840520f0d9fbb18472730110062071999d137d0605201c6f760680767883207e727682938f8f85979d7f73137d96a305	「いやぁ さいきんは どこもふけいきですな<05> ここから西のほうへいくと<05> ダルビアという町が あるんですが<05> ぶっかがたかくて せいかつもままならんそうですよ」<05>
03F0	a27a7a8af0d9fbb10520719d80932001de01b2c4ddc8d96684756f830520801b860114998293987672a305	「ここはダルビア<05> あんたも 海底トンネルをとおって<05> たびに出るつもりかい」<05>
03F2	26333605a2c1af2084731c9d2001de01b2c4ddc8d98a052084759a88749d1084a305	&36<05>「チッ とうぶん 海底トンネルは<05> とおれねえんだと」<05>
03F4	a201de01b2c4ddc8d92084759a9d893f05208d6a20738f727a84946f80939d1085a305	「海底トンネル とおれんの?<05> へぇ うまいことやったもんだな」<05>
03F6	a27a7a7697200158867278868a052001de01b2c4ddc8d9662084756f8372787c76857296a305	「ここから 先にいくには<05> 海底トンネルを とおっていくしかないよ」<05>
03F8	26333605a27572978a85069a93897b01fe052013932085069a96738693207a7a13207277148f987b6f21a305	&36<05>「おいらはながれものさ…<05> でも ながれようにも ここで いきどまりさっ!」<05>
03FA	a27572978a85069a93897b01fe0520139320808f868a208b848289847a9b860520758182728378977d6f83899320727293897b6f21a305	「おいらはながれものさ…<05> でも たまには ひとつのところに<05> おちついてくらすってのも いいものさっ!」<05>
03FC	26333605a27a7a9d847a2001de01b2c4ddc8d906052082737a731492859d130520801d9389892088109d06014c066f83886a055e052075760913207e727682062078997c786f83a305	&36<05>「ここんとこ 海底トンネルが<05> つうこうどめなんで<05> たべものの ねだんが上がってねぇ<05><5E><05> おかげで せいかつが くるしくって」<05>
03FE	a27a7a9d847a2001de01b2c4ddc8d906052082737a731492859d130520801d93898988109d06014c066f83886a055e0520746f20719d80972001de01b2c4ddc8d9052084757c839397749d893f05200c6c712076729389208089928572767c97a305	「ここんとこ 海底トンネルが<05> つうこうどめなんで<05> たべもののねだんが上がってねぇ<05><5E><05> えっ あんたら 海底トンネル<05> とおしてもらえんの?<05> じゃあ かいもの たのめないかしら」<05>
0400	a201de01b2c4ddc8d989052082737a73776e768a052001160174013afed9c87b9d06207792999d10a305	「海底トンネルの<05> つうこうきょかは<05> 大商人ボルネさんが きめるんだ」<05>
0402	23323605a2fed9c88a200c1c9d8995866d737c8005207c6e78986e7389208871096688976f83052001de01b2c4ddc8d9662084757c83789a85729d100520b1c9d4dbb02121a305	#26<05>「ボルネは じぶんのゆにゅうした<05> しょくりょうの ねあげをねらって<05> 海底トンネルを とおしてくれないんだ<05> アノヤロー!!」<05>
0404	a2fed9c88a91767c20e8d7c1aabdb6817678867d9105208c0a73769701546676988320c4ddc8d9668e980520728f890b727b9d6620770d7280977c7285055e0520139320728f10862001546676747c8385729d1305207f89014e8610798a2071808f06014c069785729d1084a305	「ボルネはむかし グラチェスカちかくにすむ<05> ふごうから金をかりて トンネルをほり<05> いまのざいさんを きずいたらしいな<05><5E><05> でも いまだに 金をかえしてないんで<05> その男にだけは あたまが上がらないんだと」<05>
0406	a214739497207a7a76970158867278868a052001de01b2c4ddc8d9668475997c768572977c728505207c767c207f7a8a82737a73149201fe052014737d992024313fa305	「どうやら ここから先にいくには<05> 海底トンネルをとおるしかないらしいな<05> しかし そこはつうこうどめ…<05> どうする $1?」<05>
0408	26333605a285862001de01b2c4ddc8d96684759880723f05207f9d859720fed9c87b9d868089919d10850520fed9c87b9d86a305	&36<05>「なに 海底トンネルをとおりたい?<05> そんなら ボルネさんにたのむんだな<05> ボルネさんに」<05>
040A	a2fed9c87b9d062001de01b2c4ddc8d966052084757c83789a806f833f055e05208c699d20726f807214737c809d109b7385a305	「ボルネさんが 海底トンネルを<05> とおしてくれたって?<05><5E><05> ふぅん いったいどうしたんだろうな」<05>
040C	a271b020d9c4d189011086897a7c83778005207671816c9d062001227c720e01fea305	「あー ルトムの町にのこしてきた<05> かあちゃんが 恋しいぜ…」<05>
040E	a27c0a8406857201528a20feb0af847d9986760799850520b5cfb493cfecd2852076757c838572130520feb0af847d9989062072811a9d96a305	「しごとがない日は ボーッとするにかぎるな<05> オマエもマジメな かおしてないで<05> ボーッとするのが いちばんよ」<05>
0410	a201de89917a7320d9c4d18901108971809889052001180671767893748372809d10055e05208f7b7620fab9d3c9862094979a818f6f809d0c6c01fea305	「海のむこう ルトムの町のあたりの<05> 空があかくもえていたんだ<05><5E><05> まさか バケモノに やられちまったんじゃ…」<05>
0412	a27a7a8a20fed9c801de012c137d05200a96738976808a0520014c8976728d2014730fa305	「ここは ボルネ海運です<05> ごようのかたは<05> 上のかいへ どうぞ」<05>
0414	26333605a201de01b2c4ddc8d98a2084731c9d2084759a8f7e9d96a305	&36<05>「海底トンネルは とうぶん とおれませんよ」<05>
0416	a201de01b2c4ddc8d9662084757c8393977499848a05207a986c2075149b77109c7201fea305	「海底トンネルを とおしてもらえるとは<05> こりゃ おどろきだわい…」<05>
0418	26333605a201de01b2c4ddc8d920720672860520848598011089d9c4d186727805208e738e738a208572109b73886aa305	&36<05>「海底トンネル いがいに<05> となり町のルトムにいく<05> ほうほうは ないだろうねぇ」<05>
041A	a2746f20fed9c806052001de01b2c4ddc8d9662084757c83789a806f833f05207a986c75149b7710055e05200154139320767c83808976723fa305	「えっ ボルネが<05> 海底トンネルを とおしてくれたって?<05> こりゃおどろきだ<05><5E><05> 金でも かしてたのかい?」<05>
041C	2621333605a272949373207b727c6e769720726f83789a9a1a05207d0886207584757c7c808986052024317b9d932075013a069c9972a305	&!36<05>「いやもう さいしょから いってくれれば<05> すぐに おとおししたのに<05> $1さんも お人がわるい」<05>
041E	2621333405a2cab2cab220f0d2f0d2052001de01b2c4ddc8d98a84757e8f7e9d96052031303030303030472001b46f83789a1a0520018a8a1d82107914a305403336052a343505	&!34<05>「ハイハイ ダメダメ<05> 海底トンネルはとおせませんよ<05> 1000000<47> 持ってくれば<05> 話はべつだけど」<05><40>36<05>*45<05>
0420	23323605a2b5cfb4762001de01b2c4ddc8d96684759880726f83898a0520f0d2f0d2f0d2f0d221212084757e8f7e9daf21052010728072200154898572d4c28a2084757b8572890520dcbc8a2001747213015a778499892001747213055e05207f937f9320013a7697769880b6c87d97052076747e857220fbddfeb0013a8589207a89dcbc8a055e05207f9d85fbddfeb09b730c9d890520957272828901747266052092816c78816c867c96736f837489767205207a8920b5c6af2121a3052e323605	#26<05>「オマエか 海底トンネルをとおりたいってのは<05> ダメダメダメダメ!! とおせませんッ!<05> だいたい 金のないヤツは とおさないの<05> ワシは 商いで生きとるの 商いで<05><5E><05> そもそも 人からかりたカネすら<05> かえせない ビンボー人なの このワシは<05><5E><05> そんなビンボーろうじんの<05> ゆいいつの商いを<05> めちゃくちゃにしようってえのかい<05> この オニッ!!」<05>.26<05>
0422	a2b5c68a76746f802076746f802121a305	「オニはかえった かえった!!」<05>
0424	a27573757320b5cfb4938278127820dcd996896ba305	「おうおう オマエもつくづく ワルよのぉ」<05>
0426	a2716f20b1c5c07b8f89207f897501648a01fe213fa305	「あっ アナタさまの そのお顔は…!?」<05>
0428	a2b5d2b086015466767c8020b5d9dbcc0c6c5b2121a305	「オメーに金をかした オルロフじゃ<5B>!!」<05>
042A	a27d6f207d08862001de01b2c4ddc8d98982737a73660520776e767c8f7d73736969692121a305	「すっ すぐに 海底トンネルのつうこうを<05> きょかしますううぅぅぅ!!」<05>
042C	a2729472942096766f80137d8505207b6f7f7820015886726f8320016e6f838f7d7685a305	「いやいや よかったですな<05> さっそく 先にいって 待ってますかな」<05>
042E	23323605a20c828a207a890110868a052091767c2001640136013498106f80014e0605207d9d1372998a0d859d137d96a305	#26<05>「じつは この町には<05> むかし 顔見知りだった男が<05> すんでいるはずなんですよ」<05>
0430	a28e8e6920fed9c8847273014e0601fe055e05209c76988f7c8005209c807c062080899d13908f7c6e73a30540333405443305	「ほほぅ ボルネという男が…<05><5E><05> わかりました<05> わたしが たのんでみましょう」<05><40>34<05><44>3<05>
0432	26213336052b3305	&!36<05>+3<05>
0434	2a2e3133370523393005a2fed9c87b9d89776e76898572d4c28a052001de01b2c4ddc8d98a84757e857288a305	*.137<05>#90<05>「ボルネさんのきょかのないヤツは<05> 海底トンネルはとおせないね」<05>
0436	a27672729d7c6e736620936f83806f830520fed9c87b9d89776e76898572d4c28a052001de01b2c4ddc8d98a84757e857288a305	「かいいんしょうを もってたって<05> ボルネさんのきょかのないヤツは<05> 海底トンネルはとおせないね」<05>
0438	26333705a27294937320fed9c87b9d89052075776c780c9d107f7313052024317b9d93013a069c9972a3052a34360540333705	&37<05>「いやもう ボルネさんの<05> おきゃくじんだそうで<05> $1さんも人がわるい」<05>*46<05><40>37<05>
043A	a2937320769d1d9d7c8378107b72965ba3052a343605	「もう かんべんしてくださいよ<5B>」<05>*46<05>
043C	a2eafeeafeeafe01fe01fe01fea305	「ゴボゴボゴボ………」<05>
043E	052059014e8a7c0d9d13726f805a05	<05> <59>男はしずんでいった<5A><05>
0440	a17a8901de01b2c4ddc8d98a0520909d858901160174013afed9c87b8f89209389100520766f83862082767394828a208508990fa405	『この海底トンネルは<05> みんなの大商人ボルネさまの ものだ<05> かってに つかうやつは なぐるぞ』<05>
0442	a101de01b2c4ddc8d9868272838920758472719c7e8a050520202090857b8f862071727b9a9905202020202059fed9c801de012c5a208f1320202020a405	『海底トンネルについての おといあわせは<05><05>   みなさまに あいされる<05>     <59>ボルネ海運<5A> まで    』<05>
0444	a2d9c4d16f8301108a200d721c9d207272847a977c72880520738f72207872938906208e738c862071996f8301fe055e05207f7372741a207b72779d20739c7b662077768572791405201473856f839d109b7385a305	「ルトムって町は ずいぶん いいとこらしいね<05> うまい くいものが ほうふに あるって…<05><5E><05> そういえば さいきん うわさを きかないけど<05> どうなってんだろうな」<05>
0446	26333605a27f7372741a207a7a7c1a977820d9c4d1890a817f73660520786f83886a857101fe055e0520716720d9c4d186207277837420d9c4d18620727783740520716720d9c4d186207277837420d9c4d18620727783740520716720d9c4d186207277837420d9c4d18620727783740520716720d9c4d186207277835b746a055e05207a89010601b481209c769976723fa305	&36<05>「そういえば ここしばらく ルトムのごちそうを<05> くってねぇなあ…<05><5E><05> あぁ ルトムに いきてえ ルトムに いきてえ<05> あぁ ルトムに いきてえ ルトムに いきてえ<05> あぁ ルトムに いきてえ ルトムに いきてえ<05> あぁ ルトムに いきて<5B>えぇ<05><5E><05> この気持ち わかるかい?」<05>
0448	a2758f7420d9c4d1862072789d106f833f0520859d10762078947c72968567055e0520716720d9c4d186207277837420d9c4d18620727783740520716720d9c4d186207277837420d9c4d18620727783740520716720d9c4d186207277837420d9c4d18620727783740520716720d9c4d186207277835b746a055e0520759a9320d9c4d1862072778374966b21a305	「おまえ ルトムに いくんだって?<05> なんだか くやしいよなぁ<05><5E><05> あぁ ルトムに いきてえ ルトムに いきてえ<05> あぁ ルトムに いきてえ ルトムに いきてえ<05> あぁ ルトムに いきてえ ルトムに いきてえ<05> あぁ ルトムに いきて<5B>えぇ<05><5E><05> おれも ルトムに いきてえよぉ!」<05>
044A	26333605a20c828a207a7a107989018a859d137d0605207b72779d2001de01b2c4ddc8d9769720968596850520013a897392770a7406777a74996f8372739d137d96055e05207294b0207a9c72018a137d8520fcd9fcd9a305	&36<05>「じつは ここだけの話なんですが<05> さいきん 海底トンネルから よなよな<05> 人のうめきごえがきこえるっていうんですよ<05><5E><05> いやー こわい話ですな ブルブル」<05>
044C	a20c828a207a7a107989018a859d137d0605207b72779d2001de01b2c4ddc8d9769720968596850520013a897392770a7406777a74996f8372739d137d96055e05209c997201668a20729c857276972071858093052001de01b2c4ddc8d9662084759b73859d830520769d067485728e7306207272137d9620fcd9fcd9a305	「じつは ここだけの話なんですが<05> さいきん 海底トンネルから よなよな<05> 人のうめきごえがきこえるっていうんですよ<05><5E><05> わるい事は いわないから あなたも<05> 海底トンネルを とおろうなんて<05> かんがえないほうが いいですよ ブルブル」<05>
044E	a29c807c808189011020d9c4d18a20fab9d3c986757f9c9a8305208a76727b9a83207c8f728f7c8005209c807c80818a207289817697069705207a89c4ddc8d9862086097a9d1089137da305	「わたしたちの町 ルトムは バケモノにおそわれて<05> はかいされて しまいました<05> わたしたちは いのちからがら<05> このトンネルに にげこんだのです」<05>
0450	a214737620857885979a8076808605207572899866207b7b0983726f8301207b72a305	「どうか なくなられたかたに<05> おいのりを ささげていって下さい」<05>
0452	a2cad78d6f80675b20859d7620789c7e83789a5ba305	「ハラへったぁ<5B> なんか くわせてくれ<5B>」<05>
0454	a2728f207906869d8976808905207c6e78986e737b7493208c7f787c8372999d137d05209c807c861377998597207189fab9d3c9660520728f7d088620946f8279839499898621a305	「いま けがにんのかたの<05> しょくりょうさえも ふそくしているんです<05> わたしにできるなら あのバケモノを<05> いますぐに やっつけてやるのに!」<05>
0456	a2fab9d3c98901760178868a88052001020104898c78667780207588747b9d06052082768f6f839d1020b5da20849310818401368377809d1021a3052621333905	「バケモノの基地にはね<05> 司祭のふくをきた おねえさんが<05> つかまってんだ オレ ともだちと見てきたんだ!」<05>&!39<05>
0458	2a343705	*47<05>
045A	a27572b7d021207f9a8a016c01dc763fa305	「おいキミ! それは本当か?」<05>
045C	a2739d208e9d8410960520859d76208f80810673847a8620829a83789d106f83a305	「うん ほんとだよ<05> なんか またちがうとこに つれてくんだって」<05>
045E	a2243120b5da8a01588672780520758f7480819320718476978272837a722121055e0520b4dadd01fe01fe208f6f838375789a01fea30540333905	「$1 オレは先にいく<05> おまえたちも あとからついてこい!!<05><5E><05> エレン…… まってておくれ…」<05><40>39<05>
0460	a27a7a868a20799d7a738593898a0520760f74998e147c7620728f7e9d0520dcc0bc2079068a7c8385729d137d0601fe055e05200c828a201120137c8320c4cececea305	「ここには けんこうなものは<05> かぞえるほどしか いません<05> ワタシ けがはしてないんですが…<05><5E><05> じつは ぢ でして トホホホ」<05>
0462	a2b5da892072749320760f78930520909d85208578856f818f6f8001fea305	「オレの いえも かぞくも<05> みんな なくなっちまった…」<05>
0464	05a272828282822072836a966ba305	<05>「いつつつつ いてぇよぉ」<05>
0466	26333905a214739497207a89718098868a0520fab9d3c91493890176017806201377809673137d85055e0520726f8072208586062093788377858976052094829793208b14727a84667d999389137d01fea305	&39<05>「どうやら このあたりには<05> バケモノどもの基地が できたようですな<05><5E><05> いったい なにが もくてきなのか<05> やつらも ひどいことをするものです…」<05>
0468	a2dbd7dd14890620809d1478132083778901760178863f05207f9a8a208f0d72137d85052076859820b1c0cf86810620891e6f8089137c6e73055e052001127820757276798578838aa305	「ロランどのが たんどくで てきの基地に?<05> それは まずいですな<05> かなり アタマにちが のぼったのでしょう<05><5E><05> 早く おいかけなくては」<05>
046A	26333905a275727c6c7bb09d20727f067c72898a9c7699791405207a9d85847a9b862075770b98867c857213789a96055e0520759a6f8320b9e6013a85898601fea305	&39<05>「おいしゃさーん いそがしいのはわかるけど<05> こんなところに おきざりにしないでくれよ<05><5E><05> おれって ケガ人なのに…」<05>
046C	a273b02072838301fe0520796f7f7376748020b7eb85014e8605208277841a7b9a818f6f8001fe055e0520759a6f8320b9e6013a85898601fea305	「うー いてて…<05> けっそうかえた キザな男に<05> つきとばされちまった…<05><5E><05> おれって ケガ人なのに…」<05>
046E	a2d9c4d18901108a200a979d8971987b8f109605207c9b728c786677800138668c809876767480fab9d3c906052072778598946f83778320b6d0c5d89080728501700520faddfadd2075847c83727794066f80055e052081787c6eb02120759a808106052085867c806f832072739d10682121a305	「ルトムの町は ごらんのありさまだよ<05> しろいふくをきた女をふたりかかえたバケモノが<05> いきなりやってきて カミナリみたいな物<05> バンバン おとしていきやがった<05><5E><05> ちくしょー! おれたちが<05> なにしたって いうんだぃ!!」<05>
0470	a2016c01dc8a207a898d9d86209c807c80818c738c897381060520716f808a0d85899601fe055e052071712071858001fe147a867299893f05200c6e73109d859720011278011483778301fea305	「本当は このへんに わたしたちふうふのうちが<05> あったはずなのよ…<05><5E><05> ああ あなた…どこにいるの?<05> じょうだんなら 早く出てきて…」<05>
0472	a2769b730c83207a898083938910798a05201c817a9c7b9a0d86207d9d109d1001fe055e0520847a9b1320012086209414948975940c8a728076723fa305253105	「かろうじて このたてものだけは<05> ぶちこわされずに すんだんだ…<05><5E><05> ところで 下に やどやのおやじはいたかい?」<05>%1<05>
0474	a271712084737b9d93201c0c106f809d1005200c6c7120099d77862094149466946f83809b3fa305	「ああ とうさんも ぶじだったんだ<05> じゃあ げんきに やどやをやってたろ?」<05>
0476	a271712084737b9d01fe052084737b9d9320fab9d3c98694979a837c8f6f808976a305	「ああ とうさん…<05> とうさんも バケモノにやられてしまったのか」<05>
0478	a101de01b2c4dd01fe86827201fe2001fe72719c7e8a0505202020908501fe20717201fe9905202020202059fe01fe012c5a208f132020202020202020a405	『海底トン…につい… …いあわせは<05><05>   みな… あい…る<05>     <59>ボ…運<5A> まで        』<05>
047A	a27a7a8a20b2dbddf3d910960520011089909d858a20fab9d3c906817678860520017601786682786f83769720727476972013837a85729d10a305	「ここは イロンデルだよ<05> 町のみんなは バケモノがちかくに<05> 基地をつくってから いえから でてこないんだ」<05>
047C	a2719d8020017e859d76936f830520fab9d3c9892085768f769605201c6f7f7385209a9d816d738a05200112787a8901107697200114836f83789a21a305	「あんた 剣なんかもって<05> バケモノの なかまかよ<05> ぶっそうな れんちゅうは<05> 早くこの町から 出てってくれ!」<05>
047E	a27b6f7720012a01d266936f80209a9d816d73060520fab9d3dd89017601788620826f7a9d136f8096052091816c85d4c2971096c8aa052071b020b2d41020b2d41021a305	「さっき 武器をもった れんちゅうが<05> バケモンの基地に つっこんでったよ<05> むちゃなヤツらだよネェ<05> あー イヤだ イヤだ!」<05>
0480	a2b4dadd6f2121a305	「エレンっ!!」<05>
0482	a201fe01fe01fe01fe01fe01fe01fe05207a7a8a01feb2dbddf3d9891b6e73729d7601fe055e05207d8f85766f8020243101fe0520827220b6af84856f830520766f83857a73147366207c837c8f6f8001fe055e05201006207189208e897589fab9d3c9868a0520f0d2b0ec8b848220718074979a85766f8001fe055e0520cca8dbb8bed701fe7f9a06d4c289858f7410055e0520b4d2d7d9f48982747b74719a1a0520b5da8693200108010a06827674999d100601fe055e05207a7598890108010a85971a20d4c26680757d016606052013779976937c9a9d89100601fea305	「…………………<05> ここは…イロンデルのびょういんか…<05><5E><05> すまなかった $1…<05> つい カッとなって<05> かってなこうどうを してしまった…<05><5E><05> だが あの ほのおのバケモノには<05> ダメージひとつ あたえられなかった…<05><5E><05> フィロクセラ…それがヤツのなまえだ<05><5E><05> エメラルドのつえさえあれば<05> オレにも 魔法がつかえるんだが…<05><5E><05> こおりの魔法ならば ヤツをたおす事が<05> できるかもしれんのだが…」<05>
0484	a2243101fe20cca8dbb8bed76620718f7801369985055e0520776e73986e7885200108010a068578838a052094828620770d8b84827d970520759c7e997a849320137785720fa305	「$1… フィロクセラを あまく見るな<05><5E><05> きょうりょくな 魔法がなくては<05> やつに きずひとつすら<05> おわせることも できないぞ」<05>
0486	26343905a2b5da8a207189017601781320b4dadd662105207f7c8320cca8d8bd84c3a8cca7660136809d1021a305	&49<05>「オレは あの基地で エレンを!<05> そして フィリスとティファを見たんだ!」<05>
0488	a2b5da89207a7598890108010aa1b8d9c5bda4130520d4c2662080757e9976937c9a8572055e05207b6720718901760178867c6d8209771021a305	「オレの こおりの魔法『クルナス』で<05> ヤツを たおせるかもしれない<05><5E><05> さぁ あの基地にしゅつげきだ!」<05>
048A	a28f83202431055e052001feb5da93727a73a30540343305	「まて $1<05><5E><05> …オレもいこう」<05><40>43<05>
048C	a290857b9d8920837766757f9a8572957377860520011089013a8a20769d14737c83728f7d0520937320018066840b7d013a8a20109a93728f7e9da305	「みなさんの てきをおそれないゆうきに<05> 町の人は かんどうしています<05> もう 口をとざす人は だれもいません」<05>
048E	26343305a28f6f80782091816c667d99013a808110a305	&43<05>「まったく むちゃをする人たちだ」<05>
0490	a2dbd7dd7b9d2093737199799989762105207a9a8a20777e778377852076728c78011a10a305	「ロランさん もうあるけるのか!<05> これは きせきてきな かいふく力だ」<05>
0492	a27294675b20b1c5c006808920957377866c0520827812788f72988f7c802072947294052071787c6d667c8301207b72a3055e05052059243180818a20769a8471787c6d667c805a050505	「いやぁ<5B> アナタがたの ゆうきにゃ<05> つくづくまいりました いやいや<05> あくしゅをして下さい」<05><5E><05><05> <59>$1たちは かれとあくしゅをした<5A><05><05><05>
0494	26353205a271986c8f20b1ddc09720015a778376746f837899848a0520777e770c6c20777e770c6c2121a305	&52<05>「ありゃま アンタら 生きてかえってくるとは<05> きせきじゃ きせきじゃ!!」<05>
0496	a2fab9d3dd80816620946f8279818f6f8089767205207a986c20777e77859d83939d0c6c8572882121a305	「バケモンたちを やっつけちまったのかい<05> こりゃ きせきなんてもんじゃないね!!」<05>
0498	a2dbd7dd8975760913200110011c89013a86052071787c6d6620938492979a8f7d85055e05207a9a8a207a89011089013a80818980928693052001127820cca8dbb8bed7662080757c8f7e9d8485a305	「ロランのおかげで 町中の人に<05> あくしゅを もとめられますな<05><5E><05> これは この町の人たちのためにも<05> 早く フィロクセラを たおしませんとな」<05>
049A	26343405a2feb8898493108186930520957377897199d4c20672999d10210520cfd9da6f8372739d10791401fe055e05207189017601788688207c891b7a9d108905207f7c8097207588747b9d062072809d106f8321055e05207f898477207588747b9d76970520901498729b890198898272808274660520710d766f809d106f832121055e0520cfd9da8a801c9d208b9b1a1376789a9d1e05207c83999d0c6c8572768571a3052a353005	&44<05>「ボクのともだちにも<05> ゆうきのあるヤツがいるんだ!<05> マルレっていうんだけど…<05><5E><05> あの基地にね しのびこんだの<05> そしたら おねえさんが いたんだって!<05><5E><05> そのとき おねえさんから<05> みどりいろの石のついたつえを<05> あずかったんだって!!<05><5E><05> マルレはたぶん ひろばでかくれんぼ<05> してるんじゃないかなあ」<05>*50<05>
049C	2b3605	+6<05>
049E	a27f9a8a20b4dadd8920b4d2d7d9f489827410210520967c207f89cfd9da66207b067c107f730c6c857276a30540343405	「それは エレンの エメラルドのつえだ!<05> よし そのマルレを さがしだそうじゃないか」<05><40>44<05>
04A0	26343405a2935b725b765b5b5b726f3fa305	&44<05>「も<5B>い<5B>か<5B><5B><5B>いっ?」<05>
04A2	26343505a2909d8520147a8676789a80897685b0a305	&45<05>「みんな どこにかくれたのかなー」<05>
04A4	263436052e3337052a343905a2719a6f3f209082766f816c6f8005208d9d7f737c807697209c7697857284019a6f808986b0a305	&46<05>.37<05>*49<05>「あれっ? みつかっちゃった<05> へんそうしたから わからないと思ったのにー」<05>
04A6	26343905a201fe746f3f20cfd9da8a147a766f833f05200b9d889d137c8020776e738a7783857296055e05207172829d812014730894107697052072748620726f839080973fa305	&49<05>「…えっ? マルレはどこかって?<05> ざんねんでした きょうはきてないよ<05><5E><05> あいつんち どうぐやだから<05> いえに いってみたら?」<05>
04A8	a2dcb0b221209573777199013a80811021052071787c6d7c832071787c6d69696921a305	「ワーイ! ゆうきある人たちだ!<05> あくしゅして あくしゅぅぅぅ!」<05>
04AA	26343505a2147a8676789a9601fe9c6f2105209082766f816c6f80b021a3052e4c34052a353105	&45<05>「どこにかくれよ…わっ!<05> みつかっちゃったー!」<05>.<4C>4<05>*51<05>
04AC	26213436052d3305	&!46<05>-3<05>
04AE	234c31052a343905a2feb88a2001481001fe0520feb88a200148107697018a7c767985721396a3052e3336052e4c3105	#<4C>1<05>*49<05>「ボクは 木だ…<05> ボクは 木だから話しかけないでよ」<05>.36<05>.<4C>1<05>
04B0	a29082766f816c6f8001fe0520014886856f80829398106f809d10791401fea305	「みつかっちゃった…<05> 木になったつもりだったんだけど…」<05>
04B2	40343605a201fe746f3f20cfd9da8a147a766f833f05200b9d889d137c8020776e738a7783857296055e05207172829d812014730894107697052072748620726f839080973fa305	<40>46<05>「…えっ? マルレはどこかって?<05> ざんねんでした きょうはきてないよ<05><5E><05> あいつんち どうぐやだから<05> いえに いってみたら?」<05>
04B4	26343505a28b6cb02105209082766f816c6f807221a3052e4c35052a323605	&45<05>「ひゃー!<05> みつかっちゃったい!」<05>.<4C>5<05>*26<05>
04B6	26213436052d3805	&!46<05>-8<05>
04B8	2a343905a28b6cb02105209082766f816c6f807221052e3338055e052001167772013a89737c9b10769705209c769d857284019a6f8089868567a305	*49<05>「ひゃー!<05> みつかっちゃったい!<05>.38<05><5E><05> 大きい人のうしろだから<05> わかんないと思ったのになぁ」<05>
04BA	a2758672816c9d209082799989738f728805207a9d148a200110011c82766f832076789a9d1e7c96210520758672816c9d20b5c610769788a305	「おにいちゃん みつけるのうまいね<05> こんどは 町中つかって かくれんぼしよ!<05> おにいちゃん オニだからね」<05>
04BC	a2935b725b965b5b6f6f21a30540343505	「も<5B>い<5B>よ<5B><5B>っっ!」<05><40>45<05>
04BE	26343605a2b8b0b8b001fed1c6acd1c6ac01fea305	&46<05>「クークー…ムニャムニャ…」<05>
04C0	26213437052b3305	&!47<05>+3<05>
04C2	2a3533052b3105	*53<05>+1<05>
04C4	a2d1c6acd1c6ac01fe055e0520750c816c9d80812010679ab03fa305	「ムニャムニャ…<05><5E><05> おじちゃんたち だぁれー?」<05>
04C6	26213439052b3305	&!49<05>+3<05>
04C8	26213438052a3535052b3105	&!48<05>*55<05>+1<05>
04CA	a2b3b4aaaaaaaab0dd21b3b4aaaaaaaab0dd21a305	「ウエェェェェーン!ウエェェェェーン!」<05>
04CC	a2b3aaaf01fecbafb801fe055e05207189750c816c9d0520b2ecd2997697201e7877977201fea305	「ウェッ…ヒック…<05><5E><05> あのおじちゃん<05> イジメるから ぼくきらい…」<05>
04CE	a2b3aaaf01fecbafb801fe055e0520758672816c9d8a05209573777199013a862071728672786f8305201b6e73729d8620726f816c6f809d10939d20cbafb821a305	「ウェッ…ヒック…<05><5E><05> おにいちゃんは<05> ゆうきある人に あいにいくって<05> びょういんに いっちゃったんだもん ヒック!」<05>
04D0	a2b7d08a20cfd9da109b3f0520827466147a86946f809d10212001147c808f7421a30540343705	「キミは マルレだろ?<05> つえをどこにやったんだ! 出したまえ!」<05><40>47<05>
04D2	a2feb80620cfd9da789d137c6e3fa30540343905	「ボクが マルレくんでしょ?」<05><40>49<05>
04D4	a224317b8f2014737c8089137d76055e0520746f2001427b9d898274660520936f8372997a1493662085767e809d137d6f833f0520dbd7dd6f8097207c7680068572013a137d8801fe055e05207a149389717283859705209c807c868f767e8301207b728f7e9d76a30540343805	「$1さま どうしたのですか<05><5E><05> えっ 姉さんのつえを<05> もっているこどもを なかせたんですって?<05> ロランったら しかたがない人ですね…<05><5E><05> こどものあいてなら<05> わたしにまかせて下さいませんか」<05><40>48<05>
04D6	2621353205a2fab9d3c98081662080757c816c73859d830520946f15982090857b9d8a0520016c01dc86209573777199013a8081859d1088a305	&!52<05>「バケモノたちを たおしちゃうなんて<05> やっぱり みなさんは<05> 本当に ゆうきある人たちなんだね」<05>
04D8	2621353005a29573777199013a80817b9d0520069d1a6f8301207b728821a305	&!50<05>「ゆうきある人たちさん<05> がんばって下さいね!」<05>
04DA	a2716f207b067c83809d10966b0520776f84207a7a1084019a6f8320016e6f83809d10055e05207a8982746620b4dadd6f837588747b9d76970520710d766f809d100520dbd7dd6f83013a86209c807c83789a6f8301fea3055e052a2e31360523393205a21393209381938906726f15720c6c05207109979a857294a305	「あっ さがしてたんだよぉ<05> きっと ここだと思って 待ってたんだ<05><5E><05> このつえを エレンっておねえさんから<05> あずかったんだ<05> ロランって人に わたしてくれって…」<05><5E><05>*.16<05>#92<05>「でも もちものがいっぱいじゃ<05> あげられないや」<05>
04DC	05493235350549323138052a2e323336052059b4d2d7d9f48982746620018e8601269a80052020dbd7dd8a200108010a06010c7499967386856f80215a0505403530052a353705	<05><49>255<05><49>218<05>*.236<05> <59>エメラルドのつえを 手に入れた<05>  ロランは 魔法が使えるようになった!<5A><05><05><40>50<05>*57<05>
04DE	a2b4d2d7d9f4898274892001f48599011a8a0520776f84209c807c8081662001427b9d8993848d052001a07283789a99137c6e73a305	「エメラルドのつえの 聖なる力は<05> きっと わたしたちを 姉さんのもとへ<05> 導いてくれるでしょう」<05>
04E0	a275756f842105209082766f818f6f8072a3052a373805	「おおっと!<05> みつかっちまったい」<05>*78<05>
04E2	a2149b1e732120149b1e73107121a305	「どろぼう! どろぼうだあ!」<05>
04E4	a196727a8990857b9d8d05208b9b1a13207b9c72138a2072798f7e9da405	『よいこのみなさんへ<05> ひろばで さわいでは いけません』<05>
04E6	26353205a28f8020fab9d3c9890176017886207278829398858976723f055e0520967c808e73067272960520b1b2c29720776f84b1ddc09766208f811c7e7c83990e21a305	&52<05>「また バケモノの基地に いくつもりなのかい?<05><5E><05> よしたほうがいいよ<05> アイツら きっとアンタらを まちぶせしてるぜ!」<05>
04E8	a2718920fab9d3c980816620946f8279818f6f8089763f055e0520719d809720c0f0d3dd0c6c8572848a2075936f838079140520729467208e9d84860520b1ddc097209573770671990e21a305	「あの バケモノたちを やっつけちまったのか?<05><5E><05> あんたら タダモンじゃないとは おもってたけど<05> いやぁ ほんとに<05> アンタら ゆうきがあるぜ!」<05>
04EA	26353205a2017601788620840c7a92979a839920013889ba8081106f830520760f78062072999d109b055e0520147a761320776f84052076857c72019a7266207c83999d109b7388a305	&52<05>「基地に とじこめられてる 女のコたちだって<05> かぞくが いるんだろ<05><5E><05> どこかで きっと<05> かなしい思いを してるんだろうね」<05>
04EC	a2fab9d3dd8a207189013889ba8081660520726f807220147a8d20829a837278829398859d109b7305208f6f8078769c727f7386886aa305	「バケモンは あの女のコたちを<05> いったい どこへ つれていくつもりなんだろう<05> まったくかわいそうにねぇ」<05>
04EE	26353205a27a890110898176788920fab9d3dd8901760178868a0520013889ba0633013a20012c1b7a8f9a8372999d10055e0520e8ede8ed7c839984208f8020147a76847578860520829a836f818f73977c720ea305	&52<05>「この町のちかくの バケモンの基地には<05> 女のコが3人 運びこまれているんだ<05><5E><05> グズグズしてると また どこかとおくに<05> つれてっちまうらしいぜ」<05>
04F0	a2fab9d3dd8901760178867280013889ba80818a0520829a01147b9a818f6f80977c728801fe055e05207189208e737a73859720776f840520fac6add9bd8920017c018886829a836f809d0c6c8572763fa305	「バケモンの基地にいた女のコたちは<05> つれ出されちまったらしいね…<05><5E><05> あの ほうこうなら きっと<05> バニュルスの 長城につれてったんじゃないか?」<05>
04F2	26353205a28377890176017889011c8a207e8f727697850520017a017c107989018472868599109b7396055e0520776f8420771b7c727a848685990e01fea305	&52<05>「てきの基地の中は せまいからな<05> 隊長だけの戦いになるだろうよ<05><5E><05> きっと きびしいことになるぜ…」<05>
04F4	a233013a13d4c2d76620946f8279818f6f808976723f2105207d0a728801fe055e05208f207f731385776c0520017a017c86859d8320859a85729685a305	「3人でヤツラを やっつけちまったのかい?!<05> すごいね…<05><5E><05> ま そうでなきゃ<05> 隊長になんて なれないよな」<05>
04F6	a2dbaf20dbd7dd14896f01fe01fe05207a9a8a2072769d055e05208b848f0d20b2dbddf3d98f1305208072776c787c8f7c6e73a3052b3105	「ロッ ロランどのっ……<05> これは いかん<05><5E><05> ひとまず イロンデルまで<05> たいきゃくしましょう」<05>+1<05>
04F8	253105	%1<05>
04FA	a27b67202431148920727f078f7c6e73a30540343205	「さぁ $1どの いそぎましょう」<05><40>42<05>
04FC	a22431148920728f8a8f0d20dbd7dd1489660520807d79990166060158137d05207b67208072776c787c8f7c6e73a3052d3205	「$1どの いまはまず ロランどのを<05> たすける事が先です<05> さぁ たいきゃくしましょう」<05>-2<05>
04FE	a2786f2101fe01fe0520b4dadd01fe01fe20b4daddaf21a305	「くっ!……<05> エレン…… エレンッ!」<05>
0500	a2776cb020807d7983b021a305	「きゃー たすけてー!」<05>
0502	2621353105a28f807780897620759b76938980819601fe0520859d1413932076766f8378990672720520758f7480818a207a7a76970520726f1993200158868a2072799d891021a305	&!51<05>「またきたのか おろかものたちよ…<05> なんどでも かかってくるがいい<05> おまえたちは ここから<05> いっぽも 先には いけんのだ!」<05>
0504	2621353005403531052b3105	&!50<05><40>51<05>+1<05>
0506	a2ccafccafccaf0520816e6f841a769820757f766f808521055e0520013880818a207d1386052071897576808993848d842075786f8071841021055e05201489908120777b8f978a207a9a720c6e730520726f1993200158868a20727987068521a305	「フッフッフッ<05> ちょっとばかり おそかったな!<05><5E><05> 女たちは すでに<05> あのおかたのもとへと おくったあとだ!<05><5E><05> どのみち きさまらは これいじょう<05> いっぽも 先には いけぬがな!」<05>
0508	a2fab601fe9201fe05207e76728a200c7786209c9a978993891001fe052001fe01fee8dcafcaafcaaf01fe01fea3055e05052059cca8dbb8bed78a20727780748001fe5a05050540353205	「バカ…め…<05> せかいは じきに われらのものだ…<05> ……グワッハッハッ……」<05><5E><05><05> <59>フィロクセラは いきたえた…<5A><05><05><05><40>52<05>
050A	a27189b5d4ec2091767c7a7a72978d9d13052094149466946f83809d106f837b0520fab9d3c906728578856f809d1305208f802094149466208a0c92996f8372739d107914055e05208e9d848620776c780678998976886aa305	「あのオヤジ むかしここいらへんで<05> やどやをやってたんだってさ<05> バケモノがいなくなったんで<05> また やどやを はじめるっていうんだけど<05><5E><05> ほんとに きゃくがくるのかねぇ」<05>
050C	26353705a28e6b8e6b209c06bdbbddf4c589012e8605209c7672013a0620800d88837899898a0520859d01821c9889016676896ba305	&57<05>「ほぉほぉ わがスサンドナの村に<05> わかい人が たずねてくるのは<05> なん年ぶりの事かのぉ」<05>
050E	26363005a27a89012e8a05207e77958420767f89012e20bdbbddf4c50c6c05207a89012e86209c7672013a0620800d88837899898a0520859d01821c9889016676896ba305	&60<05>「この村は<05> せきゆと かその村 スサンドナじゃ<05> この村に わかい人が たずねてくるのは<05> なん年ぶりの事かのぉ」<05>
0510	a27a89012e8a0520b5b1bcbd89207399757220718c9a99012e0520bdbbddf4c50c6c055e05207a9a76978a20012893207e77959371997697960520c5b385d4dde88920ceafc485cab0c4130520012e66d8ccdaafbcad7c838e7c72939d0c6c896ba305	「この村は<05> オアシスの うるおい あふれる村<05> スサンドナじゃ<05><5E><05> これからは 水も せきゆもあるからよ<05> ナウなヤングの ホットなハートで<05> 村をリフレッシュしてほしいもんじゃのぉ」<05>
0512	26353705a27a89012e8972148a20769a849996a305	&57<05>「この村のいどは かれとるよ」<05>
0514	26363005a27e77958a2089929d7697896ba305	&60<05>「せきゆは のめんからのぉ」<05>
0516	a224317b9d20b5b1bcbd6f816d73939d8a05208576857620816e737c0620746a939d108973a305	「$1さん オアシスっちゅうもんは<05> なかなか ちょうしが えぇもんだのう」<05>
0518	a2b5cfb48a20917d7a89f8ddc0210520f8ddc0109b3f208e9a2096780136683f05209c7c6c20b5cfb489b5d4ec89bdb6f5dd103f0520739a7c94739a7c94896ba305	「オマエは むすこのペンタ!<05> ペンタだろ? ほれ よく見ぃ?<05> わしゃ オマエのオヤジのスカパンだ?<05> うれしやうれしやのぉ」<05>
051A	a2bdb6f5dd0c727b9d8601566f8076723fa305253105	「スカパンじいさんに会ったかい?」<05>%1<05>
051C	a27a89012e8a20767f89012e13850520bdb6f5dd89d1bdba930520012e660114808f9d8f859d10052014737d986c209c769389062076746f8378997688a305	「この村は かその村でな<05> スカパンのムスコも<05> 村を出たまんまなんだ<05> どうすりゃ わかものが かえってくるかね」<05>
051E	a28f6f2071890c727b9d860156741a05207a89012e0620149a107920767f89012e76052096789c7699109b7383a305	「まっ あのじいさんに会えば<05> この村が どれだけ かその村か<05> よくわかるだろうて」<05>
0520	26363605a2fab9d3dd80816620756f83999d763f05207f9a859720fac6add9bd89017c01881088055e0520717f7a866c207b72779d0520fab9d3dd06207d908272849913a305	&66<05>「バケモンたちを おってるんか?<05> それなら バニュルスの長城だね<05><5E><05> あそこにゃ さいきん<05> バケモンが すみついとるで」<05>
0522	a2b1ddc09776728520fac6add9bd89017c0188890520fab9d3dd6620756f15976f80898a3f055e0520719d8097932080727c80939d10896ba305	「アンタらかいな バニュルスの長城の<05> バケモンを おっぱらったのは?<05><5E><05> あんたらも たいしたもんだのぉ」<05>
0524	26353705a27a897b1a78898a0d9a866c2091767c6f76970520136f796a2084981306716f83896b0520fac6add9bd89017c018884727383896b055e052075760913209c7c97207b1a78867d91939d8a05208d729c8678977c846f809d109c055e0520799d14207a7a9d847a0520fab9d3dd06207d908272849913960520012e898176788920721493207a9c7b9a837c9373800685a305	&57<05>「このさばくのはずれにゃ むかしっから<05> でっけぇ とりでがあってのぉ<05> バニュルスの長城というてのぉ<05><5E><05> おかげで わしら さばくにすむもんは<05> へいわにくらしとったんだわ<05><5E><05> けんど ここんとこ<05> バケモンが すみついとるでよ<05> 村のちかくの いども こわされてしもうたがな」<05>
0526	26363605a2b5b1bcbd9320796f7a730c6c060520fab9d3dd14930620739b739b7c83997607988a05207c719c7e85209b730a8a2077807213779d896ba305	&66<05>「オアシスも けっこうじゃが<05> バケモンどもが うろうろしてるかぎりは<05> しあわせな ろうごは きたいできんのぉ」<05>
0528	a27b72779d20fab9d3dd0605208d6f83778096738620019a7499898a05200106897e7276896ba305	「さいきん バケモンが<05> へってきたように 思えるのは<05> 気のせいかのぉ」<05>
052A	26363605a27a897b1a78868a85052001100a84208e739b737d99013a808106207d9d14999d10055e05209a9d816d738a0520b3b2dde68980908420961a9a84999d10a3052e4c3705	&66<05>「このさばくにはな<05> 町ごと ほうろうする人たちが すんどるんだ<05><5E><05> れんちゅうは<05> ウインガのたみと よばれとるんだ」<05>.<4C>7<05>
052C	a2b3b2dde68901100605207d6f7698207a9c9a837c936b80977c720520726f80722014737c809d0c6c9b896ba305	「ウインガの町が<05> すっかり こわれてしもぉたらしい<05> いったい どうしたんじゃろのぉ」<05>
052E	2621363005a27a7a8f132077807697868a0520859d847c83139320b3b2dde689809086716f830520017c0188860126998e738e736620777701147c8f7e9d8485a305	&!60<05>「ここまで きたからには<05> なんとしてでも ウインガのたみにあって<05> 長城に入るほうほうを きき出しませんとな」<05>
0530	2621353905a272148e98890a74728982078a20900f8e98137d760520729472942085067820801b667c837299840520729b9d857a8406207199939d137d85a305	&!59<05>「いどほりのごえいのつぎは みぞほりですか<05> いやいや ながく たびをしていると<05> いろんなことが あるもんですな」<05>
0532	a2b3b2dde689809089018a6677778f7c8076853fa305253105	「ウインガのたみの話をききましたかな?」<05>%1<05>
0534	2b3205	+2<05>
0536	a29c807c93209c76978578837a8f6f83729989137da305	「わたしも わからなくてこまっているのです」<05>
0538	a27b1a78662001100a84208e739b737d99809001fe055e0520c3a8cca7808106017c018889011c860520849774979a8372998985970520769a97860156731d777693207c9a8f7e9d85055e0520b3b2dde6898090859720017c018889011c8601269905208e738e73662001346f8372997693207c9a8f7e9d7c8501fea305	「さばくを 町ごと ほうろうするたみ…<05><5E><05> ティファたちが長城の中に<05> とらえられているのなら<05> かれらに会うべきかも しれませんな<05><5E><05> ウインガのたみなら 長城の中に入る<05> ほうほうを 知っているかも しれませんしな…」<05>
053A	26353305a2b3b2dde689809086015673866c0520b3b2dde6897c997c06208b8296731385052071986c207a89012e89816e739b7306052001b46f84999d109ca30540353305	&53<05>「ウインガのたみに会うにゃ<05> ウインガのしるしが ひつようでな<05> ありゃ この村のちょうろうが<05> 持っとるんだわ」<05><40>53<05>
053C	26363605a27f730c6c897520b3b2dde689809085970520017c018889011c860126998e738e736605207c6f84997693896ba305	&66<05>「そうじゃのお ウインガのたみなら<05> 長城の中に入るほうほうを<05> しっとるかものぉ」<05>
053E	a2719d80979320759c7672898605200d721c9d789b737c83200a0b99967310896b055e0520b1ddc0978920013a7b067c06738f78727896730520dcbc9793207a7a1372896f8399130520069d1a999d1096a305	「あんたらも おわかいのに<05> ずいぶんくろうして ござるようだのぉ<05><5E><05> アンタらの 人さがしがうまくいくよう<05> ワシらも ここでいのってるで<05> がんばるんだよ」<05>
0540	26363005a2b3b2dde68980908a2095737a738971767c890520b3b2dde6897c997c662001b4809d9389868a05207d06807b742001367e9673847e9d890c6ca305	&60<05>「ウインガのたみは ゆうこうのあかしの<05> ウインガのしるしを 持たんものには<05> すがたさえ 見せようとせんのじゃ」<05>
0542	26363605a2b3b2dde68980908a05200c1c9d808106209573769d1371997a846605208e7a98867c83207599890c6c055e0520017c01888620fab9d3dd06207d908272807a8466052080727f7320860686067c7820019a6f8375998a0d0c6ca305	&66<05>「ウインガのたみは<05> じぶんたちが ゆうかんであることを<05> ほこりにして おるのじゃ<05><5E><05> 長城に バケモンが すみついたことを<05> たいそう にがにがしく 思っておるはずじゃ」<05>
0544	a28c6991207b979c9a80013889ba6620756f830520fac6add9bd89017c01888620726f809d7672055e0520967820017c018889011c862001269a80939d0c6c8975a305	「ふぅむ さらわれた女のコを おって<05> バニュルスの長城に いったんかい<05><5E><05> よく 長城の中に 入れたもんじゃのお」<05>
0546	26353405a2777280763f2024313f20cca8d8bd80818a0520fac6add9bd89017c0188867299967310055e05207c767c20fac6add9bd89017c01888a0520807678207f7c83069d0c6e73850520b6fd86767a8f9a83729901fe055e0520726f8072201473946f83017c018889011c8605208a729a1a727284727389103f21a305	&54<05>「きいたか? $1? フィリスたちは<05> バニュルスの長城にいるようだ<05><5E><05> しかし バニュルスの長城は<05> たかく そしてがんじょうな<05> カベにかこまれている…<05><5E><05> いったい どうやって長城の中に<05> はいればいいというのだ?!」<05>
0548	26353905a2b4dadd01fe0520bee6d9c3b17c6d1b017a017c89b5da062084738473052072148e9889200a74728f1305207d997a8486856f837c8f6f809601fea305	&59<05>「エレン…<05> セガルテアしゅび隊長のオレが とうとう<05> いどほりの ごえいまで<05> することになってしまったよ…」<05>
054A	a2017c018889857686012699208e738e73667499868a0520b3b2dde6898090860156737c768572109b7301fe055e05207a73856f809720b3b2dde6897c997c66939774998f1305207e7795139320012813930520859d13938e6f83949b730c6c85727621a305	「長城のなかに入る ほうほうをえるには<05> ウインガのたみに会うしかないだろう…<05><5E><05> こうなったら ウインガのしるしをもらえるまで<05> せきゆでも 水でも<05> なんでもほってやろうじゃないか!」<05>
054C	263537052b3605	&57<05>+6<05>
054E	263630052b313305	&60<05>+13<05>
0550	263838052b313905	&88<05>+19<05>
0552	26213930052b323105	&!90<05>+21<05>
0554	a285873f207e7795068e7c723f052001b46f837901b46f837921207e779585970520727897139371999d9620dcbc972105208e9a207e77950c6c96a3055e052a2e31360523393205a2756f842024318a7a9a720c6e73052001706601b4839d977c72850520149a766620736f83789901669689a305	「なぬ? せきゆがほしい?<05> 持ってけ持ってけ! せきゆなら<05> いくらでもあるんよ ワシら!<05> ほれ せきゆじゃよ」<05><5E><05>*.16<05>#92<05>「おっと $1はこれいじょう<05> 物を持てんらしいな<05> どれかを うってくる事よの」<05>
0556	0549323535054932313805205924318a207e77956620018e8601269a805a0505052a3136390540393005	<05><49>255<05><49>218<05> <59>$1は せきゆを 手に入れた<5A><05><05><05>*169<05><40>90<05>
0558	2621353505a27a89012e892001fa013e86052072148e98099d1a06716f769705207f7a86726f84789a055e0520fab9d3dd769720dcbc89012e89939d6605208f936f83789a986c207f9a1374749d96055e052080899d10962001287b7401149a1a0520b3b2dde6897c997c8a2075877c9789939d96a305	&!55<05>「この村の 南西に<05> いどほりげんばがあっから<05> そこにいっとくれ<05><5E><05> バケモンから ワシの村のもんを<05> まもってくれりゃ それでええんよ<05><5E><05> たのんだよ 水さえ出れば<05> ウインガのしるしは おぬしらのもんよ」<05>
055A	26353305a28a675b207474896b2075877c8a9c76786f830520dcbcac20816e739b738472731079716f83052093733131397b7286859d8996a305	&53<05>「はぁ<5B> ええのぉ おぬしはわかくって<05> ワシャ ちょうろうというだけあって<05> もう119さいになんのよ」<05>
055C	2621353405a2816c9d840a7472667c83789a9d840520b3b2dde6897c997c8a2094979d96055e05209373728114200a7472667c83909d763fa3052b3305	&!54<05>「ちゃんとごえいをしてくれんと<05> ウインガのしるしは やらんよ<05><5E><05> もういちど ごえいをしてみんか?」<05>+3<05>
055E	234c3105a2b3b2dde6897c997c068e7c723f05209d5b2080100c6c20949a9d96055e05207f730c6c212075877c971305209c7c970620721466208e99896605200a74727c83789a9d763fa3052b3205	#<4C>1<05>「ウインガのしるしがほしい?<05> ん<5B> ただじゃ やれんよ<05><5E><05> そうじゃ! おぬしらで<05> わしらが いどを ほるのを<05> ごえいしてくれんか?」<05>+2<05>
0560	a285672072148e9889200a74720897720520769d809d0c6c9b733f207c83909d763fa3052b3105	「なぁ いどほりの ごえいぐらい<05> かんたんじゃろう? してみんか?」<05>+1<05>
0562	253105	%1<05>
0564	a27f737672207f9a0c6c7b6f7f7805207a89012e892001fa013e86052072148e98099d1a06716f769705207f7a86726f84789a055e0520fab9d3dd769720dcbc89012e89939d6605208f936f83789a986c207f9a1374749d96055e0520012806011480970520b3b2dde6897c997c66209c807c80099673a30540353505	「そうかい それじゃさっそく<05> この村の 南西に<05> いどほりげんばがあっから<05> そこにいっとくれ<05><5E><05> バケモンから ワシの村のもんを<05> まもってくれりゃ それでええんよ<05><5E><05> 水が出たら<05> ウインガのしるしを わたしたげよう」<05><40>55<05>
0566	a27171207f7376728505209b730c9d6680727e828613779d8976723f05207f9d0c6c20b3b2dde6897c997c8a052071099d769788a3052e4c3105	「ああ そうかいな<05> ろうじんをたいせつにできんのかい?<05> そんじゃ ウインガのしるしは<05> あげんからね」<05>.<4C>1<05>
0568	26353905a2b3b2dde6897c997c3f0520f0d010f0d0102120012806011485776c2071099d96052072147697201380898a207e77952105207e77950c6c20899285720c6c85728921055e05207f730c6c2120721489769c98860520b5b1bcbd76970128668b7283789a9d763fa3052b3205	&59<05>「ウインガのしるし?<05> ダミだダミだ! 水が出なきゃ あげんよ<05> いどから でたのは せきゆ!<05> せきゆじゃ のめないじゃないの!<05><5E><05> そうじゃ! いどのかわりに<05> オアシスから水をひいてくれんか?」<05>+2<05>
056A	a2c2d9cabc132001fc013c89b5b1bcbd89848598890520719a817697208e988a0c92998496769b73055e0520c2d9cabc665901b801ba5a7c830520719a8186856f8499847a9b66052001c201c47c83949a1a2072729d960520769d809d0c6c9b723fa305	「ツルハシで 北東のオアシスのとなりの<05> あれちから ほりはじめるとよかろう<05><5E><05> ツルハシを<59>装備<5A>して<05> あれちになっとるところを<05> 攻撃してやれば いいんよ<05> かんたんじゃろい?」<05>
056C	253105	%1<05>
056E	2b3205	+2<05>
0570	a2859d0c6c6820946f83789a9a1a0520b3b2dde6897c997c6620710999898601fe052014730c6c20949901068685979d76893fa3052d3205	「なんじゃぃ やってくれれば<05> ウインガのしるしを あげるのに…<05> どうじゃ やる気にならんかの?」<05>-2<05>
0572	a27575208b77737983789a99763f05200c6c20738f78726f809720b3b2dde6897c997c05207a9d147a7f209c807c80099673055e0520ceda207a89c2d9cabc207109997697052001fc013c89b5b1bcbd769720012e8f130520900f668e6f84789a2080899d1096a3055e052a2e31360523393205a2756f842024318a7a9a720c6e73052001706601b4839d977c72850520149a766620736f83789901669689a305	「おお ひきうけてくれるか?<05> じゃ うまくいったら ウインガのしるし<05> こんどこそ わたしたげよう<05><5E><05> ホレ このツルハシ あげるから<05> 北東のオアシスから 村まで<05> みぞをほっとくれ たのんだよ」<05><5E><05>*.16<05>#92<05>「おっと $1はこれいじょう<05> 物を持てんらしいな<05> どれかを うってくる事よの」<05>
0574	2a313731050549323535054932313805205924318a20c2d9cabc667379846f805a0505055e05403539052d3505	*171<05><05><49>255<05><49>218<05> <59>$1は ツルハシをうけとった<5A><05><05><05><5E><05><40>59<05>-5<05>
0576	2621363105a2729472942001288a738f72896ba305	&!61<05>「いやいや 水はうまいのぉ」<05>
0578	a29673946f83789a80896b05208e9a207a9a06b3b2dde6897c997c0c6ca3055e05a27a9a66207b1a7813010c741a0520b3b2dde689809006207d0680662071979c7d109b738301fea3055e052a2e31360523393205a2756f842024318a7a9a720c6e73052001706601b4839d977c72850520149a766620736f83789901669689a305	「ようやってくれたのぉ<05> ほれ これがウインガのしるしじゃ」<05><5E><05>「これを さばくで使えば<05> ウインガのたみが すがたを あらわすだろうて…」<05><5E><05>*.16<05>#92<05>「おっと $1はこれいじょう<05> 物を持てんらしいな<05> どれかを うってくる事よの」<05>
057A	0549323535054932313805205924318a20b3b2dde6897c997c66207379846f805a05052a3137300540363105	<05><49>255<05><49>218<05> <59>$1は ウインガのしるしを うけとった<5A><05><05>*170<05><40>61<05>
057C	2a2e313605233932052b3405	*.16<05>#92<05>+4<05>
057E	23213238052b3305	#!28<05>+3<05>
0580	a27f737f732024317b9d05207a9d850170062071999d0c6c9605208e9a6fa3055e0505493235350549323138052059bdbbddf4c589a175727c720128a466018e8601269a805a05055e052e3238053e31300523393005a28e9d848a20313047859d0c6c060520719910791320768f9c9d96a3052a2e313630055e0505493133390520597199107984979a805a0505052a383505	「そうそう $1さん<05> こんな物が あるんじゃよ<05> ほれっ」<05><5E><05><05><49>255<05><49>218<05> <59>スサンドナの『おいしい水』を手に入れた<5A><05><05><5E><05>.28<05>>10<05>#90<05>「ほんとは 10<47>なんじゃが<05> あるだけで かまわんよ」<05>*.160<05><5E><05><05><49>139<05> <59>あるだけとられた<5A><05><05><05>*85<05>
0582	2f05a28e9d848a20333047859d0c6c06052024310c6c76972031304713768f9c9d96a3055e05054931333905205931304784979a805a0505052a383505	/<05>「ほんとは 30<47>なんじゃが<05> $1じゃから 10<47>でかまわんよ」<05><5E><05><05><49>139<05> <59>10<47>とられた<5A><05><05><05>*85<05>
0584	a2719d808a207d1a977c7220014e0c6c896ba305	「あんたは すばらしい 男じゃのぉ」<05>
0586	a271842034c0b0dd1305200128060114990f6a20ceb4ceb45ba305	「あと 4ターンで<05> 水が出るぞぇ ホエホエ<5B>」<05>
0588	a271842033c0b0dd1305200128060114990f6a20ceb4ceb45ba305	「あと 3ターンで<05> 水が出るぞぇ ホエホエ<5B>」<05>
058A	a271842032c0b0dd1305200128060114990f6a20ceb4ceb45ba305	「あと 2ターンで<05> 水が出るぞぇ ホエホエ<5B>」<05>
058C	a271842031c0b0dd1305200128060114990f6a20ceb4ceb45ba305	「あと 1ターンで<05> 水が出るぞぇ ホエホエ<5B>」<05>
058E	a213805b2013800f5b6820ceb4ceb45b055e052071978f675b207a986c20012813886a109605207a986c207e779520100685675b20ceb4ceb45ba305	「でた<5B> でたぞ<5B>ぃ ホエホエ<5B><05><5E><05> あらまぁ<5B> こりゃ 水でねぇだよ<05> こりゃ せきゆ だがなぁ<5B> ホエホエ<5B>」<05>
0590	a27e7795207e7795207a986c2089929d0f6b21055e05208493767820909d85208b7771090c6c675b0520ceb4ceb45ba305	「せきゆ せきゆ こりゃ のめんぞぉ!<05><5E><05> ともかく みんな ひきあげじゃぁ<5B><05> ホエホエ<5B>」<05>
0592	a27172808001fe94979a80965b0520909d8520012e8f132086099b6b5b20ceb4ceb45ba305	「あいたた…やられたよ<5B><05> みんな 村まで にげろぉ<5B> ホエホエ<5B>」<05>
0594	a2fac6add9bd89017c01888a05200d721c9d208c9972939d1385052080727a8991767c20d7ddfcd9fbd9890c107276970520719984729c9a8375999d0c6c96a305	「バニュルスの長城は<05> ずいぶん ふるいもんでな<05> たいこのむかし ランブルビルのじだいから<05> あるといわれておるんじゃよ」<05>
0596	59b5b1bcbd769720900d668b77757480215a052a2e32333605	<59>オアシスから みずをひきおえた!<5A><05>*.236<05>
0598	a29c9a9c9a20b3b2dde68980908a0520b3b2dde6897c997c6601b48220b1c5c08081660520769d09727d99a305	「われわれ ウインガのたみは<05> ウインガのしるしを持つ アナタたちを<05> かんげいする」<05>
059A	a296737a7f20b3b2dde68901108d21055e0520b3b2dde6897c997c66936f80052075776c788a20859d889d1c98109b7388055e05208f67207a9d8501108a20920d977c72109b7376970520956f78988420013601707c83726f83789aa305	「ようこそ ウインガの町へ!<05><5E><05> ウインガのしるしをもった<05> おきゃくは なんねんぶりだろうね<05><5E><05> まぁ こんな町は めずらしいだろうから<05> ゆっくりと 見物していってくれ」<05>
059C	a29c807c80818a208a997691767c769705207a897b1a7889011c66207d90947d7201e4017866938492830520777e8284849386207214737c83998996a305	「わたしたちは はるかむかしから<05> このさばくの中を すみやすい土地をもとめて<05> きせつとともに いどうしてるのよ」<05>
059E	a27a89730a78011089207f730c6d737c8286726f803f05207d096a20766f7a72729d1021055e0520139320feb880817a149306012699840520757a979a999d109688a305	「このうごく町の そうじゅうしつにいった?<05> すげぇ かっこいいんだ!<05><5E><05> でも ボクたちこどもが入ると<05> おこられるんだよね」<05>
05A0	a281760a9b20fac6add9bd89017c0188866c0520147a89109a9497209c769d85720520fab9d3dd908072858906207d9082728388055e05207f9a7297722071807c6c208c719d13886aa305	「ちかごろ バニュルスの長城にゃ<05> どこのだれやら わかんない<05> バケモンみたいなのが すみついてね<05><5E><05> それいらい あたしゃ ふあんでねぇ」<05>
05A2	a2fac6add9bd89017c0188867d9082780520fab9d3c91493660520dcda97209573769d85b3b2dde68980900605207a898f8f208e756f837578dcb98a857221a305	「バニュルスの長城にすみつく<05> バケモノどもを<05> ワレら ゆうかんなウインガのたみが<05> このまま ほおっておくワケはない!」<05>
05A4	a2fac6add9bd89017c0188868a0520147a76977620829a7b979a837780052033013a89209c7672013889010201047b8f06052084979c9a837299977c7201fea305	「バニュルスの長城には<05> どこからか つれさられてきた<05> 3人の わかい女の司祭さまが<05> とらわれているらしい…」<05>
05A6	26363405a271b020013886d3c3837485670520013886d3c3998092859720716f7c8a0520859d1393207d999d7d7914886a01fea305	&64<05>「あー 女にモテてえなぁ<05> 女にモテるためなら あっしは<05> なんでも するんすけどねぇ…」<05>
05A8	a28f726f80852010720c6e731c859d7d76886a0520719d85fab9d3c9717283867c816c6f8305208f726f816c6f808567055e0520139320d3c399809285970520716f7c8a2094988f7d96a305	「まいったな だいじょうぶなんすかねぇ<05> あんなバケモノあいてにしちゃって<05> まいっちゃったなぁ<05><5E><05> でも モテるためなら<05> あっしは やりますよ」<05>
05AA	a2013683789a9620760e89011a6680789c749905207a89200c8f9d891473986e787f738166210520776e739320816e737c0672720e05208567757221a305	「見てくれよ かぜの力をたくわえる<05> この じまんのどうりょくそうちを!<05> きょうも ちょうしがいいぜ<05> なぁおい!」<05>
05AC	26363305a2728f20769a978a20fac6add9bd89017c0188860520848209777d99207b787e9d7672076605207c8372999d10a305	&63<05>「いま かれらは バニュルスの長城に<05> とつげきする さくせんかいぎを<05> しているんだ」<05>
05AE	a28c6f01fe7296729620796f7e9d10850520014a86017001367e8394997601fecccca305	「ふっ…いよいよ けっせんだな<05> 目に物見せてやるか…フフ」<05>
05B0	26363305a272947294209c9a9c9a897b067c83729901020104060520fab9d3c9149386207b979c9a8084018a7c80847a9b0520726f7c6e8601849c85727684207b7f9c9a8f7c8385055e052093819b9d209c9a9c9a930520726f7c6e86018475730c6c71988f7e9d7621a305	&63<05>「いやいや われわれのさがしている司祭が<05> バケモノどもに さらわれたと話したところ<05> いっしょに戦わないかと さそわれましてな<05><5E><05> もちろん われわれも<05> いっしょに戦おうじゃありませんか!」<05>
05B2	a201847289847720728f7a7f77809a9820137d8521a305	「戦いのとき いまこそきたれり ですな!」<05>
05B4	a27b6720726f7c6e860184728f7c6e730520917c6c1c9972062075778377800e0520fcd9d9d9d9d9d9d9d9d9d9d9d9d921a305	「さぁ いっしょに戦いましょう<05> むしゃぶるいが おきてきたぜ<05> ブルルルルルルルルルルルルル!」<05>
05B6	a2718580068093209c9a9c9a9305207189fab9d3c914936620867891010601b4818a052075850c8a0d137d055e0520726f816e20946f80988f7c6e732121a305	「あなたがたも われわれも<05> あのバケモノどもを にくむ気持ちは<05> おなじはずです<05><5E><05> いっちょ やったりましょう!!」<05>
05B8	2621363305a27b67207f730c6d737c82898e738d21a305	&!63<05>「さぁ そうじゅうしつのほうへ!」<05>
05BA	2621363205a27b6720728f76970520848209778e738e7366207e8292727c8f7d05207172837299727d8620757d9c9801207b72a305	&!62<05>「さぁ いまから<05> とつげきほうほうを せつめいします<05> あいているいすに おすわり下さい」<05>
05BC	a2243114892075018a8adbd7dd7b9d840520b5d9dbcc7b9d86737606728f7c80055e0520726f7c6e8601846f83789a8f7d883fa3052b3105	「$1どの お話はロランさんと<05> オルロフさんにうかがいました<05><5E><05> いっしょに戦ってくれますね?」<05>+1<05>
05BE	253105	%1<05>
05C0	a27198068473207b6720728f76970520848209778e738e7366207e8292727c8f7d05207172837299727d8620757d9c9801207b72a30540363205	「ありがとう さぁ いまから<05> とつげきほうほうを せつめいします<05> あいているいすに おすわり下さい」<05><40>62<05>
05C2	a27294207185808a207f9d858605209573778985728b840c6c85720520726f7c6e862001846f83789a8f7d883fa3052d3205	「いや あなたは そんなに<05> ゆうきのないひとじゃない<05> いっしょに 戦ってくれますね?」<05>-2<05>
05C4	a27a9a0620fac6add9bd89017c018810a305	「これが バニュルスの長城だ」<05>
05C6	a27a7a8d89848209778a2093819b9d05207a8920730a780110138920807201dc809813757a8573a305	「ここへのとつげきは もちろん<05> この うごく町での たい当たりでおこなう」<05>
05C8	a28482097781839d8a20017c0188816d737573890520019089208f012010a305	「とつげきちてんは 長城ちゅうおうの<05> 塔の ま下だ」<05>
05CA	a2807201dc80987c20730a78011006017c018886052092987a9d1097209c9a9c9ab3b2dde68905200184847301ca017a0620017c018885721c8d8405208482866d737c2083776601c201c47d99055e05207c767c20939d10728a20243114898081890520937883771371992001020104776d737c6d82867199055e05209c9a9c9a8975786f80052083727b82017a898e737a7886969a1a052076890c6e808189729920017c01887578899b73948a05201e73076e8d7713208f93979a8372998910a305	「たい当たりし うごく町が長城に<05> めりこんだら われわれウインガの<05> 戦とう部隊が 長城ないぶへと<05> とつにゅうし てきを攻撃する<05><5E><05> しかし もんだいは $1どのたちの<05> もくてきである 司祭きゅうしゅつにある<05><5E><05> われわれのおくった<05> ていさつ隊のほうこくによれば<05> かのじょたちのいる 長城おくのろうやは<05> ぼうぎょへきで まもられているのだ」<05>
05CC	a27f7a66208475988779998092868a052033767c6e7199201e73076e8d776605203101ca017a0a848620717983727685799a1a85978572a305	「そこを とおりぬけるためには<05> 3かしょある ぼうぎょへきを<05> 1部隊ごとに あけていかなければならない」<05>
05CE	a27b9786207f9a8414730c86201d8201ca017a0605209b739485721c869320776d737c6d8286052091769c881a8597857201fea305	「さらに それとどうじに べつ部隊が<05> ろうやないぶにも きゅうしゅつに<05> むかわねばならない…」<05>
05D0	a29c9a9c9a8a203301ca017a85891021052033767c6e13201e73076e8d776605207a73986c78207d998985970520776d737c6d827d9901ca017a062085720c6c7185727621a305	「われわれは 3部隊なのだ!<05> 3かしょで ぼうぎょへきを<05> こうりゃく するのなら<05> きゅうしゅつする部隊が ないじゃあないか!」<05>
05D2	a201fe01fe01fe01fe01fe01fe01fe01fe01fe01fe01fea305	「……………………………」<05>
05D4	a2712072942014932075789a816c6f8301fe0520859d7d763f20859d7d763f0520909d8520bcddd0aeb0852001647c816c6f83a305	「あ いや ども おくれちゃって…<05> なんすか? なんすか?<05> みんな シンミョーな 顔しちゃって」<05>
05D6	a2fab693892120767207868a75789a9985840520719a8e1420726f83757280138a85727621055e0542372031052071712090857b9d207c829a727c8f7c80055e05207f9a85971a209c9a9c9ab3b2dde6769705203101ca017a2075767c7c8f7c6e73055e05423720330520816e7314727201fecaddbd210520b5cfb48901ca017a1320726f83789a87763fa305	「バカもの! かいぎにはおくれるなと<05> あれほど いっておいたではないか!<05><5E><05><42>7 1<05> ああ みなさん しつれいしました<05><5E><05> それならば われわれウインガから<05> 1部隊 おかししましょう<05><5E><05><42>7 3<05> ちょうどいい…ハンス!<05> オマエの部隊で いってくれぬか?」<05>
05D8	a27101fe716f7c06137d76723fa305	「あ…あっしがですかい?」<05>
05DA	a2caddbd207a89869d9166207e727a737b7e9a1a052001388620d3c3d3c3100f21a305	「ハンス このにんむを せいこうさせれば<05> 女に モテモテだぞ!」<05>
05DC	a27f7d76207f7d763f05207f9d859720946f816c75768567a305	「そすか そすか?<05> そんなら やっちゃおかなぁ」<05>
05DE	a27f9a138a20796f83721005202431148920969b7c72137d763fa3052b3105	「それでは けっていだ<05> $1どの よろしいですか?」<05>+1<05>
05E0	253105	%1<05>
05E2	a27b67207f9a138a209c807c8a84820977017a8905200c6d9d1b0671988f7d055e052024311489207a8920730a78011089739d839d8a0520b1c5c0868f767e8072207f730c6d737c8286727705207f730c6d737e7786207d9c6f8301207b9aa30540363305	「さぁ それでは わたしはとつげき隊の<05> じゅんびがあります<05><5E><05> $1どの この うごく町のうんてんは<05> アナタにまかせたい そうじゅうしつにいき<05> そうじゅうせきに すわって下され」<05><40>63<05>
05E4	a27c767c207a9a7206728605208e738e738a20857289137d052014737620856f84787c8301207b979d763fa3052d3205	「しかし これいがいに<05> ほうほうは ないのです<05> どうか なっとくして下さらんか?」<05>-2<05>
05E6	a2d3c3998092859720716f7c8a2094988f7d96a305	「モテるためなら あっしは やりますよ」<05>
05E8	26363305a27a7a8a20b3b2dde6897f730c6d737c82137da305	&63<05>「ここは ウインガのそうじゅうしつです」<05>
05EA	a27b7121207f730c6d737e77868272830520b3b2dde666207f730c6d737c8378107b72a305	「さあ! そうじゅうせきについて<05> ウインガを そうじゅうしてください」<05>
05EC	a284820977b021a305	「とつげきー!」<05>
05EE	a2fab9d3dd8a20946f8279806772210520b3b2dde61a9d0bb07221a305	「バケモンは やっつけたぁい!<05> ウインガばんざーい!」<05>
05F0	234c3105a271807c6c207a9d85739a7c7201668a8572960520776e738a20847a849d2089908f78999c966b21a3052e4c3105	#<4C>1<05>「あたしゃ こんなうれしい事はないよ<05> きょうは とことん のみまくるわよぉ!」<05>.<4C>1<05>
05F2	a2b3b2afb0af21207197719d8021052096756f78209099840520859d76207272014e0c6c857289210520ceda83207c8f727fb0109c6701fecbafb821a305	「ウイッーッ! あらあんた!<05> よおっく みると<05> なんか いい男じゃないの!<05> ホレて しまいそーだわぁ…ヒック!」<05>
05F4	a2946f159820b3b2dde689018401868a0520846f8393208296766f809d108821a305	「やっぱり ウインガの戦士は<05> とっても つよかったんだね!」<05>
05F6	a27a9d767289207c6e7398890520749d89012089011a01b4818472946705201473986e787f73816620710d769905207a8920b5da6f8301661085afcaafcaaf21a305	「こんかいの しょうりの<05> えんの下の力持ちといやぁ<05> どうりょくそうちを あずかる<05> この オレって事だなッハッハッ!」<05>
05F8	26373705a2b3b2dde689809086846f838a05207a9a8a207c6e7398106f8076937c9a9d0601fe055e05200102010406776d737c6d827b9a85727607980520b5da8081897c6e73988a85726f21a305	&77<05>「ウインガのたみにとっては<05> これは しょうりだったかもしれんが…<05><5E><05> 司祭がきゅうしゅつされないかぎり<05> オレたちのしょうりはないっ!」<05>
05FA	a28e9d84738620017c018889857686052087799081859d83719989762024313fa305253105	「ほんとうに 長城のなかに<05> ぬけみちなんてあるのか $1?」<05>%1<05>
05FC	a22431067f7372738597052087799081062071999d109b738501fe05207a7a8a20243189b6dd667c9d0c9673a305	「$1がそういうなら<05> ぬけみちが あるんだろうな…<05> ここは $1のカンをしんじよう」<05>
05FE	a2243193207f73759373760520147393207189caddbd847273014e052075816e737c938989967310769785a305	「$1も そうおもうか<05> どうも あのハンスという男<05> おちょうしもののようだからな」<05>
0600	26373705a2c3a8cca780818a20728f0a9b052014737c83207299137c6e738567a305	&77<05>「ティファたちは いまごろ<05> どうして いるでしょうなぁ」<05>
0602	a27b67209c807c80819320801b668212798f7c6e7376a305	「さぁ わたしたちも たびをつづけましょうか」<05>
0604	a2243114892001020104660520776d737c6d82137785766f802091889d7b8a052096789c76988f7d01fea305	「$1どの 司祭を<05> きゅうしゅつできなかった むねんさは<05> よくわかります…」<05>
0606	a27b6720837766726f7f737c802075729c72137d052014730f207d77851079052075899086856f8301207b7221a305	「さぁ てきをいっそうした おいわいです<05> どうぞ すきなだけ<05> おのみになって下さい!」<05>
0608	a27294672024317b9d2105208e9d84869383816c6f8096052001846f839099939d10886a5ba305	「いやぁ $1さん!<05> ほんとにもてちゃったよ<05> 戦ってみるもんだねぇ<5B>」<05>
060A	234c3205a27197207185800620739c7b8924317b9d3f05209c807c20829672014e6f83208b769a999c675ba3052e4c3205	#<4C>2<05>「あら あなたが うわさの$1さん?<05> わたし つよい男って ひかれるわぁ<5B>」<05>.<4C>2<05>
060C	a2946f15982075847a8a2082967885776c0520886a5b20726f7c6e862089908f7c6e733fa305	「やっぱり おとこは つよくなきゃ<05> ねぇ<5B> いっしょに のみましょう?」<05>
060E	26373205a2caddbd7b675b9d20dcc0bc0520966f816c6f8090805b72a305	&72<05>「ハンスさぁ<5B>ん ワタシ<05> よっちゃったみた<5B>い」<05>
0610	a2b1da5b20caddbd7b5b9d0520147a726f816c6f80896b5b0520886a5b21a305	「アレ<5B> ハンスさ<5B>ん<05> どこいっちゃったのぉ<5B><05> ねぇ<5B>!」<05>
0612	26373205a201fe243114897601fe0520017c018889fab9d3c914938a20946f82798f7c800605207a89b3b2dde68a208482097789bcaeafb813052084731c9d20730a797f738671988f7e9d01fe055e05208f80207b727c6e7697200110127898137d9601fea3052a363205	&72<05>「…$1どのか…<05> 長城のバケモノどもは やっつけましたが<05> このウインガは とつげきのショックで<05> とうぶん うごけそうにありません…<05><5E><05> また さいしょから 町づくりですよ…」<05>*62<05>
0614	a2718920caddbd847273014e0520756f816e7a816e72137d06207272d4c2137d052075781b6e73860136748f7d062073138a0130818f7d96055e05208b848220969b7c78758806727c8f7d2024311489a305	「あの ハンスという男<05> おっちょこちょいですが いいヤツです<05> おくびょうに見えますが うでは立ちますよ<05><5E><05> ひとつ よろしくおねがいします $1どの」<05>
0616	a20110662082789885757d85970520716f7c062024317b9d8420726f7c6e86801b7c830520729b9d850110660136837a9673763f0520776f84200110127898897b9d7a7386859996a305	「町を つくりなおすなら<05> あっしが $1さんと いっしょにたびして<05> いろんな町を見てこようか?<05> きっと 町づくりのさんこうになるよ」<05>
0618	a2758f74867c838a2096722072799d138a85727605207f9a8a72720f20caddbd21a305	「おまえにしては よい いけんではないか<05> それはいいぞ ハンス!」<05>
061A	a20c6c71207b6f7f780520012013207c6d6f158289200c6d9d1b667c8378999ca30540373205	「じゃあ さっそく<05> 下で しゅっぱつの じゅんびをしてくるわ」<05><40>72<05>
061C	a27b6720716f7c97892001ca017a890c6d9d1b8a0520848489728f7c800e052024317b9d2072778f7c6e732121055e05207a9a769720726f7c6e860520729b9d85847a9b1301846f809705207e7672011c1320d3c3d3c30c6c85727d763f05207b6720726f7c6e86209383816c728f7c6e7321a3052b3105	「さぁ あっしらの 部隊のじゅんびは<05> ととのいましたぜ<05> $1さん いきましょう!!<05><5E><05> これから いっしょに<05> いろんなところで戦ったら<05> せかい中で モテモテじゃないすか?<05> さぁ いっしょに もてちゃいましょう!」<05>+1<05>
061E	253105	%1<05>
0620	a2946f80675b722121a3055e05052059caddbd8901ca017a062085768f86856f802105202024318920bbcca7b2b10620760694728021215a05052a2e313232055e05a214739320010201047b9d80818a20017c018889917a73069c860520829a7b979a809080727d886a055e0520716f7c0620019a73868a20017c018889011c769785970520917a73069c86207279999d0c6c8572768401fe055e0520b1c6b721207f730c6d737c82862072778f7c6e05207f730c6d737c8221a305403736052a363105	「やったぁ<5B>い!!」<05><5E><05><05> <59>ハンスの部隊が なかまになった!<05>  $1の サファイアが かがやいた!!<5A><05><05>*.122<05><5E><05>「どうも 司祭さんたちは 長城のむこうがわに<05> つれさられたみたいすねぇ<05><5E><05> あっしが 思うには 長城の中からなら<05> むこうがわに いけるんじゃないかと…<05><5E><05> アニキ! そうじゅうしつに いきましょ<05> そうじゅうしつ!」<05><40>76<05>*61<05>
0622	a27f9d85207e6f7c6e738520b1c6b7a8b00520816c9d842001847376977b6705208e9d848a207594788601308180729d100520829a836f83789a99137c6e3fa3052d3205	「そんな せっしょうな アニキィー<05> ちゃんと 戦うからさぁ<05> ほんとは おやくに立ちたいんだ<05> つれてってくれるでしょ?」<05>-2<05>
0624	a2717f9a6f20c1aec1aeb289c1aeb284a305	「あそれっ チョチョイのチョイと」<05>
0626	a27b6f20b1c6b7af2072778f7c6e732121a30540373705	「さっ アニキッ いきましょう!!」<05><40>77<05>
0628	26373705a2b1c6b721207f730c6d737c82862072778f7c6e05207f730c6d737c8221a305	&77<05>「アニキ! そうじゅうしつに いきましょ<05> そうじゅうしつ!」<05>
062A	a2716f7c0620019a73868a20017c018889011c769785970520917a73069c86207279999d0c6c8572768401fe055e05207b7120b1c6b7af2120017c01888d9176728f7c6e73a305	「あっしが 思うには 長城の中からなら<05> むこうがわに いけるんじゃないかと…<05><5E><05> さあ アニキッ! 長城へむかいましょう」<05>
062C	a2fac6add9bd89017c01888a05209c9a9c9a207b1a78867d919389898e7a9821055e0520718996738520fab9d3c91493862072828f139305207d77867b7e8375789c79868a2072769d89106f21a305	「バニュルスの長城は<05> われわれ さばくにすむもののほこり!<05><5E><05> あのような バケモノどもに いつまでも<05> すきにさせておくわけには いかんのだっ!」<05>
062E	a2fab9d3dd859d7620946f8279816c7421a305	「バケモンなんか やっつけちゃえ!」<05>
0630	a2949a949a20fac6add9bd89017c0188860520fab9d3dd067d908278848a01fe055e0520b3b2dde689809086846f83207a9a8e140520857b79857201668a85720fa305	「やれやれ バニュルスの長城に<05> バケモンがすみつくとは…<05><5E><05> ウインガのたみにとって これほど<05> なさけない事はないぞ」<05>
0632	262137380526393905a2b5c7bc9720146b7a769705207a89d2afbbd8b18901108d20946f8377803fa305	&!78<05>&99<05>「オヌシら どぉこから<05> このメッサリアの町へ やってきた?」<05>
0634	a27a6b7a8a20d2afbbd8b1890110106796a305	「こぉこは メッサリアの町だぁよ」<05>
0636	26373805a275948f7120719d808f7b76207a89bbfab86605207199728377808976723fa305	&78<05>「おやまあ あんたまさか このサバクを<05> あるいてきたのかい?」<05>
0638	a2719d8076723f20727785982001108a0d9a8605201c6f849d1377802075013a8a3fa305	「あんたかい? いきなり 町はずれに<05> ぶっとんできた お人は?」<05>
063A	26383505a2017c018889917a73866c0520b6afbbd8b16f8301100671999d100520917a7384207c6e731a721377986c209373769d898685a305	&85<05>「長城のむこうにゃ<05> カッサリアって町があるんだ<05> むこうと しょうばいできりゃ もうかんのにな」<05>
063C	26393905a272948820b6afbbd8b1847c6e731a72667d99052072728e738e7366769d0674809d137d960520136f7672cac466010c6f8320017066012c1c210520139320136f7672cac406886a01fe055e0520109a76207f9d85cac420766f83857276886a3fa305	&99<05>「いやね カッサリアとしょうばいをする<05> いいほうほうをかんがえたんですよ<05> でっかいハトを使って 物を運ぶ!<05> でも でっかいハトがねぇ…<05><5E><05> だれか そんなハト かってないかねぇ?」<05>
063E	a28f802072727c6e731a726620769d0674809d137d960520780d9a80761d89208a8d9d66052075909409847c8320739b7384019a739d137da305	「また いいしょうばいを かんがえたんですよ<05> くずれたかべの はへんを<05> おみやげとして うろうと思うんです」<05>
0640	26393905a2761d89917a73860520b6afbbd8b189011006207199847273898a0520909d852001346f83999d1006055e05207f9a0620149d8501108589760520109a93200136800166068572891096a305	&99<05>「かべのむこうに<05> カッサリアの町が あるというのは<05> みんな 知ってるんだが<05><5E><05> それが どんな町なのか<05> だれも 見た事がないのだよ」<05>
0642	a28473847320b6afbbd8b1890110840520727777061377999673862085988f7c8096a305	「とうとう カッサリアの町と<05> いききができるように なりましたよ」<05>
0644	26373805a27f9766849d13908072856705207f7c809720017c018889917a7389b6afbbd8b1860520717f1b867279998986a305	&78<05>「そらをとんでみたいなぁ<05> そしたら 長城のむこうのカッサリアに<05> あそびにいけるのに」<05>
0646	26393905a27586727b9d207f97841d999d137c6e3f05201e7820013680939d055e05208e7686938c809820849d138096883f0520017c018889917a7386207581807914a305	&99<05>「おにいさん そらとべるんでしょ?<05> ぼく 見たもん<05><5E><05> ほかにもふたり とんでたよね?<05> 長城のむこうに おちたけど」<05>
0648	a2761d862001aa71798089207586727b9d137c6e3f0520feb8013680939d055e0520feb82014730f7386977806777c80988a7d9979140520719d857d0a7220b2c0edd78a7c857296a305	「かべに 穴あけたの おにいさんでしょ?<05> ボク見たもん<05><5E><05> ボク どうぞうにらくがきしたりはするけど<05> あんなすごい イタズラはしないよ」<05>
064A	26393905a27a9a8a20fac6add9bd89017c018889761d1096055e05207a89917a738620b6afbbd8b16f83727305200110067199897b055e05207f7c8320b6afbbd8b1890110868a0520b8d8bdc0d9890102010420d8c57b8f06052072976f7c6c9920847273018a1096a305	&99<05>「これは バニュルスの長城のかべだよ<05><5E><05> このむこうに カッサリアっていう<05> 町があるのさ<05><5E><05> そして カッサリアの町には<05> クリスタルの司祭 リナさまが<05> いらっしゃる という話だよ」<05>
064C	a275149b728088210520726f8072201473946f8305207a89761d862001aa66207179809d10723fa305	「おどろいたね!<05> いったい どうやって<05> このかべに 穴を あけたんだい?」<05>
064E	26363605a275b075b075b005207b1a7866207a7483946f8377809d7696055e05207b1a786620719972837a7499859d83055e0520b3b2dde68980900c6c85729d107697052091816c857a84207d999d0c6c857296a305	&66<05>「おーおーおー<05> さばくを こえてやってきたんかよ<05><5E><05> さばくを あるいてこえるなんて<05><5E><05> ウインガのたみじゃないんだから<05> むちゃなこと するんじゃないよ」<05>
0650	a27a7a9d847a20017c018806f4afb6ddf4afb6dd052073997eb08520859d137471986c3fa305	「ここんとこ 長城がドッカンドッカン<05> うるせーな なんでえありゃ?」<05>
0652	a28d6f8d20b5da8a14731c826671727d99014e96052014731c8271720a2072727a841a10886a05209080767220327672867299136f7672cac40520759a06cbc576977f108380899621055e0520b5cfb49314731c828a207d7776723fa305253105	「へっへ オレはどうぶつをあいする男よ<05> どうぶつあいご いいことばだねぇ<05> みたかい 2かいにいるでっかいハト<05> おれがヒナからそだてたのよ!<05><5E><05> オマエもどうぶつは すきかい?」<05>%1<05>
0654	a27f7376727f7376722072727a7a9b06798905209c76939d10886a2014731c8271720a2014731c8271720aa305	「そうかいそうかい いいこころがけの<05> わかもんだねぇ どうぶつあいご どうぶつあいご」<05>
0656	a276746f83789a207a898b8413857c21a305	「かえってくれ このひとでなし!」<05>
0658	263930052d3305	&90<05>-3<05>
065A	2621393905a2b5da89136f7672cac4060520d2afbbd8b184b6afbbd8b1660520917d9d109d100e21207d0a72109ba305	&!99<05>「オレのでっかいハトが<05> メッサリアとカッサリアを<05> むすんだんだぜ! すごいだろ」<05>
065C	2621393205a28f80859d7696733f0520738189cac48a937320767c8f7e9d9621052014731c8271720a2014731c8271720aa305	&!92<05>「またなんかよう?<05> うちのハトはもう かしませんよ!<05> どうぶつあいご どうぶつあいご」<05>
065E	2621393105a2767c83710999898a20726f767210791096a305	&!91<05>「かしてあげるのは いっかいだけだよ」<05>
0660	a285862120b3c189136f7672cac46620767c838e7c723f05207e779566012c1c9d106f833f055e0520b5da89769c7272cac48620d1d87b7e99898a856701fe01fe0520967c212014731c8271720a8638304720778c7d99763fa305253105	「なに! ウチのでっかいハトを かしてほしい?<05> せきゆを運ぶんだって?<05><5E><05> オレのかわいいハトに ムリさせるのはなぁ……<05> よし! どうぶつあいごに80<47> きふするか?」<05>%1<05>
0662	2b3205	+2<05>
0664	a27f9d859720767b85729620ccdd1021052014731c8271720a2014731c8271720a2121a305	「そんなら かさないよ フンだ!<05> どうぶつあいご どうぶつあいご!!」<05>
0666	3e38300523393005a27501540601ac9885720c6c9d05207f9d859720767b85729620ccdd1021052014731c8271720a2014731c8271720a2121a305	>80<05>#90<05>「お金が足りないじゃん<05> そんなら かさないよ フンだ!<05> どうぶつあいご どうぶつあいご!!」<05>
0668	2f05a2767c8394997601fe01fe05207f89769c9820726f767210791096052014731c8271720a2014731c8271720a2121a3052a2e36052a36340540393105	/<05>「かしてやるか……<05> そのかわり いっかいだけだよ<05> どうぶつあいご どうぶつあいご!!」<05>*.6<05>*64<05><40>91<05>
066A	a20c6c2094787f7814759820726f7672107910769788052014731c8271720a2014731c8271720a01fe01fea305	「じゃ やくそくどおり いっかいだけだからね<05> どうぶつあいご どうぶつあいご……」<05>
066C	052059136f7672cac486207e77956601b4807e805a0505052a363505	<05> <59>でっかいハトに せきゆを持たせた<5A><05><05><05>*65<05>
066E	26383305a273818a20d2afbbd8b1208010726f799d890520139d7c6e1a8494102120149d858306909305207d088676789621200a96738a85727688a305	&83<05>「うちは メッサリア ただいっけんの<05> でんしょばとやだ! どんなてがみも<05> すぐにかくよ! ごようはないかね」<05>
0670	26213834052b3705	&!84<05>+7<05>
0672	a272976f7c6c7220139d7c6e1a849410960520858685862083069066207672838e7c728976723f0520313030471096207272883fa305253105	「いらっしゃい でんしょばとやだよ<05> なになに てがみを かいてほしいのかい?<05> 100<47>だよ いいね?」<05>%1<05>
0674	2b3205	+2<05>
0676	a2859d1096208b94767c76960520fcc2fcc201fea305	「なんだよ ひやかしかよ<05> ブツブツ…」<05>
0678	3e3130300523393005a2756f84207501540601ac98857288a305	>100<05>#90<05>「おっと お金が足りないね」<05>
067A	2a2e31360523393205a2756f842001b4017006726f15721088a305	*.16<05>#92<05>「おっと 持物がいっぱいだね」<05>
067C	2f05a2858666207672838e7c723f01fe01fe0520a19c9a9c9a8a201c0c10a46f8376789d1088a3055e052001fe01fe01fe84767283208401fe055e05208a72137771069868a3055e050549323535054932313805205924318a20830690667379846f805a0505052a36390540383405	/<05>「なにを かいてほしい?……<05> 『われわれは ぶじだ』ってかくんだね」<05><5E><05> ………とかいて と…<05><5E><05> はいできあがりぃ」<05><5E><05><05><49>255<05><49>218<05> <59>$1は てがみをうけとった<5A><05><05><05>*69<05><40>84<05>
067E	26383805a273818a20d2afbbd8b1208010726f799d890520139d7c6e1a8494102120149d858306909305207d088676789621200a96738a85727688a305	&88<05>「うちは メッサリア ただいっけんの<05> でんしょばとやだ! どんなてがみも<05> すぐにかくよ! ごようはないかね」<05>
0680	26393605a2746f207e7795068a7a1d9920136f7672cac43f05207f986c20b3c1138a20d1d8108505208e76662071806f83789a96a305	&96<05>「えっ せきゆがはこべる でっかいハト?<05> そりゃ ウチでは ムリだな<05> ほかを あたってくれよ」<05>
0682	26393905a273818a20d2afbbd8b1208010726f799d890520139d7c6e1a8494102120149d858306909305207d088676789621200a96738a85727688a305	&99<05>「うちは メッサリア ただいっけんの<05> でんしょばとやだ! どんなてがみも<05> すぐにかくよ! ごようはないかね」<05>
0684	a2c4cece20761d067a9c9a8320b3c18a05207c6e731a722071066f80981096a305	「トホホ かべがこわれて ウチは<05> しょうばい あがったりだよ」<05>
0686	26393905a2946f159820b6afbbd8b1849a9d97788499859705207a7a867607988f7d85055e05207a89907e8597207d0886139d7c6e1a84860520917d1b827999208306909320767283789a8f7d7c88a305	&99<05>「やっぱり カッサリアとれんらくとるなら<05> ここにかぎりますな<05><5E><05> このみせなら すぐにでんしょばとに<05> むすびつける てがみも かいてくれますしね」<05>
0688	a2b6afbbd8b184200c95738605207277770620137799967386856f80898a2072727914055e0520139d7c6e1a849489967385052075939177897199207c6e731a7206207d809a837c8f73898a052076747d06747d93200b9d889d137d85a305	「カッサリアと じゆうに<05> いききが できるようになったのは いいけど<05><5E><05> でんしょばとやのような<05> おもむきのある しょうばいが すたれてしまうのは<05> かえすがえすも ざんねんですな」<05>
068A	263738052b3305	&78<05>+3<05>
068C	26383205403832052b3205	&82<05><40>82<05>+2<05>
068E	2621393905a20c828a20b5da208f1020139d7c6e1a841305201c9d82737c83999d1001fe01fe208d9d763fa305	&!99<05>「じつは オレ まだ でんしょばとで<05> ぶんつうしてるんだ…… へんか?」<05>
0690	a20c828a20b5da20b6afbbd8b189013889ba840520139d7c6e1a8420010c6f8305201c9d82737c839d10207272109b3fa305	「じつは オレ カッサリアの女のコと<05> でんしょばと 使って<05> ぶんつうしてんだ いいだろ?」<05>
0692	263832055984788620769c6f807a848a85729673105a05	&82<05><59>とくに かわったことはないようだ<5A><05>
0694	26383305052059cac48a208306906601b46f837280052020830690868a207a7376769a8372995a05055e05a19c9a9c9a8a20b5d9dbcc84dbd7dd8472730520801b899389137199201a788a82868f777a8f9a0520b6afbbd8b18901108620841a7b9a837780055e0520937c207f819789d2afbbd8b1860520243184caddbd20847273013a01700672809705207a89cac413208306906675789a84052082807483728010778072a405403833052a313305	&83<05><05> <59>ハトは てがみを持っていた<05>  てがみには こうかかれている<5A><05><05><5E><05>『われわれは オルロフとロランという<05> たびのものである ばくはつにまきこまれ<05> カッサリアの町に とばされてきた<05><5E><05> もし そちらのメッサリアに<05> $1とハンス という人物がいたら<05> このハトで てがみをおくれと<05> つたえていただきたい』<05><40>83<05>*13<05>
0696	26383705052059cac48a208306906601b46f837280052020830690868a207a7376769a8372995a05055e05a19c9a9c9a8a20b5d9dbcc84dbd7dd8472730520801b899389137199201a788a82868f777a8f9a0520b6afbbd8b18901108620841a7b9a837780055e0520937c207f819789d2afbbd8b1860520243184caddbd20847273013a01700672809705207a89cac413208306906675789a84052082807483728010778072a405	&87<05><05> <59>ハトは てがみを持っていた<05>  てがみには こうかかれている<5A><05><05><5E><05>『われわれは オルロフとロランという<05> たびのものである ばくはつにまきこまれ<05> カッサリアの町に とばされてきた<05><5E><05> もし そちらのメッサリアに<05> $1とハンス という人物がいたら<05> このハトで てがみをおくれと<05> つたえていただきたい』<05>
0698	26383805403838052b3105	&88<05><40>88<05>+1<05>
069A	052059cac48a208306906601b46f837280052020830690868a207a7376769a8372995a05055e05a19c9a9c9a062001140156738092868a0520017c018866208a76727d997c76857205207f9a868a201a78947806208b82967310055e05207a7ab6afbbd8b18597207e7795769705201a7894780682789a99891005207e779566018e8601269a83207a81978675786f83789a052020b5d9dbcc20dbd7dd20a405	<05> <59>ハトは てがみを持っていた<05>  てがみには こうかかれている<5A><05><05><5E><05>『われわれが 出会うためには<05> 長城を はかいするしかない<05> それには ばくやくが ひつようだ<05><5E><05> ここカッサリアなら せきゆから<05> ばくやくがつくれるのだ<05> せきゆを手に入れて こちらにおくってくれ<05>  オルロフ ロラン 』<05>
069C	26213936052b3305	&!96<05>+3<05>
069E	052059cac48a201a78947884208306906601b46f837280052020830690868a207a7376769a8372995a05055e05a11a7894780620769d7e727c800605208a7672986e7806208296728913207f81978905200110017c89776e76662093976f83769720010c737a84052020b5d9dbcc20dbd7dd20a4055e052a2e313605233932050520597c767c2001b4017006726f1572130520201a7894780620938385725a0505	<05> <59>ハトは ばくやくと てがみを持っていた<05>  てがみには こうかかれている<5A><05><05><5E><05>『ばくやくが かんせいしたが<05> はかいりょくが つよいので そちらの<05> 町長のきょかを もらってから 使うこと<05>  オルロフ ロラン 』<05><5E><05>*.16<05>#92<05><05> <59>しかし 持物がいっぱいで<05>  ばくやくが もてない<5A><05><05>
06A0	0549323535054932313805205924318a201a7894786620018e8601269a805a050505403936052a363605	<05><49>255<05><49>218<05> <59>$1は ばくやくを 手に入れた<5A><05><05><05><40>96<05>*66<05>
06A2	052059cac48a208306906601b46f837280052020830690868a207a7376769a8372995a05055e05a11a7894780620769d7e727c800605208a7672986e7806208296728913207f81978905200110017c89776e76662093976f83769720010c737a84052020b5d9dbcc20dbd7dd20a405	<05> <59>ハトは てがみを持っていた<05>  てがみには こうかかれている<5A><05><05><5E><05>『ばくやくが かんせいしたが<05> はかいりょくが つよいので そちらの<05> 町長のきょかを もらってから 使うこと<05>  オルロフ ロラン 』<05>
06A4	052059cac4868306906620917d1b8279805a0505052a31323705	<05> <59>ハトにてがみを むすびつけた<5A><05><05><05>*127<05>
06A6	26383305a2728282828201fe0520726f8072207a7a8a20147a137c6e3f0520017c018889817678106f83898a209c7699791405207f9a8620dbd7dd7b9d9420b5d9dbcc7b9d8a3fa305	&83<05>「いつつつつ…<05> いったい ここは どこでしょ?<05> 長城のちかくだってのは わかるけど<05> それに ロランさんや オルロフさんは?」<05>
06A8	26393205a28e978820716f7c89726f808475980520017c018889917a73069c86207279806f7c6e3f05208c809810792010791488a305	&92<05>「ほらね あっしのいったとおり<05> 長城のむこうがわに いけたっしょ?<05> ふたりだけ だけどね」<05>
06AA	26393605a2b1c6b7b020859d10768d9d85cac4060520716f7c897184662082728377816c739d137d96a305	&96<05>「アニキー なんだかへんなハトが<05> あっしのあとを ついてきちゃうんですよ」<05>
06AC	26393905a2b1c6b721208a9472847a05201a788a207c816c757396a305	&99<05>「アニキ! はやいとこ<05> ばくは しちゃおうよ」<05>
06AE	a27a9d148901107a7f0520013889ba109779106f80972072726f7d886aa305	「こんどの町こそ<05> 女のコだらけだったら いいっすねぇ」<05>
06B0	26393605a29c807c8a0110017c1005207a890110132072811a9db4d7b29d100520b4d7b27c6e737a8620dcc0bc8914730f7306052001306f83998966013680109b733f209c6f8a6f8aa305	&96<05>「わたしは町長だ<05> この町で いちばんエライんだ<05> エライしょうこに ワタシのどうぞうが<05> 立ってるのを見ただろう? わっはっは」<05>
06B2	2639380540393805a21a7894781320761d667a9c7c80723f055e052001fe01fe01fe01fe01fe01fe01fe01fe735b9d055e05207f9a8a7272212001108401100620018e6682850705208d729c869176722094787c9d7d9905207d1a977c726f2121055e05207a9a13dcc0bc89858f7406209a777c8620897a99109b73210520dcb0afcaafcaaf21055e052080107c6f210520dcc0bc8914730f738a207a9c7b9d9673868821a305	&98<05><40>98<05>「ばくやくで かべをこわしたい?<05><5E><05> ……………………う<5B>ん<05><5E><05> それはいい! 町と町が 手をつなぎ<05> へいわにむかい やくしんする<05> すばらしいっ!!<05><5E><05> これでワタシのなまえが れきしに のこるだろう!<05> ワーッハッハッ!<05><5E><05> ただしっ!<05> ワタシのどうぞうは こわさんようにね!」<05>
06B4	26393905a2dcc0bc8914730f738a207a9c7b9d9673860520738f78201a78947866207577857b7296a305	&99<05>「ワタシのどうぞうは こわさんように<05> うまく ばくやくを おきなさいよ」<05>
06B6	a2729467208c8082890110892095730a73137d856721a305	「いやぁ ふたつの町の ゆうごうですなぁ!」<05>
06B8	4931363705a2866c866c9d20866c866c9da305	<49>167<05>「にゃにゃん にゃにゃん」<05>
06BA	4931363605a29c9c9d209c9c9da305	<49>166<05>「わわん わわん」<05>
06BC	233134054931363805a2076c066c6b73b0055e054932390520f6adb0a305	#14<05><49>168<05>「ぎゃがゃぉうー<05><5E><05><49>29<05> ピュー」<05>
06BE	a214731c8271720a6f83899305207272939d1085a305	「どうぶつあいごってのも<05> いいもんだな」<05>
06C0	233134054931393505a208996f192099996f19a305	#14<05><49>195<05>「ぐるっぽ るるっぽ」<05>
06C2	a294712105207b72779d2014733fa305	「やあ!<05> さいきん どう?」<05>
06C4	233134054931393505a2b8b020b8b0a305	#14<05><49>195<05>「クー クー」<05>
06C6	a20c828a209c807c0520c6adb0cab0cc20859d137d052075850c20c6adb0cab0cc8920cac48405201c9d82737c80729d137da305	「じつは わたし<05> ニューハーフ なんです<05> おなじ ニューハーフの ハトと<05> ぶんつうしたいんです」<05>
06C8	0520591a78947806207c7679979a805a0505052a363705	<05> <59>ばくやくが しかけられた<5A><05><05><05>*67<05>
06CA	493235350549313938050520597a7a13201a788a827b7e99840520200110017c86757a979a837c8f735a05	<49>255<05><49>198<05><05> <59>ここで ばくはつさせると<05>  町長におこられてしまう<5A><05>
06CC	493235350549313938050520590110017c89776e76662093979c8572840520201a7894788a20010c7485725a05	<49>255<05><49>198<05><05> <59>町長のきょかを もらわないと<05>  ばくやくは 使えない<5A><05>
06CE	0520590110017c8914730f731001fe01fe8d9d85767501fe5a050505	<05> <59>町長のどうぞうだ……へんなかお…<5A><05><05><05>
06D0	a114730f7386977806777d9985a405	『どうぞうにらくがきするな』<05>
06D2	a17a7a8a207a8901101372811a9d749772200110017c897274a405	『ここは この町でいちばんえらい 町長のいえ』<05>
06D4	a2017c01888920761d898f748605200d976f842085979d1399209014988994820520719a6f83200110017c892014730f73859d109688055e0520760d7b74207f9b74986c052072726f83939d139320857284207593739d107914886a0520738189200110017c93209210818006981305207a8f6f80939d1096a305	「長城の かべのまえに<05> ずらっと ならんでる みどりのやつ<05> あれって 町長の どうぞうなんだよね<05><5E><05> かずさえ そろえりゃ<05> いいってもんでも ないと おもうんだけどねぇ<05> うちの 町長も めだちたがりで<05> こまったもんだよ」<05>
06D6	232138380523383905a2746f207e7795068e7c728976723f05207e7795859d83207a897b1a788901fa898e73130520721413938e9a1a0520727897139301149984019a730ea305	#!88<05>#89<05>「えっ せきゆがほしいのかい?<05> せきゆなんて このさばくの南のほうで<05> いどでもほれば<05> いくらでも出ると思うぜ」<05>
06D8	a2139d7c6e1a8413052083069066757899898a2072729d10791405207b72779d208997fac4068c7483886a055e05207172829789769710662001c01d998405208f1020830690062082728380987d999d109688a305	「でんしょばとで<05> てがみをおくるのは いいんだけど<05> さいきん のらバトがふえてねぇ<05><5E><05> あいつらのからだを 調べると<05> まだ てがみが ついてたりするんだよね」<05>
06DA	a2015a77837280897620243105208f6f8078207178739d8920829672014e1085055e052001fe7174832096766f8096a305	「生きていたのか $1<05> まったく あくうんの つよい男だな<05><5E><05> …あえて よかったよ」<05>
06DC	a2b6afbbd8b1898b8480818a0520243186717280066f838f7d96a305	「カッサリアのひとたちは<05> $1にあいたがってますよ」<05>
06DE	a28c8082898f8106208b848286856f80898a052072729d137d062079720b7276787b0605207c9d157289808820859d137c83886aa305	「ふたつのまちが ひとつになったのは<05> いいんですが けいざいかくさが<05> しんぱいのたね なんでしてねぇ」<05>
06E0	a29c807c6c2001fc867199cfda89011076970520b8d8bdc0d9890102010420d8c57b8f8905200c6d9d9a72862077809d1079148801fe055e0520d8c57b8f8a207b979c9a806f8372737c0520761d8a20727785981c6f7a9c9a997c05209c807c6c201b6f78987c14757c1096a305	「わたしゃ 北にあるマレの町から<05> クリスタルの司祭 リナさまの<05> じゅんれいに きたんだけどね…<05><5E><05> リナさまは さらわれたっていうし<05> かべは いきなりぶっこわれるし<05> わたしゃ びっくりしどおしだよ」<05>
06E2	a2017c0188867d908272838020fab9d3dd660520946f827983789a80898a20b1ddc00680106f833f052072946720769d7c6c7c839996055e05207a9a132071848a20d8c57b8f06052093146f837783789a9a1a2072737a8485729d10791488a305	「長城にすみついてた バケモンを<05> やっつけてくれたのは アンタがただって?<05> いやぁ かんしゃしてるよ<05><5E><05> これで あとは リナさまが<05> もどってきてくれれば いうことないんだけどね」<05>
06E4	a2728f8a20761d06780d9a83052090689d852073769a839979140520016c01dc8a207b1b7c72caed1096055e052085867c9b207a89011089010201047b8f8a0520fab9d3dd808186207b979c9a818f6f809d107697a305	「いまは かべがくずれて<05> みぃんな うかれてるけど<05> 本当は さびしいハズだよ<05><5E><05> なにしろ この町の司祭さまは<05> バケモンたちに さらわれちまったんだから」<05>
06E6	a2716f20758672816c9d0520017c018889917a738620756f7a8180013a137c6e3fa305	「あっ おにいちゃん<05> 長城のむこうに おっこちた人でしょ?」<05>
06E8	a20102010489d8c57b8f06207b979c9a837c8f6f838a0520937320b8d8bdc0d9890a760a8a0520769d0e9d86208578856f837c8f7389109b738567055e05207294729420969c7786856f838a72769d0520b8d8bdc0d98a20959284771e73662082767b149901980520149d857a8406716f839320771e73667d839985840520d8c57b8f0620726f837280138a857276a305	「司祭のリナさまが さらわれてしまっては<05> もう クリスタルのごかごは<05> かんぜんに なくなってしまうのだろうなぁ<05><5E><05> いやいや よわきになってはいかん<05> クリスタルは ゆめときぼうを つかさどる石<05> どんなことがあっても きぼうをすてるなと<05> リナさまが いっていたではないか」<05>
06EA	a2dcc0bc061a789478662082786f809d137d9605201473137c80208a7672986e783f0520719a93729b729b910d767c729d137d96a305	「ワタシがばくやくを つくったんですよ<05> どうでした はかいりょく?<05> あれもいろいろむずかしいんですよ」<05>
06EC	a2fab9d3c980810620017c018886207d90827280898a0520948a9820d8c5010201040620927183106f8089109b737601fe055e05207189e9d9a5f4a5dab28420858999fab9d3c9060520a17a9a132034013a7f9b6f8001fea484760520726f83756f807c85a305	「バケモノたちが 長城に すみついたのは<05> やはり リナ司祭が めあてだったのだろうか…<05><5E><05> あのゲル・ド・レイと なのるバケモノが<05> 『これで 4人そろった…』とか<05> いっておったしな」<05>
06EE	a2b8d8bdc0d9890102010420d8c57b8f8a0520fab9d3c986829a7b979a837c8f728f7c80055e0520801b89938989018a138a208e76869333013a8905209c767201380162062084979c9a837280847601fea305	「クリスタルの司祭 リナさまは<05> バケモノにつれさられてしまいました<05><5E><05> たびのものの話では ほかにも3人の<05> わかい女性が とらわれていたとか…」<05>
06F0	a27a89b6afbbd8b189207f7e9d8a05200d6f8401fc898e7389faecacf484727301108605207d9d13809d137d0c6c055e0520b8d8bdc0d98901f6019866208f9398069086757705207f9a8a208d729c850110106f807f73137d0c6c055e0520847a9b060520b8d8bdc0d9667b9d0f7886731a9c9a8f7c838505207f9a7297722001108a719a8a8305207a7a8f13208e739b737c8377809d137d0c6c055e0520859d1393207a898481868a0520d7f6bdd7edd8847273208e76892001f40198890a760a060520769d0c979a997f73137d0c6ca305	「このカッサリアの そせんは<05> ずっと北のほうのバジャドという町に<05> すんでたんですじゃ<05><5E><05> クリスタルの宝石を まもりがみにおき<05> それは へいわな町だったそうですじゃ<05><5E><05> ところが<05> クリスタルをさんぞくにうばわれましてな<05> それいらい 町はあれはて<05> ここまで ほうろうしてきたんですじゃ<05><5E><05> なんでも このとちには<05> ラピスラズリという ほかの 聖石のごかごが<05> かんじられるそうですじゃ」<05>
06F2	a20a7306721096200a730672210520b6afbbd8b184d2afbbd8b1890110060520827286208b848286856f8096055e05207f8920808394787c6c8a109a763f05207a897c9d1c9d132001ee839c7699960520758672816c9d20766f837685723fa305	「ごうがいだよ ごうがい!<05> カッサリアとメッサリアの町が<05> ついに ひとつになったよ<05><5E><05> その たてやくしゃはだれか?<05> このしんぶんで 全てわかるよ<05> おにいちゃん かってかない?」<05>
06F4	a28e8e7301feb1c5c0207a8996890520776d737e727c6d809905200c8286207d1a977c7220869d7f73667c8375979a9901fe05207a897c0a84667c8383208a0c92831096a305	「ほほう…アナタ このよの<05> きゅうせいしゅたる<05> じつに すばらしい にんそうをしておられる…<05> このしごとをしてて はじめてだよ」<05>
06F6	a27b6f7720b1afbc06207397856f8393976f80970520013886751e9a99869d7f73106f837b67052014737c96733fa305	「さっき アッシが うらなってもらったら<05> 女におぼれるにんそうだってさぁ<05> どうしよう?」<05>
06F8	a2b6afbbd8b1012401708920b6d7b8d87c1a7266052001368076723fa305253105	「カッサリア名物の カラクリしばいを<05> 見たかい?」<05>%1<05>
06FA	a2719a8a20967813778399109b3f052001ee01ca20013a01cc1320946f83999d107697a305	「あれは よくできてるだろ?<05> 全部 人形で やってるんだから」<05>
06FC	a2106f8097200136808e7306727296a305	「だったら 見たほうがいいよ」<05>
06FE	23214c3105a290999d8597207b6f7b84052086767286726f83209083778521a305	#!<4C>1<05>「みるんなら さっさと<05> にかいにいって みてきな!」<05>
0700	a2016c01528920107c93898a0520728f20818f8013209c1072890520d2afbbd8b184b6afbbd8b1898473728210672105207510728a806f808931304720013683727876723fa305253105	「本日の だしものは<05> いま ちまたで わだいの<05> メッサリアとカッサリアのとういつだぁ!<05> おだいはたったの10<47> 見ていくかい?」<05>%1<05>
0702	2b3205	+2<05>
0704	a2859d107220b9c1787b72886a207a89b5c6b2c1acdda305	「なんだい ケチくさいねぇ このオニイチャン」<05>
0706	3e31300523393005a2756f84207501540601ac98857288a305	>10<05>#90<05>「おっと お金が足りないね」<05>
0708	2f05a28a72b06f200c6c3130477280107896a3055e050549313339052059313047667c8a976f805a0505055e05a27b672032767286726f830520890f778f146620890f72830a979da3052e4c31050505	/<05>「はいーっ じゃ10<47>いただくよ」<05><5E><05><05><49>139<05> <59>10<47>をしはらった<5A><05><05><05><5E><05>「さぁ 2かいにいって<05> のぞきまどを のぞいてごらん」<05>.<4C>1<05><05><05>
070A	a2d2afbbd8b184b6afbbd8b166052082850980747295736f8320149d85013a859d109b7388a305	「メッサリアとカッサリアを<05> つなげたえいゆうって どんな人なんだろうね」<05>
070C	a1099d107289747295730520243120dbd7dd20b5d9dbcc20caddbd8934013a8a055e0520b3b2dde68980908420776e73986e787c830520fac6add9bd89017c01886601c201c47c80a405	『げんだいのえいゆう<05> $1 ロラン オルロフ ハンスの4人は<05><5E><05> ウインガのたみと きょうりょくして<05> バニュルスの長城を攻撃した』<05>
070E	a1847a9b06207f898477891a788a8286208f777a8f9a0520243184caddbd8a20d2afbbd8b18901108d055e0520dbd7dd20b5d9dbcc8a20b6afbbd8b18901108d840520841a7b9a837c8f6f802121200116f6ddc110b02121a405	『ところが そのときのばくはつに まきこまれ<05> $1とハンスは メッサリアの町へ<05><5E><05> ロラン オルロフは カッサリアの町へと<05> とばされてしまった!! 大ピンチだー!!』<05>
0710	a1847a9b062034013a8a71808f067272886a0520859d841a7894786682789801147c01fea405	『ところが 4人はあたまがいいねぇ<05> なんとばくやくをつくり出し…』<05>
0712	a1fac6add9bd89017c018886207c7679809d10a405	『バニュルスの長城に しかけたんだ』<05>
0714	a17f7c832001161a788a822121a405	『そして 大ばくはつ!!』<05>
0716	a18c80828901108a208b84828685988f7c80847b05209213807c9213807c0520202020202020202020202020202020759c98a405	『ふたつの町は ひとつになりましたとさ<05> めでたしめでたし<05>                おわり』<05>
0718	a275776c787b9d20013699898a052001201320750154668a976f837697867c8396a305	「おきゃくさん 見るのは<05> 下で お金をはらってからにしてよ」<05>
071A	23214c3205a2909977068578839305207576888a2076747b85729621a305	#!<4C>2<05>「みるきがなくても<05> おかねは かえさないよ!」<05>
071C	a2016c015289107c93898a20b6afbbd8b1758a7a890520a1d7ddfcd9fbd989139d7e82a410960520806f80323047137d9620013683778f7e9d763fa305253105	「本日のだしものは カッサリアおはこの<05> 『ランブルビルのでんせつ』だよ<05> たった20<47>ですよ 見てきませんか?」<05>%1<05>
071E	2b3205	+2<05>
0720	a2859d102001368372768572859d830520726f7c6e73207a7376727d9996a305	「なんだ 見ていかないなんて<05> いっしょう こうかいするよ」<05>
0722	3e32300523393005a2756f84207501540601ac98857288a305	>20<05>#90<05>「おっと お金が足りないね」<05>
0724	2f05a27198068473200c6c32304788a3055e0505493133390520593230477c8a976f805a0505055e05a23276721320890f778f146620890f728378107b7288a3052e4c32050505	/<05>「ありがとう じゃ20<47>ね」<05><5E><05><05><49>139<05> <59>20<47>しはらった<5A><05><05><05><5E><05>「2かいで のぞきまどを のぞいてくださいね」<05>.<4C>2<05><05><05>
0726	a18a9976852091767c207a897e76728a0520d7ddfcd9fbd9847273208d729c8578868696980520757b92979a83728084727301fea405	『はるかな むかし このせかいは<05> ランブルビルという へいわなくににより<05> おさめられていたという…』<05>
0728	a1d7ddfcd9fbd9662001a072837280898a052037828901f485990198842037013a8901a001a2808101fea405	『ランブルビルを 導いていたのは<05> 7つの聖なる石と 7人の導師たち…』<05>
072A	a17472749d86208212787684019a9c9a80208d729c85847793052001080170897c9d866d7386969820759c9866820980a405	『えいえんに つづくかと思われた へいわなときも<05> 魔物のしんにゅうにより おわりをつげた』<05>
072C	a101a001a280818a20010801708680727a737d998092052001f6019889011a66769883052001ea011e84961a9a997277938966207390107c80a405	『導師たちは 魔物にたいこうするため<05> 宝石の力をかりて<05> 巨神とよばれるいきものを うみだした』<05>
072E	a17c767c01fe01fe052037013a8901a001a2898b8498060520967a7c8f857a7a9b66721072808092055e052001ea011e8a1e737f737c05207575788996778b841b8406207289816675847c80a405	『しかし……<05> 7人の導師のひとりが<05> よこしまなこころをいだいたため<05><5E><05> 巨神はぼうそうし<05> おおくのよきひとびとが いのちをおとした』<05>
0730	a101fed7ddfcd9fbd98a052084738473208e9b9d137c8f6f80a405	『…ランブルビルは<05> とうとう ほろんでしまった』<05>
0732	a136013a8901a001a280818a05209c0b9c728920938413719920d9fbb08901a001a27697052001f6019866731a7220769a662082728e737c80a405	『6人の導師たちは<05> わざわいの もとである ルビーの導師から<05> 宝石をうばい かれを ついほうした』<05>
0734	a17f7c8301a001a280818a20897a7b9a80011a668c987c1e98052001ea011e668c730c7a9280a405	『そして導師たちは のこされた力をふりしぼり<05> 巨神をふうじこめた』<05>
0736	a17e7672892077778a7b98052001a001a280818a207f9a0f9a892080906601a072830520d7ddfcd9fbd966207b6f83726f80847273a405	『せかいの ききはさり<05> 導師たちは それぞれの たみを導いて<05> ランブルビルを さっていったという』<05>
0738	a17f7c83728f20b8d8bdc0d98901a001a289207c7f9d80810605208506722078859d89801b898a838605208014988272808906207a7a20b6afbbd8b1137199055e0520139d7e828a207f732082807483729901fe05052020202020202020202020202020202020759c98a405	『そしていま クリスタルの導師の しそんたちが<05> ながい くなんのたびのはてに<05> たどりついたのが ここ カッサリアである<05><5E><05> でんせつは そう つたえている…<05><05>                 おわり』<05>
073A	26313034052b3205	&104<05>+2<05>
073C	2b3905	+9<05>
073E	a2a1d7ddfcd9fbd989139d7e82a4937301368f7c8076883fa305253105	「『ランブルビルのでんせつ』もう見ましたかね?」<05>%1<05>
0740	2b3205	+2<05>
0742	a22431148920719a8a72811405200136837572808e7306207272137d96a305	「$1どの あれはいちど<05> 見ておいたほうが いいですよ」<05>
0744	a29c807c8a1473937189018a060520010686859989137d207a8901108605207189b6d7b8d86682786f80209b731a0605207d9d1372998477778f7c80055e0520789c7c727a84662077778672778f7e9d763fa305253105	「わたしはどうもあの話が<05> 気になるのです この町に<05> あのカラクリをつくった ろうばが<05> すんでいるとききました<05><5E><05> くわしいことを ききにいきませんか?」<05>%1<05>
0746	2b3205	+2<05>
0748	a27f73137d762001068685988f7e9d7601fe0520948a9820769d06747d07137c6e737601fea305	「そうですか 気になりませんか…<05> やはり かんがえすぎでしょうか…」<05>
074A	a2948a982024311489932001068685988f7c807605207f9a138a207b6f7f7872778f7c6e73a305263130310540313031052b3105	「やはり $1どのも 気になりましたか<05> それでは さっそくいきましょう」<05>&101<05><40>101<05>+1<05>
074C	2e3239052e214c33052a373405	.29<05>.!<4C>3<05>*74<05>
074E	a2a1d7ddfcd9fbd989139d7e82a4939305209393939373fbfabcc001368f7c80808080763fa305253105	「『ランブルビルのでんせつ』もも<05> ももももうビバシタ見ましたたたたか?」<05>%1<05>
0750	2b3205	+2<05>
0752	a22431141e201a1d8a7211111114140520fbfb0136fb1383757210108e730620fbfbfd0d1ea305	「$1どぼ ばべはいぢぢぢどど<05> ビビ見ビでておいだだほうが ビビベずぼ」<05>
0754	a2faf0ccfa20f4f4f41473937189018a0605200106868585718599891313131313137d055e05207a89011086207189b6d7b8d86682786f8005209b731a06207d7d7d7d7d9d1372998477778f7c80055e0520789c7c727a846620b7b77777b7778672778f7e9d763fa305253105	「バダフバ ドドドどうもあの話が<05> 気にななあなるのでででででです<05><5E><05> この町に あのカラクリをつくった<05> ろうばが すすすすすんでいるとききました<05><5E><05> くわしいことを キキききキきにいきませんか?」<05>%1<05>
0756	2b3205	+2<05>
0758	a2fab4fdfee7acafc4fb055e0520777777778685988f7e9de6e6e6e601fe05209494948a9820769d06747d07131b6e73fafafafa01fea305	「バエベボギャットビ<05><5E><05> ききききになりませんガガガガ…<05> やややはり かんがえすぎでびょうババババ…」<05>
075A	a2d4affafb9820243114fe930520777777010677778685988f7c8076e676e605207ff3f38a207b6f7f080872778f7c6e73a305263130310540313031052b3105	「ヤッバビり $1どボも<05> ききき気ききになりましたかガかガ<05> そデデは さっそぐぐいきましょう」<05>&101<05><40>101<05>+1<05>
075C	2e3239052e214c33052a373405	.29<05>.!<4C>3<05>*74<05>
075E	a2751a1a7b8f8a20728f997d137d05208f8071841320778301207b72a305	「おばばさまは いまるすです<05> またあとで きて下さい」<05>
0760	a27a89011089013c89147378820520d7f6bdd7edd88901f40178868a208a997691767c0520d7f6bdd7edd88901a001a206010c6f800520139d7e8289012a01d2062071998472737a840c6c21055e05207f9a8a20d7f6bdd7edd889019886052001a0769a802093891079060520018e867d997a84061377992084727301fe01fe055e0520776f849478868082207b067c857b9a7221a3052e3705	「この町の東のどうくつ<05> ラピスラズリの聖地には はるかむかし<05> ラピスラズリの導師が使った<05> でんせつの武器が あるということじゃ!<05><5E><05> それは ラピスラズリの石に<05> 導かれた ものだけが<05> 手にすることができる という……<05><5E><05> きっとやくにたつ さがしなされい!」<05>.7<05>
0762	2321353005a27b6720727f08890c6c055e052085860a849320757a978773818605200102010466807d79107d89137d0f21a305	#!50<05>「さぁ いそぐのじゃ<05><5E><05> なにごとも おこらぬうちに<05> 司祭をたすけだすのですぞ!」<05>
0764	2a2e323705233930052d3205	*.27<05>#90<05>-2<05>
0766	a2a1d7ddfcd9fbd989139d7e82a476723f0520719a8a01ee8320016c01dc89018a109c7201fe055e0520858621208e768901101393052001020104067b979c9a8375998976213f055e052001020104848a20d7ddfcd9fbd98901a001a2898f82747201fe055e0520848599842080728d9d850166109c72052001ea011e66208c6f76827b7e96738405207c8372999389067599055e05208c73729d66208478809286052001a001a2898f8274726605207279867486207d9982939885890c6c055e0520937c9420c3a8b1d7868b7699207f89bbcca7b2b105207b979c9a802001020104890170138a857289763fa3052b3105	「『ランブルビルのでんせつ』かい?<05> あれは全て 本当の話だわい…<05><5E><05> なに! ほかの町でも<05> 司祭がさらわれておるのか!?<05><5E><05> 司祭とは ランブルビルの導師のまつえい…<05><5E><05> となると たいへんな事だわい<05> 巨神を ふっかつさせようと<05> しているものがおる<05><5E><05> ふういんを とくために<05> 導師のまつえいを<05> いけにえに するつもりなのじゃ<05><5E><05> もしや ティアラにひかる そのサファイア<05> さらわれた 司祭の物ではないのか?」<05>+1<05>
0768	253105	%1<05>
076A	a27f9a0fd7ddfcd9fbd98901a001a2969882809c9905203782892001f485990198898b8482055e0520877c9720727f08890c6c052001ea011e068c6f76827d9a1a05207a89968a208e9b9d137c8f730f96a3052a373505	「それぞランブルビルの導師よりつたわる<05> 7つの 聖なる石のひとつ<05><5E><05> ぬしら いそぐのじゃ<05> 巨神がふっかつすれば<05> このよは ほろんでしまうぞよ」<05>*75<05>
076C	a27294208f81067285780102010489017021a3052d3205	「いや まちがいなく司祭の物!」<05>-2<05>
076E	2631303405a27d9984948a9820c3a8cca789d7f6bdd7edd89301fea305	&104<05>「するとやはり ティファのラピスラズリも…」<05>
0770	a27d7d7d7d99842094949494948a980520c3c3c3c3c3c3c3a8cca78920d7d7d7f6bdd7edd89301fea305	「すすすすると やややややはり<05> テテテテテテティファの ラララピスラズリも…」<05>
0772	a285862120d7f6bdd7edd893207a7a8671998976213f055e052076828320faecacf4847273012e130520b8d8bdc0d9662084730f7886731a9c9a05208e739b737c800102010480810605207a89017886801498827280898a055e05207a89011089013c86719920d7f6bdd7edd88901f401788905200a760a66207379837299769785890c6c21055e05207f7c83207f8901f40178868a208a997691767c0520d7f6bdd7edd88901a001a206010c6f800520139d7e8289012a01d2062071998472737a840c6c055e0520776f849478868082207b067c857b9a7221a3052e3705	「なに! ラピスラズリも ここにあるのか!?<05><5E><05> かつて バジャドという村で<05> クリスタルを とうぞくにうばわれ<05> ほうろうした司祭たちが<05> この地にたどりついたのは<05><5E><05> この町の東にある ラピスラズリの聖地の<05> ごかごを うけているからなのじゃ!<05><5E><05> そして その聖地には はるかむかし<05> ラピスラズリの導師が使った<05> でんせつの武器が あるということじゃ<05><5E><05> きっとやくにたつ さがしなされい!」<05>.7<05>
0774	2321353005a290857b9d890520801b89201c0c6672896f8375988f7d055e05201473762075010666827983a305	#!50<05>「みなさんの<05> たびの ぶじをいのっております<05><5E><05> どうか お気をつけて」<05>
0776	233705a27a8901588a20d7f6bdd7edd88901f4017801fe052001f4019820b8d8bdc0d9669380857220d8c5010201048a05207a8901f40178890a760a130520b6afbbd8b189809066208f936f83728089137d055e0520751a1a7b8f8920776e76068578838a052084757d9c79868a2072778f7e9da305	#7<05>「この先は ラピスラズリの聖地…<05> 聖石 クリスタルをもたない リナ司祭は<05> この聖地のごかごで<05> カッサリアのたみを まもっていたのです<05><5E><05> おばばさまの きょかがなくては<05> とおすわけには いきません」<05>
0778	a27a890158892014737882868a207682830520d7f6bdd7edd88901a001a206010c6f808472730520139d7e8289012a01d220a101480132898e7aa406052088916f83729984729c9a83728f7d055e05201473762075010666827983a305	「この先の どうくつには かつて<05> ラピスラズリの導師が使ったという<05> でんせつの武器 『木星のほこ』が<05> ねむっているといわれています<05><5E><05> どうか お気をつけて」<05>
077A	a19573778a20b6fd667a748021052020b6afbbd8b184d2afbbd8b166828572100520209c9a9789747295732024318485768f8081052020202020200e6f7b9d200c6e737472011c20a405	『ゆうきは カベをこえた!<05>  カッサリアとメッサリアをつないだ<05>  われらのえいゆう $1となかまたち<05>      ぜっさん じょうえい中 』<05>
077C	a101020104d8c57b8f0620fab9d3c9867b979c9a8305207c8f728f7c8020728f7a7f20d7ddfcd9fbd9890520139d7e8266019a72107c20d8c57b8f891c0c66052088067573138a2071988f7e9d7620a405	『司祭リナさまが バケモノにさらわれて<05> しまいました いまこそ ランブルビルの<05> でんせつを思いだし リナさまのぶじを<05> ねがおうでは ありませんか 』<05>
077E	05598f6f7897102085869301367485725a05	<05><59>まっくらだ なにも見えない<5A><05>
0780	2631303405a27a9a0620139d7e82892001480132898e7a01fe01fe055e052091692024311489052081769706209085076f837899896620769d0c8f7d0fa305	&104<05>「これが でんせつの 木星のほこ……<05><5E><05> むぅ $1どの<05> ちからが みなぎってくるのを かんじますぞ」<05>
0782	a2eaeaeaeadae620139d0e12892001480132891e0a01fe01fe055e05200c060c2024311414890520e6e60606971006200c1b131301fea305	「ゴゴゴゴレガ でんぜづの 木星のぼご……<05><5E><05> じがじ $1どどの<05> ガガががらだが じびでで…」<05>
0784	a2728282826f20859d83207a6f807205207a7a866c207d096a207501f6062071996f83052077728377808986055e05209c79899c76979d200198891a79939d060520908a6f839406992105208f99132083107c06201377886a9621a305	「いつつつっ なんて こったい<05> ここにゃ すげぇ お宝が あるって<05> きいてきたのに<05><5E><05> わけのわからん 石のばけもんが<05> みはってやがる!<05> まるで てだしが できねぇよ!」<05>
0786	a201480132898e7a66209c807d8f74860520d7f6bdd7edd88901a001a289207a841a8696980520758f74808186207c9a9d66207180749673a305	「木星のほこを わたすまえに<05> ラピスラズリの導師の ことばにより<05> おまえたちに しれんを あたえよう」<05>
0788	a2718920014e8a20d8c57b8f660520726f807220147a8d829a83726f8089109b7301fe055e0520d8c57b8f86208b14727a846605207c8385799a1a727289100601fea305	「あの 男は リナさまを<05> いったい どこへつれていったのだろう…<05><5E><05> リナさまに ひどいことを<05> してなければいいのだが…」<05>
078A	a271898b01fe2084820e9d7f97062078977885980520769085980620758199840520e9d9a5f4a5dab2842085899920fab9d3c90671979c9a8f7c80055e05207f7c8301fe2075149b7786207a74931385720520d8c57b8f89207313668276918405207f898f8f208f6f789b857f978d8420777483726f8089137da305	「あのひ… とつぜんそらが くらくなり<05> かみなりが おちると<05> ゲル・ド・レイと なのる バケモノがあらわれました<05><5E><05> そして… おどろきに こえもでない<05> リナさまの うでをつかむと<05> そのまま まっくろなそらへと きえていったのです」<05>
078C	a2b6d7b8d88920751a1a7b8f8a2080728d9d852075768010055e0520109a9320769d0674827685766f809673850520b6d7b8d86620827898107d7a8493201377997c055e0520d7ddfcd9fbd98682728389052080728d9d208c9972139d7e8293207c6f8372999d10a305	「カラクリの おばばさまは たいへんな おかただ<05><5E><05> だれも かんがえつかなかったような<05> カラクリを つくりだすことも できるし<05><5E><05> ランブルビルについての<05> たいへん ふるいでんせつも しっているんだ」<05>
078E	a2d7ddfcd9fbd98920727c667379820893899605207b7120726f832001f48599011a6620018e867d99067272a305	「ランブルビルの いしをうけつぐものよ<05> さあ いって 聖なる力を 手にするがいい」<05>
0790	2631303505a2937c94b1c5c08a20fab9d3c914936620946f827905208c80828901106693208b8482867c808472730520739c7b8920747295732024317b8f21055e05207a9a8a207a9a8a2096737a7f209c06cfda8901108d21a305	&105<05>「もしやアナタは バケモノどもを やっつけ<05> ふたつの町をも ひとつにしたという<05> うわさの えいゆう $1さま!<05><5E><05> これは これは ようこそ わがマレの町へ!」<05>
0792	a2946f15982071858006808a2074729573137d05207a9d148a209373728114209c9a9c9a89018e130520718580808189207e770f7366052082789885757f738420019a728f7da305	「やっぱり あなたがたは えいゆうです<05> こんどは もういちど われわれの手で<05> あなたたちの せきぞうを<05> つくりなおそうと 思います」<05>
0794	2631303505a20110898f9d857689208b9b1a8d14730f0520776f84fbafb8d87b9a8f7d9621a305	&105<05>「町のまんなかの ひろばへどうぞ<05> きっとビックリされますよ!」<05>
0796	a274b06f84200110017c06728578856f837c8f6f80891305209c807c0620769c98668284927b7e83728010778f7d055e052001fe24317b9d200a929d857b7205208b147220769d097276728620856f837c8f728f7c80055e052001fe0110017c10729889207b727c6e89207c0a8406052071948f997a8410859d830520c2b28385729c8801fe20fcc2fcc2a305	「えーっと 町長がいなくなってしまったので<05> わたしが かわりをつとめさせていただきます<05><5E><05> …$1さん ごめんなさい<05> ひどい かんげいかいに なってしまいました<05><5E><05> …町長だいりの さいしょの しごとが<05> あやまることだなんて<05> ツイてないわね… ブツブツ」<05>
0798	2631303505a2739c739c2120739c7b8974729573052024317b9d137c6e210520bbb2dd7c836a5b2120b7acb0210520739a7c726868212121a305	&105<05>「うわうわ! うわさのえいゆう<05> $1さんでしょ!<05> サインしてぇ<5B>! キャー!<05> うれしいぃぃ!!!」<05>
079A	a2739c739c212024317b9d2010720c6e731c3f052014737c83212014737c832105200110017c0620867e9389106f80859d830520bcaeafb8a9a95b2121a305	「うわうわ! $1さん だいじょうぶ?<05> どうして! どうして!<05> 町長が にせものだったなんて<05> ショックゥゥ<5B>!!」<05>
079C	2631303505a2859d1076207a89cfda8901107109830520b1ddc0978920769d09727672662094996f83018a1067a305	&105<05>「なんだか このマレの町あげて<05> アンタらの かんげいかいを やるって話だぁ」<05>
079E	a20110017c0620719d8505201a79939d106f80848a897501fea305	「町長が あんな<05> ばけもんだったとはのお…」<05>
07A0	2631303505a2816e6f84b3dbb3db7c85721396052024317b8f8920769d097276728905200c6d9d1b1320727f067c729d107697055e05202001feb1af01fe052024317b8f2101fe7c829a727c8f7c80675ba305	&105<05>「ちょっとウロウロしないでよ<05> $1さまの かんげいかいの<05> じゅんびで いそがしいんだから<05><5E><05>  …アッ…<05> $1さま!…しつれいしましたぁ<5B>」<05>
07A2	a2769d097276728a20727606137c80763fa305	「かんげいかいは いかがでしたか?」<05>
07A4	2631303505a27a890110868a2024317b9d808189207e770f7306052071999d1096200110017c7b9d06207a898f7420776d738605208278996f837272107c809d106f21a305	&105<05>「この町には $1さんたちの せきぞうが<05> あるんだよ 町長さんが このまえ きゅうに<05> つくるっていいだしたんだっ!」<05>
07A6	a2b3aab0af21207a9c766f80967575752121a305	「ウェーッ! こわかったよおおお!!」<05>
07A8	a2d4102024317b8f2105207e770f73859d76969820ceddd3c9898e73060520edaf84766f7a72726868682121a305	「ヤだ $1さま!<05> せきぞうなんかより ホンモノのほうが<05> ズッとかっこいいぃぃぃ!!」<05>
07AA	2631303505a272946720769d0972767289757609130520b3c1897c6e7814738a207c107c986e73981305209373766f83209373766f83a305	&105<05>「いやぁ かんげいかいのおかげで<05> ウチのしょくどうは しだしりょうりで<05> もうかって もうかって」<05>
07AC	234c34052a3737052e4c3405a28e9d847389a1c4d8867889cfda8c73a4660520728f7593817c8f7da305	#<4C>4<05>*77<05>.<4C>4<05>「ほんとうの『トリにくのマレふう』を<05> いまおもちします」<05>
07AE	a214730f207a9a06208e9d8473890520a1c4d8867889cfda8c73a4137da3055e05052059c4d8867889cfda8c73a51478857c5a050505	「どうぞ これが ほんとうの<05> 『トリにくのマレふう』です」<05><5E><05><05> <59>トリにくのマレふう・どくなし<5A><05><05><05>
07B0	207f7a868a20109a9372857205	 そこには だれもいない<05>
07B2	233233052d3105	#23<05>-1<05>
07B4	2321323705a2801d85726f832094787f780c6c886a76b0a305	#!27<05>「たべないって やくそくじゃねぇかー」<05>
07B6	2e323705a2801d886a1320789a96b00520cbb020cbb021055e05207f73102024317b9d210520719d808620737c897a841a06209c76999673867c8394990520107697209089067c83789a966ba3052e214c340543332030054334203005	.27<05>「たべねぇで くれよー<05> ヒー ヒー!<05><5E><05> そうだ $1さん!<05> あんたに うしのことばが わかるようにしてやる<05> だから みのがしてくれよぉ」<05>.!<4C>4<05><43>3 0<05><43>4 0<05>
07B8	2631303505a2b3c1890110017c05207e770f73668278996f83207272107c8376970520859d7620014a827706769c6f809d10968567a305	&105<05>「ウチの町長<05> せきぞうをつくるって いいだしてから<05> なんか 目つきがかわったんだよなぁ」<05>
07BA	a271890110017c8ac6bed3c9106f809d137d880520c1b8bcaeb0200110017c8a7a9b7b9a837280897621a305	「あの町長はニセモノだったんですね<05> チクショー 町長はころされていたのか!」<05>
07BC	2631303505a224317b9d0620b4d7b2898a209c769979140520859d130110017c6f809720776d738605207e770f73859d8382786f809d137c6e055e0520796f7a7320d0b0cab085897693886aa305	&105<05>「$1さんが エライのは わかるけど<05> なんで町長ったら きゅうに<05> せきぞうなんてつくったんでしょ<05><5E><05> けっこう ミーハーなのかもねぇ」<05>
07BE	233905a2c4d88914788a2010720c6e731c137d763f05200112781b6e73729d8d20726f8301207b72a305	#9<05>「トリのどくは だいじょうぶですか?<05> 早くびょういんへ いって下さい」<05>
07C0	a29d8f672024317b8f05207c1b9a839d892085756f808988a305	「んまぁ $1さま<05> しびれてんの なおったのね」<05>
07C2	a27a9a8a207a9a8a2024317b8f0520016c01528a20769d0972767289809205207c6e7814738a2075947d90130a0b728f7da305	「これは これは $1さま<05> 本日は かんげいかいのため<05> しょくどうは おやすみでございます」<05>
07C4	a27294675b207a9a8a209678cfda8901108d05209c0620cfda890110138a0520747295732024317b8f8920769d097276726605209396757d7a848620856f8375988f7d055e05207f9b7f9b207c807893208484896f807a9b137c6e73052014730f208b9b1a898e738d01fe05208e7689768006808a209373207571828f987684a3054031303205	「いやぁ<5B> これは よくマレの町へ<05> わが マレの町では<05> えいゆう $1さまの かんげいかいを<05> もよおすことに なっております<05><5E><05> そろそろ したくも ととのったころでしょう<05> どうぞ ひろばのほうへ…<05> ほかのかたがたは もう おあつまりかと」<05><40>102<05>
07C6	2631303205a294946f207a9a8a24317b8f0520769d0972767289200c6d9d1b0620848489738f130520cfda8901108901360170139320857b6f83728301207b72a305	&102<05>「ややっ これは$1さま<05> かんげいかいの じゅんびが ととのうまで<05> マレの町の見物でも なさっていて下さい」<05>
07C8	2631303505a20a817f73669673727c8f7c8020847a849d0520801d8301207b72a305	&105<05>「ごちそうをよういしました とことん<05> たべて下さい」<05>
07CA	a27a898f8189013e8671990520b9b1ccc5b0847273012e8920cab3eedd0158015a859705207c1b9a662085757d7a84062013779976937c9a8f7e9da305	「このまちの西にある<05> ケアフナーという村の ハウゼン先生なら<05> しびれを なおすことが できるかもしれません」<05>
07CC	263130340523214c320523214c3305a28586949720010601b4819c9972789772890520769d09721c981085055e05208c6f01fe936f8493209c997201068a207c85720688055e0520243193207f9b7f9b20717283997e778605207d9c6f8320016e82067272a3052e4c3105	&104<05>#!<4C>2<05>#!<4C>3<05>「なにやら 気持ちわるいくらいの<05> かんげいぶりだな<05><5E><05> ふっ…もっとも わるい気は しないがね<05><5E><05> $1も そろそろ あいてるせきに<05> すわって 待つがいい」<05>.<4C>1<05>
07CE	2631303405a28586949720010601b4819c9972789772890520769d09721c981085055e05208c6f01fe936f8493209c997201068a207c85720688a3052e4c3105	&104<05>「なにやら 気持ちわるいくらいの<05> かんげいぶりだな<05><5E><05> ふっ…もっとも わるい気は しないがね」<05>.<4C>1<05>
07D0	2631303505a2858585859d76207697108f1313131305207c1b9a8383838320777777809673858585a305	&105<05>「ななななんか からだまでででで<05> しびれてててて きききたようななな」<05>
07D2	a2858585859d10106f809d106f106f800520727272728f898a01fe01fea305	「ななななんだだったんだっだった<05> いいいいまのは……」<05>
07D4	263130340523214c310523214c3305a27a8901108920012401708a0520a1c4d8867889cfda8c73a4859d107f73137d791488055e0520716f7c8a20c4d88678201092859d7d960520c4d886788a20b5d9dbcc89f0ddc58605200eb09d1c207109999d10055e05207186779320717283997e7786052076798320016e6f8380973fa3052e4c3205	&104<05>#!<4C>1<05>#!<4C>3<05>「この町の 名物は<05> 『トリにくのマレふう』なんだそうですけどね<05><5E><05> あっしは トリにく だめなんすよ<05> トリにくは オルロフのダンナに<05> ぜーんぶ あげるんだ<05><5E><05> あにきも あいてるせきに<05> かけて 待ってたら?」<05>.<4C>2<05>
07D6	2631303405a27a8901108920012401708a0520a1c4d8867889cfda8c73a4859d107f73137d791488055e0520716f7c8a20c4d88678201092859d7d960520c4d886788a20b5d9dbcc89f0ddc58605200eb09d1c2071099976977b67a3052e4c3205	&104<05>「この町の 名物は<05> 『トリにくのマレふう』なんだそうですけどね<05><5E><05> あっしは トリにく だめなんすよ<05> トリにくは オルロフのダンナに<05> ぜーんぶ あげるからさぁ」<05>.<4C>2<05>
07D8	a2b101feb1c6b701fef0ddc5a701fe0520909d852014737c816c6f809d7d76673fa305	「ア…アニキ…ダンナァ…<05> みんな どうしちゃったんすかぁ?」<05>
07DA	263130340523214c310523214c3205a27a8920cfda8901108a0520c4d8986e7398132095739272107f73130520729467209c807c8a20c4d8867886014a0685788388055e0520caddbd891c9d932001ee01ca939773052094787f78667c809d137d9605207a9a8a208f6f80782095767295767221055e05202431148993207f9b7f9b0520717283997e778620767983052075016e8186856f838a201473137d763fa3052e4c3305	&104<05>#!<4C>1<05>#!<4C>2<05>「この マレの町は<05> トリりょうりで ゆうめいだそうで<05> いやぁ わたしは トリにくに目がなくてね<05><5E><05> ハンスのぶんも 全部もらう<05> やくそくをしたんですよ<05> これは まったく ゆかいゆかい!<05><5E><05> $1どのも そろそろ<05> あいてるせきに かけて<05> お待ちになっては どうですか?」<05>.<4C>3<05>
07DC	2631303405a27a8920cfda8901108a0520c4d8986e7398132095739272107f73130520729467209c807c8a20c4d8867886014a0685788388055e0520caddbd891c9d932001ee01ca939773052094787f78667c809d137d9605207a9a8a208f6f80782095767295767221a3052e4c3305	&104<05>「この マレの町は<05> トリりょうりで ゆうめいだそうで<05> いやぁ わたしは トリにくに目がなくてね<05><5E><05> ハンスのぶんも 全部もらう<05> やくそくをしたんですよ<05> これは まったく ゆかいゆかい!」<05>.<4C>3<05>
07DE	2631303505a224311489207294208e208e208e9d84738605207c7c7c7c7c1b9a99967385052071717171710c137d9696969696a305	&105<05>「$1どの いや ほ ほ ほんとうに<05> しししししびれるような<05> あああああじですよよよよよ」<05>
07E0	a2106f10106f109d131b6e736e7313131305201b6f6f821b1b1a1e1a01fe01fea305	「だっだだっだんでびょうょうででで<05> びっっつびびばぼば……」<05>
07E2	a290857b9d20cfda8901108d2096737a7f210520cfda138a20011066710983052090857b9d6620769d09727c8375988f7d0f055e05207b67207a890110892001240170986e73980520a1c4d8867889cfda8c73a420137d05208e9d847386207c1b9a9975727c7b137d96a305	「みなさん マレの町へ ようこそ!<05> マレでは 町をあげて<05> みなさんを かんげいしておりますぞ<05><5E><05> さぁ この町の 名物りょうり<05> 『トリにくのマレふう』 です<05> ほんとうに しびれるおいしさですよ」<05>
07E4	a2b1bdc4ced9d1207297720c6c85727621202431789d3f05207f9b7f9b20147806208f9c6f8377807685a305	「アストホルム いらいじゃないか! $1くん?<05> そろそろ どくが まわってきたかな」<05>
07E6	a280760620c6dde9dd8c0e7206207a7a8f1305209c9a9c9a86208083827999848a20019a9c85766f8096055e05201006207f9a9320776e731320757c8f721005207b9673859701fe202431789d05207f89207c1b9a807697101305200184730166062013779976853f20ccafccafccaf01fe055e052093732086148471737a848a2085769b73207b971a10a305	「たかが ニンゲンふぜいが ここまで<05> われわれに たてつけるとは 思わなかったよ<05><5E><05> だが それも きょうで おしまいだ<05> さようなら… $1くん<05> その しびれたからだで<05> 戦う事が できるかな? フッフッフッ…<05><5E><05> もう にどとあうことは なかろう さらばだ」<05>
07E8	a2716f7c8a20986e739820786f83857276970520eeddeedd2010720c6eb01c137d960520b1c6b721208f767e8320816eb0107221a3054031303505	「あっしは りょうり くってないから<05> ゼンゼン だいじょーぶですよ<05> アニキ! まかせて ちょーだい!」<05><40>105<05>
07EA	a17596088520b7b9dda405	『およぐな キケン』<05>
07EC	a174729573202431842085768f8081890f73a405	『えいゆう $1と なかまたちのぞう』<05>
07EE	2631303405a174729573202431a405	&104<05>『えいゆう $1』<05>
07F0	2b3605	+6<05>
07F2	2631303405a17472957320dbd7dda405	&104<05>『えいゆう ロラン』<05>
07F4	2b3405	+4<05>
07F6	2631303405a17472957320b5d9dbcca405	&104<05>『えいゆう オルロフ』<05>
07F8	a101fe01fe01fe3f3fa4055e05205972811a9d208b1478207a9c9a8372995a052a32323005	『………??』<05><5E><05> <59>いちばん ひどく こわれている<5A><05>*220<05>
07FA	2631303405a17472957320caddbda405	&104<05>『えいゆう ハンス』<05>
07FC	a101fe7201fe732001fe20a4055e0520597a9c9a8320967820969285725a05	『…い…う … 』<05><5E><05> <59>こわれて よく よめない<5A><05>
07FE	a2149a149a209373207c8f8213778076853fa305	「どれどれ もう しまつできたかな?」<05>
0800	a271986f213f2071986f213f052090857b9d2075099d771372976f7c6c993fa305	「ありっ!? ありっ!?<05> みなさん おげんきでいらっしゃる?」<05>
0802	a201fe01fe01fe01fe01fe01fe01fe01fe052001fe01fe01fe01fe01fe01fe01fe01fea305	「……………………<05> ……………………」<05>
0804	a27294675b207b7d062024317b8f055e054233203305207f7c83207585768f7b9d8081055e05208f6f8078207d1a977c72200a768294781c9801fe055e05207294201d8286209c99070620716f809c790c6c01fea305	「いやぁ<5B> さすが $1さま<05><5E><05><42>3 3<05> そして おなかまさんたち<05><5E><05> まったく すばらしい ごかつやくぶり…<05><5E><05> いや べつに わるぎが あったわけじゃ…」<05>
0806	05a27f9a138a2090857b9d207b965b85975ba305	<05>「それでは みなさん さよ<5B>なら<5B>」<05>
0808	a2718920fac6add9bd89017c0188867d908272800520fab9d3dd149366207e721a727c05208c808289011066208b84828682850980014e055e0520739c7b89747295732024316f830520149d859482859d109b73856701fe055e05208f7120719d8090807285207c6e1e789a800520c6b2c1acdd0c6c886a6f8301668a20807c7610850520caaf2120caaf2120caaf21a305	「あの バニュルスの長城にすみついた<05> バケモンどもを せいばいし<05> ふたつの町を ひとつにつなげた男<05><5E><05> うわさのえいゆう $1って<05> どんなやつなんだろうなぁ…<05><5E><05> まあ あんたみたいな しょぼくれた<05> ニイチャンじゃねぇって事は たしかだな<05> ハッ! ハッ! ハッ!」<05>
080A	233905a27a89012e8a20b9b1ccc5b0960520b4b43f208586726f839d893f05208586726f8399769c769785729c96055e0520fab6867c8572139620ceddc4a305	#9<05>「この村は ケアフナーよ<05> エエ? なにいってんの?<05> なにいってるかわからないわよ<05><5E><05> バカにしないでよ ホント」<05>
080C	a27a89012e8a20b9b1ccc5b09605207e7672728189012401a820cab3eedd0158015a06729989055e0520859d102001346f838089a305	「この村は ケアフナーよ<05> せかいいちの名医 ハウゼン先生がいるの<05><5E><05> なんだ 知ってたの」<05>
080E	233905a2859d1020bab2c2210520fbd8fbd87c1b9a850697018a7c8399210520010601b4819c98685b21a305	#9<05>「なんだ コイツ!<05> ビリビリしびれながら話してる!<05> 気持ちわりぃ<5B>!」<05>
0810	a2816a21209373207c1b9a8385728976675b055e0520828f9d886a89a305	「ちぇ! もう しびれてないのかぁ<5B><05><5E><05> つまんねぇの」<05>
0812	2a2e363305a2859d103f20dcbcac209090068475729d0c6c960520b13fa3055e052b3105	*.63<05>「なんだ? ワシャ みみがとおいんじゃよ<05> ア?」<05><5E><05>+1<05>
0814	2a2e34340523393005a2b13fa3055e052d3005	*.44<05>#90<05>「ア?」<05><5E><05>-0<05>
0816	a27576097b8f13896ba305	「おかげさまでのぉ」<05>
0818	233905a2b5d720727f067c729d106f830520b1ddc090807285dcb6d3c98905207180977c72717f1b86208277716f83998b8f8a052085729d106f83892121a3052e4c3105	#9<05>「オラ いそがしいんだって<05> アンタみたいなワカモノの<05> あたらしいあそびに つきあってるひまは<05> ないんだっての!!」<05>.<4C>1<05>
081A	23214c3105a2b1c5c07b8f9080728520b4d7b276800605207b6f778ae7ace8859d76946f816c6f832093730520728576938966207697769c8572132078107b7296a305	#!<4C>1<05>「アナタさまみたいな エライかたが<05> さっきはギャグなんかやっちゃって もう<05> いなかものを からかわないで くださいよ」<05>
081C	a2cab3eedd0158015a6f8320012401a8137c6e3fa305	「ハウゼン先生って 名医でしょ?」<05>
081E	233905a28586967f8920b1dcdcdcdc6f83890520b2c5b6939d108475936f830520fab6867c83055e0520b3c189012e8a8820b2c5b68ab2c5b61079140520cab3eedd0158015a6f83727305207e7672728189012401a80672999d10769788a3052e4c3205	#9<05>「なによその アワワワワっての<05> イナカもんだとおもって<05> バカにして<05><5E><05> ウチの村はね イナカはイナカだけど<05> ハウゼン先生っていう<05> せかいいちの名医がいるんだからね」<05>.<4C>2<05>
0820	2a2e313605233932052b3205	*.16<05>#92<05>+2<05>
0822	23214c3205234c3305a27b6f778a7d728f7e9d886a0520759c1b897c997c86207a8994787f7371098f7d0520107697209c997b7d9920948297660520846f8192816c6f8378107b7288a3055e050549323535054932313805205924318a2094787f7301ec6693976f805a0505052a3238052e4c3305	#!<4C>2<05>#<4C>3<05>「さっきはすいませんねぇ<05> おわびのしるしに このやくそうあげます<05> だから わるさする やつらを<05> とっちめちゃってくださいね」<05><5E><05><05><49>255<05><49>218<05> <59>$1は やくそう並をもらった<5A><05><05><05>*28<05>.<4C>3<05>
0824	a2cab3eedd0158015a6f8320012401a8137c6ea305	「ハウゼン先生って 名医でしょ」<05>
0826	233905a2b1af2120bab2c210bab2c221210520b3dcbb89bcfbda014e210520dcb0b22120dcb0b22120bcfbda014ea3052a31313805	#9<05>「アッ! コイツだコイツ!!<05> ウワサのシビレ男!<05> ワーイ! ワーイ! シビレ男」<05>*118<05>
0828	a2b1af21207a89013a107a89013a21210520b3dcbb89747295732024310520dcb0b22120dcb0b22120243121a3052a31313805	「アッ! この人だこの人!!<05> ウワサのえいゆう $1<05> ワーイ! ワーイ! $1!」<05>*118<05>
082A	a2dcb0b22120dcb0b221a305	「ワーイ! ワーイ!」<05>
082C	a2859d1020769c727f738620946f1598b1ddc08081930520fab9d3dd8620b9e67b7e979a80788176723f05207172829720969c729389b2ecd27d6f76978567a305	「なんだ かわいそうに やっぱりアンタたちも<05> バケモンに ケガさせられたくちかい?<05> あいつら よわいものイジメすっからなぁ」<05>
082E	233905a2f4feecececc0c0c03f0520b2ecacecacecacecacfa0520d0f2e6aff0f0f0f0f03fa305	#9<05>「ドボジジジタタタ?<05> イジャジャジャジャバ<05> ミヅガッダダダダダ?」<05>
0830	23313005a2b2ecacecacecacecacfa0520d0f2e6aff0f0f0f0f03fa3055e05a2dc20dce6aff021a3052a383105	#10<05>「イジャジャジャジャバ<05> ミヅガッダダダダダ?」<05><5E><05>「ワ ワガッダ!」<05>*81<05>
0832	2631303705a2b5da8a20937310720c6e731c1005207f9a9698208a9478b5d9dbcc6601fea305	&107<05>「オレは もうだいじょうぶだ<05> それより はやくオルロフを…」<05>
0834	a2b5d9dbcc868a2091889d76937c9a85720605208b848f0d20015886727a730c6c71857276052001f60198890a760a06719a1a05207685970d208f8020015674997b21a305	「オルロフには むねんかもしれないが<05> ひとまず 先にいこうじゃあないか<05> 宝石のごかごがあれば<05> かならず また 会えるさ!」<05>
0836	233905a2f4fdfbace6fbe6fbacda20fbfbacfbddfbac0520fbfaaffbae20fab22121a305	#9<05>「ドベビャガビガビャレ ビビャビンビャ<05> ビバッビョ バイ!!」<05>
0838	2631303705a2f4fdfbace6fbe6fbacda20fbfbacfbddfbac0520fbfaaffbae20fab22121055e0520fbfbac2121a3052a383205	&107<05>「ドベビャガビガビャレ ビビャビンビャ<05> ビバッビョ バイ!!<05><5E><05> ビビャ!!」<05>*82<05>
083A	a27d8f8572202431148901fe01fe01fe052001fe01fe01fe01fe01fe01fe01fe01fe01fe052001fe01fe01fe01fe01fe01fe01fe01fe01fe055e05207a8920c3a8cca78920897a7c800520d7f6bdd7edd889951b9c862081766f839305207685970d2075728278769701fe01fe055e05207d8f8572202431148901fe01fea305	「すまない $1どの………<05> ………………………<05> ………………………<05><5E><05> この ティファの のこした<05> ラピスラズリのゆびわに ちかっても<05> かならず おいつくから……<05><5E><05> すまない $1どの……」<05>
083C	a29c807c80818a207a7a1320b5d9dbcc7b8f89052076728c7866208f818f7da305	「わたしたちは ここで オルロフさまの<05> かいふくを まちます」<05>
083E	a27a7a8f13778089862090857b9d849c769a99898a05200b9d889d137d01fe05209c807c8081891c9d9320069d1a6f8301207b72a305	「ここまできたのに みなさんとわかれるのは<05> ざんねんです…<05> わたしたちのぶんも がんばって下さい」<05>
0840	a214737620c3a8cca766207d787201147c8301207b72a305	「どうか ティファを すくい出して下さい」<05>
0842	a290857b9d862001f60198890a760a89052071979d7a846601fea305	「みなさんに 宝石のごかごの<05> あらんことを…」<05>
0844	a29c9a9c9a9320017a017c84207a7a9b8a75850c137d0520728276208f8020849386200184728f7c6e73a305	「われわれも 隊長と こころはおなじです<05> いつか また ともに 戦いましょう」<05>
0846	233905a2b1c6b7212120946f157a7a109605207d9d096a012401a80672996f83898a21a305	#9<05>「アニキ!! やっぱここだよ<05> すんげぇ名医がいるってのは!」<05>
0848	262131303705a2b5d9dbcc89f0ddc584208f800156749984778f130520716f7c067f891c9d20069d1a9976977b6f0520099d77107f739621a305	&!107<05>「オルロフのダンナと また会えるときまで<05> あっしがそのぶん がんばるからさっ<05> げんきだそうよ!」<05>
084A	2a2e32370523393005a296766f80b1c6b7a8212085756f809d1021052096766f8096766f8001fe96766f80d6ababababab2121a305	*.27<05>#90<05>「よかったアニキィ! なおったんだ!<05> よかったよかった…よかったヨォォォォォ!!」<05>
084C	a2716f20b1c6b7210520cab3eedd0158015a9d847a862072789d10886fa305	「あっ アニキ!<05> ハウゼン先生んとこに いくんだねっ」<05>
084E	a2dcbcac208485980110890520ecacb0d0b08620727a73847c830520fab9d3dd862094979a809d137d060520937320857b7985729497207280729497a305	「ワシャ となり町の<05> ジャーミーに いこうとして<05> バケモンに やられたんですが<05> もう なさけないやら いたいやら」<05>
0850	2a2e363305a29c7c8a207b72779d052081842093899c7d9a06208b14729d0c6c06055e0520cac33f209c7c6c20726f80720520147a06209c997883207a7a8675998976896ba305	*.63<05>「わしは さいきん<05> ちと ものわすれが ひどいんじゃが<05><5E><05> ハテ? わしゃ いったい<05> どこが わるくて ここにおるのかのぉ」<05>
0852	a28f8171727c82138a20757c0d768601fea305	「まちあいしつでは おしずかに…」<05>
0854	2621313036052b3605	&!106<05>+6<05>
0856	23343305a2cab13f20859d10769c769d887479140520719d80868a20cab3eedd0158015a8905207c9d7b8206208b829673106f83207a848a05208f810672886a85a305	#43<05>「ハア? なんだかわかんねえけど<05> あんたには ハウゼン先生の<05> しんさつが ひつようだって ことは<05> まちがいねぇな」<05>
0858	23214c3505a274746820b1ddc093207c1b9a83999d85970520108f6f8320827283778520c6b2c1acdda3052a31303105	#!<4C>5<05>「ええぃ アンタも しびれてるんなら<05> だまって ついてきな ニイチャン」<05>*101<05>
085A	a2dd3f20b1ddc08f1020cab3eedd0158015a860520908393976f83208572897605207a9d8520dcb9899c76979d896605208e6f837578848a01fe01fe055e0520dcbc0620859d847613779976937c9a9d05200c6c20726f7c6e86726f83949b73763fa305253105	「ン? アンタまだ ハウゼン先生に<05> みてもらって ないのか<05> こんな ワケのわからんのを<05> ほっておくとは……<05><5E><05> ワシが なんとかできるかもしれん<05> じゃ いっしょにいってやろうか?」<05>%1<05>
085C	2b3105	+1<05>
085E	a2859d107620dcb99c769d886a850520b1ddc089726f83997a806705208f672072727914827283778520c6b2c1acdda3052a313031052e4c3505	「なんだか ワケわかんねぇな<05> アンタのいってるこたぁ<05> まぁ いいけどついてきな ニイチャン」<05>*101<05>.<4C>5<05>
0860	233905a28f1020dcb99c769d886a850520b1ddc089726f83997a80670520816c9d84200158015a8620908393976f809d763fa305	#9<05>「まだ ワケわかんねぇな<05> アンタのいってるこたぁ<05> ちゃんと 先生に みてもらったんか?」<05>
0862	a27575209c76999c76990520816c9d84207a841a66207c6c1d6f83759905207b7d068a20cab3eedd0158015a052080727c80939d0c6c8973a305	「おお わかるわかる<05> ちゃんと ことばを しゃべっておる<05> さすがは ハウゼン先生<05> たいしたもんじゃのう」<05>
0864	a28f718f710520108f6f832082728377856f83a305	「まあまあ<05> だまって ついてきなって」<05>
0866	a27a89769d0a8cbbdd8a8520b3c189d1bdba890520d6d2859d109c05208c82738a908393977485729d107914055e052084781d8286207c9d7b827c83789a99967386052080899d107697a305	「このかんごふサンはな ウチのムスコの<05> ヨメなんだわ<05> ふつうはみてもらえないんだけど<05><5E><05> とくべつに しんさつしてくれるように<05> たのんだから」<05>
0868	a27b6720011c8d14730f0520717c93842001066682798378107b72a305	「さぁ 中へどうぞ<05> あしもと 気をつけてください」<05>
086A	a2cab3eedd0158015a89207c9d7b828a052096947813726f1572137d207d908f7e9da3052e343305	「ハウゼン先生の しんさつは<05> よやくでいっぱいです すみません」<05>.43<05>
086C	233905a27584857c78200158015a898f74867d9c6f8301207b72a305	#9<05>「おとなしく 先生のまえにすわって下さい」<05>
086E	a27510720c86a305	「おだいじに」<05>
0870	2339052a3739052b3505	#9<05>*79<05>+5<05>
0872	2a2e3237052321393005a27185808a20799d7a73899673100601fea3052a383005	*.27<05>#!90<05>「あなたは けんこうのようだが…」<05>*80<05>
0874	2631303705a28e76869320fad8b7c9ba20786f816c6f800520013a0672809720829a8377857b7205200c6c207501160166866fa305	&107<05>「ほかにも バリキノコ くっちゃった<05> 人がいたら つれてきなさい<05> じゃ お大事にっ」<05>
0876	2631313805a2b5d9dbcc7b9d8a0520801d8020fad8b7c9ba0605208e7689013a89201a728a716f8090807213052084731c9d8a200e6f8072719d7e722010886aa305	&118<05>「オルロフさんは<05> たべた バリキノコが<05> ほかの人の ばいはあったみたいで<05> とうぶんは ぜったいあんせい だねぇ」<05>
0878	a2756b20719d8076207b72779d8a0520719d8f98208b147293898a20786f84979d96731085a305	「おぉ あんたか さいきんは<05> あんまり ひどいものは くっとらんようだな」<05>
087A	a2717120769710067c1b9a9989880520716f207a986c8f0d729c0520fad8b7c9ba891478862071806f839d8567055e0520cab2af2120816d737c6c31199d20736f8478769705208a7220b3f3107c836a5b055e0505493235350549313934052059fcc1ad20c1ad5b5b5b5b20bdf9af5a0505052a2e323332055e05208a722085756f802105208e76869320fad8b7c9ba20786f816c6f800520013a0672809720829a8377857b7205200c6c207501160166866f055e052001fe7f9a7697882081986e738b2035304788a30549313339053e35300523213930052f05052059353047208a976f805a0505	「ああ からだがしびれるのね<05> あっ こりゃまずいわ<05> バリキノコのどくに あたってんなぁ<05><5E><05> ハイッ! ちゅうしゃ1ぽん うっとくから<05> はい ウデだしてぇ<5B><05><5E><05><05><49>255<05><49>194<05> <59>ブチュ チュ<5B><5B><5B><5B> スポッ<5A><05><05><05>*.232<05><5E><05> はい なおった!<05> ほかにも バリキノコ くっちゃった<05> 人がいたら つれてきなさい<05> じゃ お大事にっ<05><5E><05> …それからね ちりょうひ 50<47>ね」<05><49>139<05>>50<05>#!90<05>/<05><05> <59>50<47> はらった<5A><05><05>
087C	2a2e313630052a2e3633055e052071976f3f208b6e6f847c83207576880685723f052b3105	*.160<05>*.63<05><5E><05> あらっ? ひょっとして おかねがない?<05>+1<05>
087E	2a2e343405233930052071976f3f2071976f3f2071976f3f055e052d3005	*.44<05>#90<05> あらっ? あらっ? あらっ?<05><5E><05>-0<05>
0880	205971986f80792084979a805a05	 <59>ありったけ とられた<5A><05>
0882	a28e8e73207a89013a9320fad8b7c9ba8905201478862094979a839d85670520719d809720966f191420fad8b7c9ba06207d77858988055e052085868a208493719a0520816d737c6c31199d20736f8478769705208a7220b3f3107c836a5b055e0505493235350549313934052059fcc1ad20c1ad5b5b5b5b20bdf9af5a0505052a2e323332055e05208a722085756f802105208e76869320fad8b7c9ba20786f816c6f800520013a0672809720829a8377857b7205200c6c207501160166866f055e052001fe7f9a7697882081986e738b2035304788a30549313339053e35300523213930052f05052059353047208a976f805a0505	「ほほう この人も バリキノコの<05> どくに やられてんなぁ<05> あんたら よっぽど バリキノコが すきなのね<05><5E><05> なには ともあれ<05> ちゅうしゃ1ぽん うっとくから<05> はい ウデだしてぇ<5B><05><5E><05><05><49>255<05><49>194<05> <59>ブチュ チュ<5B><5B><5B><5B> スポッ<5A><05><05><05>*.232<05><5E><05> はい なおった!<05> ほかにも バリキノコ くっちゃった<05> 人がいたら つれてきなさい<05> じゃ お大事にっ<05><5E><05> …それからね ちりょうひ 50<47>ね」<05><49>139<05>>50<05>#!90<05>/<05><05> <59>50<47> はらった<5A><05><05>
0884	2d3405	-4<05>
0886	a2149a149a01fe2071675b207a986c8b147205207a7a8f137a9a808906208c7c0785789772109c05207a9a8a207d0820866d73729d207b7e85776ca305	「どれどれ… あぁ<5B> こりゃひどい<05> ここまでこれたのが ふしぎなくらいだわ<05> これは すぐ にゅういん させなきゃ」<05>
0888	a27d207d8f857201fe9c807c06207872720c6605208a6f801a76988601fe05207a9d857a848620859b73848a055e05207685970d207685970d2075728278769701fe0520016c01dc8601fe7d8f857201fea3055e05052059b5d9dbcc89017a06209810827c805a0505054031303705	「す すまない…わたしが くいいじを<05> はったばかりに…<05> こんなことに なろうとは<05><5E><05> かならず かならず おいつくから…<05> 本当に…すまない…」<05><5E><05><05> <59>オルロフの隊が りだつした<5A><05><05><05><40>107<05>
088A	2339054932303905a275759d3f2075759d3fa305	#9<05><49>209<05>「おおん? おおん?」<05>
088C	4931363605a275759d212075759d21a305	<49>166<05>「おおん! おおん!」<05>
088E	a1149d85201b6e73779320b9dbd8848575990520149d8520b9e61393207d0885759905207c9d0c8572d4c26720fbaeb0b7108805202020202020cab3eedd201b6e73729d20a405	『どんな びょうきも ケロリとなおる<05> どんな ケガでも すぐなおる<05> しんじないヤツぁ ビョーキだね<05>      ハウゼン びょういん 』<05>
0890	233905a2719d8020726f83997a848a209c79209c769d857279140520908682798001f601988a0520859d76209c7971986f83769d0c1088a305	#9<05>「あんた いってることは わけ わかんないけど<05> みにつけた宝石は<05> なんか わけありってかんじだね」<05>
0892	a285863f207b979c9a802001020104667b067c839d893f055e05207f9d859720013e898e7386719920ecacb0d0b06f830110890520f3adfad96f83d4c28620777884727296055e05207a7a977180981320757780200c799d1305207189014e0620013497857201668a2085729d0c6c85727685a305	「なに? さらわれた 司祭をさがしてんの?<05><5E><05> そんなら 西のほうにある ジャーミーって町の<05> デュバルってヤツに きくといいよ<05><5E><05> ここらあたりで おきた じけんで<05> あの男が 知らない事は ないんじゃないかな」<05>
0894	a27a8901108901248a20ecacb0d0b01371988f7da305	「この町の名は ジャーミーであります」<05>
0896	a2b1ddc1acdd93208d72807276723f0520147310723f207a89011089207c6d1b80728ad8aff5109b05208f6f207a9a9320fab9d3dd14937697052090668f93998092859d10791485055e0520b5af8420719d8f20967f938984018a7c8399840520729b729b2073997b729d96a305	「アンチャンも へいたいかい?<05> どうだい? この町の しゅびたいはリッパだろ<05> まっ これも バケモンどもから<05> みをまもるためなんだけどな<05><5E><05> オッと あんま よそものと話してると<05> いろいろ うるさいんよ」<05>
0898	a27a890110897c6d1b80722094798620771b7c72137c6e3f055e052091767c7b207a890110897c6d1b807286880520f3adfad96f83b4d7b27b9d062072809d1079147b6705207f89013a06207a9d8501ca017a8a2094788680809d216f830520766f8386200c1c9d8901ca017a662082786f816c6f8089055e05207f9a067b20edaf847c9d977213779989966b0520f3adfad993207272c4bc85898620967894999c96886a0520107697207a89ecacb0d0b0897c6d1b80729305208b6f7c858996a305	「この町のしゅびたい やけに きびしいでしょ?<05><5E><05> むかしさ この町のしゅびたいにね<05> デュバルってエライさんが いたんだけどさぁ<05> その人が こんな部隊は やくにたたん!って<05> かってに じぶんの部隊を つくっちゃったの<05><5E><05> それがさ ズッとしんらいできるのよぉ<05> デュバルも いいトシなのに よくやるわよねぇ<05> だから このジャーミーのしゅびたいも<05> ひっしなのよ」<05>
089A	a2b1ddc020967f939d109b3f05200c6c20f3adfad96f830c727b9d7c6f839976720520fedbfedb8901d4778320e6ddfaaf839d109688055e05207189b6c0fcc29320c4bc859d107697052091987d997a84857289867b67a305	「アンタ よそもんだろ?<05> じゃ デュバルってじいさんしってるかい<05> ボロボロの鎧きて ガンバッてんだよね<05><5E><05> あのカタブツも トシなんだから<05> むりすることないのにさぁ」<05>
089C	a2b5da208e9d848a20f3adfad97b9d89847a9b860520727780729d10212085727c6e100ea305	「オレ ほんとは デュバルさんのところに<05> いきたいんだ! ないしょだぜ」<05>
089E	a27b979c9a80010201043f05200c1c9d8a200134978572132071988f7d21052081760a9b20fab9d3c9062071979c9a8305207f9a147a9b138a2085721371988f7daf21a305	「さらわれた司祭?<05> じぶんは 知らないで あります!<05> ちかごろ バケモノが あらわれて<05> それどころでは ないでありますッ!」<05>
08A0	a27a898d9d868a0520d7ddfcd9fbd9892001f485990198868272830520729b729b20018a0682809c6f83999d10791488055e0520f3adfad90620729b729b207c971d8380908072960520776e7390067199859720f3adfad98601566f839080973fa3052e313105	「このへんには<05> ランブルビルの 聖なる石について<05> いろいろ 話がつたわってるんだけどね<05><5E><05> デュバルが いろいろ しらべてたみたいよ<05> きょうみがあるなら デュバルに会ってみたら?」<05>.11<05>
08A2	a2f3adfad98a2001fa890146860520b1ecc46601b46f839d100520cdc6acd1d9106f8097201a7c6e662001346f839d109b7385a3052e313105	「デュバルは 南の森に<05> アジトを持ってんだ<05> ヘニャムルだったら ばしょを 知ってんだろうな」<05>.11<05>
08A4	a291767c20808f808ff3adfad98905200c6e73769d106f80cdc6acd1d90605208e9889917a7386207d9d139d1079140520969c72b8be7c8320728f108620721a6f839d899688a3052e313105	「むかし たまたまデュバルの<05> じょうかんだったヘニャムルが<05> ほりのむこうに すんでんだけど<05> よわいクセして いまだに いばってんのよね」<05>.11<05>
08A6	23313005a2fad4d4b80520b2bcacbcacecacc6a80520b2e7c0c0c0b2a305	#10<05>「バヤヤク<05> イシャシャジャニィ<05> イギタタタイ」<05>
08A8	a20d721c9d208d727c89052075757201100c6c857276207a7a8a01fe0520936f849320b5da897a776e7320bee6d9c3b193052084947678207274809389138a85720688a305	「ずいぶん へいしの<05> おおい町じゃないか ここは…<05> もっとも オレのこきょう セガルテアも<05> とやかく いえたものではないがね」<05>
08AA	a2859d76bab45b96207a89011005208d7280721a6f76137b670520011278207a9d85847a20757b971a7c967396a305	「なんかコエ<5B>よ この町<05> へいたいばっかでさぁ<05> 早く こんなとこ おさらばしようよ」<05>
08AC	a27a9a7697cdc6acd1d989767566052001360d867d9184019a7384207e727e727d999c7221a305	「これからヘニャムルのかおを<05> 見ずにすむと思うと せいせいするわい!」<05>
08AE	a2859d1020b5cfb4978a3f0520fbd8fbd87c1b9a8320010601b481dcd9b20f210520011278201383726f83789a21a305	「なんだ オマエらは?<05> ビリビリしびれて 気持ちワルイぞ!<05> 早く でていってくれ!」<05>
08B0	26313037052d3105	&107<05>-1<05>
08B2	233130052d3205	#10<05>-2<05>
08B4	23213131052b3205	#!11<05>+2<05>
08B6	a2dcbc890124660134988072763f05207a890110897c6d1b807266207c777c802093847c6e73089d0520ecacb0d0b020927296789d7c6e73662001b4820520cdc6acd1d9848a20dcbc8901660c6c7121a305	「ワシの名を知りたいか?<05> この町のしゅびたいを しきした もとしょうぐん<05> ジャーミー めいよくんしょうを 持つ<05> ヘニャムルとは ワシの事じゃあ!」<05>
08B8	2621313131052d3105	&!111<05>-1<05>
08BA	a285863f20f3adfad989847a9b8620719d85727c9b3f05209d5b20d1d1d1d1207c767c856701fe055e052031304701147e993fa305253105	「なに? デュバルのところに あんないしろ?<05> ん<5B> ムムムム しかしなぁ…<05><5E><05> 10<47>出せる?」<05>%1<05>
08BC	2b3205	+2<05>
08BE	a2b65b2120018a86859d85720520cab22076746f8376746f83a305	「カ<5B>! 話になんない<05> ハイ かえってかえって」<05>
08C0	a29d5b01fe10067c767c0520b1bfba8a20bdddeab2014689011c20107c856701fe055e0520718432304701147e993fa305253105	「ん<5B>…だがしかし<05> アソコは スンゴイ森の中 だしなぁ…<05><5E><05> あと20<47>出せる?」<05>%1<05>
08C2	2b3205	+2<05>
08C4	a2b65b2120018a86859d85720520cab22076746f8376746f83a305	「カ<5B>! 話になんない<05> ハイ かえってかえって」<05>
08C6	a27c767c85069701fe9d5b0520dcbc9320c4bc107c85675b055e052071843530471385723fa305253105	「しかしながら…ん<5B><05> ワシも トシだしなぁ<5B><05><5E><05> あと50<47>でない?」<05>%1<05>
08C8	2b3205	+2<05>
08CA	a2b65b2120018a86859d85720520cab22076746f8376746f83a305	「カ<5B>! 話になんない<05> ハイ かえってかえって」<05>
08CC	a2d6bcaf21207f7a8f1372738985970520dcbc932093847c6e73089d20bebab28f888a7e9d210520313030471320719d85727c83949921a305253105	「ヨシッ! そこまでいうのなら<05> ワシも もとしょうぐん セコイまねはせん!<05> 100<47>で あんないしてやる!」<05>%1<05>
08CE	2b3205	+2<05>
08D0	a2b65b2120018a86859d85720520cab22076746f8376746f83a305	「カ<5B>! 話になんない<05> ハイ かえってかえって」<05>
08D2	3e3138300523393005a2859d1020750154062080989d0c6c857276055e0520b65b2120018a86859d85720520cab22076746f8376746f83a305	>180<05>#90<05>「なんだ お金が たりんじゃないか<05><5E><05> カ<5B>! 話になんない<05> ハイ かえってかえって」<05>
08D4	2f05a27f9a138a209c7c8a7b7786726f83208f6f83759905207b6f7b84208272837a7221a3055e05493133390520593138304784979a805a05050540313131052e3230052a383405	/<05>「それでは わしはさきにいって まっておる<05> さっさと ついてこい!」<05><5E><05><49>139<05> <59>180<47>とられた<5A><05><05><05><40>111<05>.20<05>*84<05>
08D6	234c3105a273997b725baf21210520789d9a9d011c8620018a7c7679999d0c6c85725baf21a3052e4c31052a31303005	#<4C>1<05>「うるさい<5B>ッ!!<05> くんれん中に 話しかけるんじゃない<5B>ッ!」<05>.<4C>1<05>*100<05>
08D8	a273997b725baf21210520789d9a9d011c8620018a7c7679999d0c6c85725baf21a305	「うるさい<5B>ッ!!<05> くんれん中に 話しかけるんじゃない<5B>ッ!」<05>
08DA	a231a532a531a532a531a532a531a53201fe01fe055e05209c9a9c9a8a208010728f20789d9a9d011c13052071988f7d6fa305	「1・2・1・2・1・2・1・2……<05><5E><05> われわれは ただいま くんれん中で<05> ありますっ」<05>
08DC	a271b06f20015c9080728567a305	「あーっ 休みたいなぁ」<05>
08DE	a2966b7c05207a7a76978a20dcbc067c77769d0c6c21055e05207a7a978d9d8a20fab9d3dd0675757276978505209c7c7697208a859a999d0c6c85720f055e05207a9a769720f3adfad9892076789a06860520719d85727c83949905200e9d80725b207d7d926a5ba305	「よぉし<05> ここからは ワシがしきかんじゃ!<05><5E><05> ここらへんは バケモンがおおいからな<05> わしから はなれるんじゃないぞ<05><5E><05> これから デュバルの かくれがに<05> あんないしてやる<05> ぜんたい<5B> すすめぇ<5B>」<05>
08E0	a27a7a1320776d7379725baf212120caa75b82769a80a305	「ここで きゅうけい<5B>ッ!! ハァ<5B>つかれた」<05>
08E2	a2776d73797220b5dcd8a85b2105200e9d80725b207d7d926a5ba305	「きゅうけい オワリィ<5B>!<05> ぜんたい<5B> すすめぇ<5B>」<05>
08E4	a2323001828f748a05207a899081132096766f80caed1006850520966b5b7c20716f8399716f83990520715b8f81069c85721396766f809c72a305	「20年まえは<05> このみちで よかったハズだがな<05> よぉ<5B>し あってるあってる<05> あ<5B>まちがわないでよかったわい」<05>
08E6	a27a7a769701588a05203130304720986e73779d827276106705208a9773763fa305253105	「ここから先は<05> 100<47> りょうきんついかだぁ<05> はらうか?」<05>%1<05>
08E8	2f31303005a2776d73797220b5dcd8a85b2105200e9d80725b207d7d926a5ba305	/100<05>「きゅうけい オワリィ<5B>!<05> ぜんたい<5B> すすめぇ<5B>」<05>
08EA	a201540613998f13207472749d8620776d7379725baf21a3052e393005	「金がでるまで えいえんに きゅうけい<5B>ッ!」<05>.90<05>
08EC	a27a7af0a75b20baba7a7ababa212105208420727301661320dcbc8a200158867674990f0520b1b2c284018a7c839984207680067a999d10055e0520b5cfb4937a990f01fe7680060520728f8973818620939d13757996a305	「ここダァ<5B> ココここココ!!<05> と いう事で ワシは 先にかえるぞ<05> アイツと話してると かたがこるんだ<05><5E><05> オマエもこるぞ…かたが<05> いまのうちに もんでおけよ」<05>
08EE	a285866620938093807c8375990520147a8d726f8375999d100520dcbc7697208a859a999d0c6c8572a305	「なにを もたもたしておる<05> どこへいっておるんだ<05> ワシから はなれるんじゃない」<05>
08F0	a2f3adfad993209c76727a9b8a207f738473052081897906207575766f80977c727914055e0520728f89207581827280207d068076978a05207f730f7393827685729c88a305	「デュバルも わかいころは そうとう<05> ちのけが おおかったらしいけど<05><5E><05> いまの おちついた すがたからは<05> そうぞうもつかないわね」<05>
08F2	a27b72779d20f3adfad97b9d8a0520139d7e8289788620d7ddfcd9fbd9868272830520776e7390662001b46f8372999d10055e0520f3adfad97b9d060520776e7390662001b4820897721076970520776f84208586762071999d109b7385a305	「さいきん デュバルさんは<05> でんせつのくに ランブルビルについて<05> きょうみを 持っているんだ<05><5E><05> デュバルさんが<05> きょうみを 持つぐらいだから<05> きっと なにか あるんだろうな」<05>
08F4	a2b5da89858f748a20f8ddc00520bdbbddf4c584727305207b1a788920016a7b85012e89738f9a10055e0520b5da93207a8901101320017e897313667780748305200c1c9d8901ca017a66207c777d99967386859880729d10a305	「オレのなまえは ペンタ<05> スサンドナという<05> さばくの 小さな村のうまれだ<05><5E><05> オレも この町で 剣のうでをきたえて<05> じぶんの部隊を しきするようになりたいんだ」<05>
08F6	a296757c208377660e9d92827b7e80675b052071848a20f3adfad98976789a068f1305200e9d8072207d7d925ba305	「よおし てきをぜんめつさせたぁ<5B><05> あとは デュバルのかくれがまで<05> ぜんたい すすめ<5B>」<05>
08F8	a27a7a8a20faecacf489012e01fe05208a997691767c2084730f788901c201c466737905207d837b979a209c7d9a7b979a80012e137da305	「ここは バジャドの村…<05> はるかむかし とうぞくの攻撃をうけ<05> すてさられ わすれさられた村です」<05>
08FA	23313305a2faecacf4668f936f83728001f48599019820b8d8bdc0d98a05207f8991767c2084730f788620731a9c9a808472728f7d055e0520b8d8bdc0d96620737c856f80010201048420012e013a8a0520999b73897d7420b6afbbd8b12084727301108605207382987d9d1020847273018a137da305	#13<05>「バジャドをまもっていた聖なる石 クリスタルは<05> そのむかし とうぞくに うばわれたといいます<05><5E><05> クリスタルを うしなった司祭と 村人は<05> るろうのすえ カッサリア という町に<05> うつりすんだ という話です」<05>
08FC	a2859d8420b1c5c0892075829a897680060520b8d8bdc0d96620013682798089137d7601fe055e05207a9a932001f601988901a0778589137c6e73055e0520b1c5c0808106201c0c130520801b66207574990166062013779996738605209c807c93207289988f7c6e73a305	「なんと アナタの おつれのかたが<05> クリスタルを 見つけたのですか…<05><5E><05> これも 宝石の導きなのでしょう<05><5E><05> アナタたちが ぶじで<05> たびを おえる事が できるように<05> わたしも いのりましょう」<05>
08FE	23313305a2b8d8bdc0d9892080727e827b66209c766f83728572052084730f788a20012801ae89147378828620b8d8bdc0d9667d8305207f8901269801806620780d7c83726f80890c6c01fe055e05209c7c978a20859d1b6c780182937679830520946f84208f8020012801ae89147378828601269a999673860520718566208e6f80890c6c96a305	#13<05>「クリスタルの たいせつさを わかっていない<05> とうぞくは 水晶のどうくつに クリスタルをすて<05> その入り口を くずしていったのじゃ…<05><5E><05> わしらは なんびゃく年もかけて<05> やっと また 水晶のどうくつに入れるように<05> あなを ほったのじゃよ」<05>
0900	a27575207198068094210520b8d8bdc0d906208c80801b05207a899686207d0680662071979c7f73848a01fe055e05209c7c979320859d1b6c7801829305208e988212798076720620716f8084727393890c6c21a305	「おお ありがたや!<05> クリスタルが ふたたび<05> このよに すがたを あらわそうとは…<05><5E><05> わしらも なんびゃく年も<05> ほりつづけたかいが あったというものじゃ!」<05>
0902	23313005a2b9b9b9b9b920fafcc5ccc5b01e052072727272720c6c1172071010101e1da305	#10<05>「ケケケケケ バブナフナーぼ<05> いいいいいじゃぢいぎだだだぼべ」<05>
0904	2321313305a2caddbd0620b8d8bdc0d9663f0520959284771e7301fe01fe055e05208c6f01fe20807c768620caddbd868a05208c7b9c7c728976937c9a9d8501fea305	#!13<05>「ハンスが クリスタルを?<05> ゆめときぼう……<05><5E><05> ふっ… たしかに ハンスには<05> ふさわしいのかもしれんな…」<05>
0906	23213505a2859d10207189847c96988a21a305	#!5<05>「なんだ あのとしよりは!」<05>
0908	23213133052b3205	#!13<05>+2<05>
090A	23213405a295928420771e7386908180014e106f832105207f9a8a20937c767c830520b5da8901660c6c85727685202431789da3052e4c34052e214c35052a32333005	#!4<05>「ゆめと きぼうにみちた男だって!<05> それは もしかして<05> オレの事じゃないかな $1くん」<05>.<4C>4<05>.!<4C>5<05>*230<05>
090C	a20d721c9d01fe859d8472737601fe05207873778920738f72012e8472737601fe052096737d998620728576108520baba8aa305	「ずいぶん…なんというか…<05> くうきの うまい村というか…<05> ようするに いなかだな ココは」<05>
090E	234c3505a2739101fe7a899c769389052095928420771e7386209081718c9a83759905207d1a977c7201660c6c8973a305	#<4C>5<05>「うむ…このわかもの<05> ゆめと きぼうに みちあふれておる<05> すばらしい事じゃのう」<05>
0910	a271858093209672869d7f73667c83759905208f6f8078207d1a977c722001660c6c8973a305	「あなたも よいにんそうをしておる<05> まったく すばらしい 事じゃのう」<05>
0912	233133052336052b3205	#13<05>#6<05>+2<05>
0914	a2859d7620716f7c8a05207a7a89847c96988620d3c383999080727d8805209410856701fe886ab1c6b7a305	「なんか あっしは<05> ここのとしよりに モテてるみたいすね<05> やだなぁ…ねぇアニキ」<05>
0916	23213405a2b1afbc8620719c7e8072013a0672993f0520109a109a3f20013889ba3f20013889ba3fa3052e4c35052e214c34052a393005	#!4<05>「アッシに あわせたい人がいる?<05> だれだれ? 女のコ? 女のコ?」<05>.<4C>5<05>.!<4C>4<05>*90<05>
0918	a2859d7620716f7c8a05207a7a89847c96988620d3c383999080727d8805209410856701fe886ab1c6b7a305	「なんか あっしは<05> ここのとしよりに モテてるみたいすね<05> やだなぁ…ねぇアニキ」<05>
091A	a2caddbd7b9d8a207d1a977c7220014a667c8375990520b8d8bdc0d98901a001a2847273898a05207a9d857680106f809d0c6c9b75896ba305	「ハンスさんは すばらしい 目をしておる<05> クリスタルの導師というのは<05> こんなかただったんじゃろおのぉ」<05>
091C	a2769a8a20caddbd7b9d8420756f7c6c6f8076883f052072947d1a977c72769710827766207c83759921055e05208a10898a98932093737c1c9d8572052014731088209c7c89847a9b892096737c867e9d76883fa305	「かれは ハンスさんと おっしゃったかね?<05> いやすばらしいからだつきを しておる!<05><5E><05> はだのはりも もうしぶんない<05> どうだね わしのところの ようしにせんかね?」<05>
091E	a2729420caddbd14898a052071769978832072729c7693890c6c05209c7c89209c76727a9b6620019a72107b7e999c72a305	「いや ハンスどのは<05> あかるくて いいわかものじゃ<05> わしの わかいころを 思いださせるわい」<05>
0920	a2caddbd7b9d8a20747476800c6c896b052071807c8920d1ba7b8f8620856f839397749d768975a305	「ハンスさんは ええかたじゃのぉ<05> あたしの ムコさまに なってもらえんかのお」<05>
0922	2321313305a2147376207e76728620717699728b7698662105207f7c8320b1c5c006808620b8d8bdc0d98905200a760a892071979d7a846601fea305	#!13<05>「どうか せかいに あかるいひかりを!<05> そして アナタがたに クリスタルの<05> ごかごの あらんことを…」<05>
0924	233405a273919101fe201473788289012801ae0605208586766620961c96738620776e7392727c83759901fe055e0520948a9820b1ddc006808a0520d7ddfcd9fbd9892037828901f601988601a0769a83759985055e0520937cb1ddc00620b8d8bdc0d98601a0769a8375998985970520776f8420b8d8bdc0d98a20b1ddc0898f748605207d0680662071979c7d109b738301fe01fe055e052001fe01fe01fe01fe01fe01fe01fe01fe01fe05208f71967205208b848f0d207185801320726f158220946f8390997689055e052096b0782075767566208a72799d7b7e83052078107b9aa3052a32333405	#4<05>「うむむ… どうくつの水晶が<05> なにかを よぶように きょうめいしておる…<05><5E><05> やはり アンタがたは<05> ランブルビルの 7つの宝石に導かれておるな<05><5E><05> もしアンタが クリスタルに導かれておるのなら<05> きっと クリスタルは アンタのまえに<05> すがたを あらわすだろうて……<05><5E><05> ………………………<05> まあよい<05> ひとまず あなたで いっぱつ やってみるかの<05><5E><05> よーく おかおを はいけんさせて<05> くだされ」<05>*234<05>
0926	a28f802077857d6f8076055e0520739120948a9820b1ddc0930520d7ddfcd9fbd98682809c99052037828901f601988601a0769a83759996730c6c89055e0520937cb1ddc00620b8d8bdc0d98601a0769a8375998985970520776f8420b8d8bdc0d98a20b1ddc0898f748605207d0680662071979c7d109b738301fe01fe055e052001fe01fe01fe01fe01fe01fe01fe01fe01fe05208f71967220109293842089829398130520726f158220946f8390997689055e052096b0782075767566208a72799d7b7e83052078107b9aa3052a32333405	「また きなすったか<05><5E><05> うむ やはり アンタも<05> ランブルビルにつたわる<05> 7つの宝石に導かれておるようじゃの<05><5E><05> もしアンタが クリスタルに導かれておるのなら<05> きっと クリスタルは アンタのまえに<05> すがたを あらわすだろうて……<05><5E><05> ………………………<05> まあよい だめもと のつもりで<05> いっぱつ やってみるかの<05><5E><05> よーく おかおを はいけんさせて<05> くだされ」<05>*234<05>
0928	a2138a2072778f7d0f21055e052075752001f48599b8d8bdc0d99605207a8993892037828901f401988601a0769a7c938985971a0520900d76977f899081668b977705209c9a97898f7486207d06806671979c7c808f7401fe055e05208c9d8c9d2085998e1420967c209c766f80210520726f816e208e6f816c999c72212082728377857e74a305	「では いきますぞ!<05><5E><05> おお 聖なるクリスタルよ<05> このもの 7つの聖石に導かれしものならば<05> みずからそのみちをひらき<05> われらのまえに すがたをあらわしたまえ…<05><5E><05> ふんふん なるほど よし わかった!<05> いっちょ ほっちゃるわい! ついてきなせえ」<05>
092A	a2138a2072778f7d0f21055e052075752001f48599b8d8bdc0d99605207a8993892037828901f401988601a0769a7c938985971a0520900d76977f899081668b977705209c9a97898f7486207d06806671979c7c808f7401fe055e052001fe01fe01fe01fe01fe055e052084019a6f80791401fe01fe01fe055e0520719d80207b6f7720946f800c6c85727621a305	「では いきますぞ!<05><5E><05> おお 聖なるクリスタルよ<05> このもの 7つの聖石に導かれしものならば<05> みずからそのみちをひらき<05> われらのまえに すがたをあらわしたまえ…<05><5E><05> ……………<05><5E><05> と思ったけど………<05><5E><05> あんた さっき やったじゃないか!」<05>
092C	a28a675b5b5b0520b8d8bdc0d98a20857296730c6c8973a3055e052b3105	「はぁ<5B><5B><5B><05> クリスタルは ないようじゃのう」<05><5E><05>+1<05>
092E	a27c767c201473788289012801ae8a05207b9c0889662094929673847e9d96730c6c055e0520776f84207a89012e862075998a0d0c6c0520b8d8bdc0d9862001a0769a7c9389052095928420771e7386718c9a80013a01700621a305	「しかし どうくつの水晶は<05> さわぐのを やめようとせんようじゃ<05><5E><05> きっと この村に おるはずじゃ<05> クリスタルに 導かれしもの<05> ゆめと きぼうにあふれた人物が!」<05>
0930	a2147376207e76728620717699728b7698662105207f7c8320b1c5c006808620b8d8bdc0d98905200a760a892071979d01666601fea305	「どうか せかいに あかるいひかりを!<05> そして アナタがたに クリスタルの<05> ごかごの あらん事を…」<05>
0932	a2757575752121207a9a0f2001f48599b8d8bdc0d921a3052e3605	「おおおお!! これぞ 聖なるクリスタル!」<05>.6<05>
0934	a2859d842120b8d8bdc0d90605207f897d06806671979c7d848a21055e0520735b91208586762080728d9d850166060520757a9b73847c83729976937c9a87055e0520caddbd1489207a8901f48599b8d8bdc0d905208b848220b1ddc0862075710d797d990166867c967301fea305	「なんと! クリスタルが<05> そのすがたをあらわすとは!<05><5E><05> う<5B>む なにか たいへんな事が<05> おころうとしているかもしれぬ<05><5E><05> ハンスどの この聖なるクリスタル<05> ひとつ アンタに おあずけする事にしよう…」<05>
0936	052a2e323336052059caddbd8a20b8d8bdc0d96620018e8601269a805a050505	<05>*.236<05> <59>ハンスは クリスタルを 手に入れた<5A><05><05><05>
0938	a2b1c6b701fe20b8d8bdc0d96f830520859d7620986f1585939d859d137c6e3f055e052a2e313605232139320520886a20b1c6b72105207a9a01b46f83809720937c767c8305207d9d0a7805209383816c6f80987d999d0c6c85729d7d76883fa305	「アニキ… クリスタルって<05> なんか りっぱなもんなんでしょ?<05><5E><05>*.16<05>#!92<05> ねぇ アニキ!<05> これ持ってたら もしかして<05> すんごく<05> もてちゃったりするんじゃないんすかね?」<05>
093A	20886a20b1c6b72105207a9a01b46f83809720937c767c8305207d9d0a7805209383816c6f80987d999d0c6c85729d7d76883f055e0520719a6f3f20b1c6b7208b6e6f847c83052001b48101700620726f1572859d0c6c3fa3055e052b3105	 ねぇ アニキ!<05> これ持ってたら もしかして<05> すんごく<05> もてちゃったりするんじゃないんすかね?<05><5E><05> あれっ? アニキ ひょっとして<05> 持ち物が いっぱいなんじゃ?」<05><5E><05>+1<05>
093C	a28b14729420b1c6b7210520858676207d8383207a9a2093976f83965ba3055e052b3105	「ひどいや アニキ!<05> なにか すてて これ もらってよ<5B>」<05><5E><05>+1<05>
093E	2a2e31383305233930052b3305	*.183<05>#90<05>+3<05>
0940	23393105a27a9d85892074979d0c6c6f8301fe0520776f8420b5da069383816c738966052088809d13999d105b5b5ba3055e052d3205	#91<05>「こんなの えらんじゃって…<05> きっと オレがもてちゃうのを<05> ねたんでるんだ<5B><5B><5B>」<05><5E><05>-2<05>
0942	2a2e31383905a28c5b2096766f8005207f9a137a7f20b1c6b71021a305	*.189<05>「ふ<5B> よかった<05> それでこそ アニキだ!」<05>
0944	a2745b5b5b5b5b5b5b5b5b21a3055e052d3405	「え<5B><5B><5B><5B><5B><5B><5B><5B><5B>!」<05><5E><05>-4<05>
0946	a27c9d72987601fe207c87010613208a80977996a305	「しんいりか… しぬ気で はたらけよ」<05>
0948	23214c3705a27b076e73890c6c8f107697207b6f7b8476749a21a3052a31303005	#!<4C>7<05>「さぎょうのじゃまだから さっさとかえれ!」<05>*100<05>
094A	23214c31052d3205	#!<4C>1<05>-2<05>
094C	2a2e393105233931052b3205	*.91<05>#91<05>+2<05>
094E	2b3405	+4<05>
0950	2e4c3705a2859d1020b5cfb49701fe0520b5da7b8f8420949b736f836a89763fa305253105	.<4C>7<05>「なんだ オマエら…<05> オレさまと やろうってぇのか?」<05>%1<05>
0952	a20c01fe0c6e73109d109620fab6d4dbb005207b076e73890c6c8f107697207b6f7b8476749a21a3052a31303005	「じ…じょうだんだよ バカヤロー<05> さぎょうのじゃまだから さっさとかえれ!」<05>*100<05>
0954	a2e6afcaafcaaf207f73109b207f73109b05207b076e73890c6c8f107697207b6f7b8476749a21a3052a31303005	「ガッハッハッ そうだろ そうだろ<05> さぎょうのじゃまだから さっさとかえれ!」<05>*100<05>
0956	2e214c3705a27c9d72987601fe967820b6b56601367e83909b052001fe01fe01fe01fecfc7b985c2d77c94066f8301fe9d3f0520b5cfb401fe01fe2431862086837299856705208f7b7620ceddd3c90c6c886a109b73853fa305253105	.!<4C>7<05>「しんいりか…よく カオを見せてみろ<05> …………マヌケなツラしやがって…ん?<05> オマエ……$1に にているなぁ<05> まさか ホンモノじゃねぇだろうな?」<05>%1<05>
0958	2b3105	+1<05>
095A	a20c828ab5da8a20869d099d89907680859d100520b5da84726f7c6e862086098572763fa305253105	「じつはオレは にんげんのみかたなんだ<05> オレといっしょに にげないか?」<05>%1<05>
095C	a2fab6d4dbb0212120b3bf86778f6f839d109b210520b5d2b090836a85727276099d85d4c28a05207a7a0c6c20010c74886a210520846f8484138379aa21a3052e4c37052a31303005	「バカヤロー!! ウソにきまってんだろ!<05> オメーみてぇないいかげんなヤツは<05> ここじゃ 使えねぇ!<05> とっととでてけェ!」<05>.<4C>7<05>*100<05>
095E	a2b9af01feb5da7b8f86207b76977294066f8305208f67727220243106207a9d8520907d1e977c720520b6afba7c83999c7920886a76978521055e0520967c20011c8601266f8372722105208e7689207b076e73729d89cfc8667c8305207c0b7266208a7a1c9d1021a3052a3934052e4c3105	「ケッ…オレさまに さからいやがって<05> まぁいい $1が こんな みすぼらしい<05> カッコしてるわけ ねぇからな!<05><5E><05> よし 中に入っていい!<05> ほかの さぎょういんのマネをして<05> しざいを はこぶんだ!」<05>*94<05>.<4C>1<05>
0960	a273692082769a83207c867f7310966ba305	「うぅ つかれて しにそうだよぉ」<05>
0962	a2859d1096052082769a839d107697208891977e83789a9621a305	「なんだよ<05> つかれてんだから ねむらせてくれよ!」<05>
0964	a2911001808a20779d7c200c6c96a305	「むだ口は きんし じゃよ」<05>
0966	a2b5cfb4972001346f8399763f0520b4beddbcb189b1d2ecbdc48a20fab9d3dd8081060520bbddf4dcb0d18620789c7e818f6f80977c72960520937320b4beddbcb193757c8f7210675ba305	「オマエら 知ってるか?<05> エセンシアのアメジストは バケモンたちが<05> サンドワームに くわせちまったらしいよ<05> もう エセンシアもおしまいだぁ<5B>」<05>
0968	a2b5da1001fedbd7dd1001fe01fe0520b5da06850e207a9d8501666601fe01fea305	「オレだ…ロランだ……<05> オレがなぜ こんな事を……」<05>
096A	a2b5da1001fedbd7dd10210520b1b2c297207b9d0b9dbab7010c6f83789a94066f830520b5da897276988a208c82730c6c7185720e2121a3052e4c3205	「オレだ…ロランだ!<05> アイツら さんざんコキ使ってくれやがって<05> オレのいかりは ふつうじゃあないぜ!!」<05>.<4C>2<05>
096C	a2dcbc102120f3adfad90c6c210520759d90827a7314738a20869d8072060116016601fe0520728f8a208074998910a305	「ワシだ! デュバルじゃ!<05> おんみつこうどうは にんたいが大事…<05> いまは たえるのだ」<05>
096E	a2dcbc102120f3adfad90c6c2105207b83209499847d997685202431210520759d90827a7314738a052083778995109d66827889060116016621a3052e4c3305	「ワシだ! デュバルじゃ!<05> さて やるとするかな $1!<05> おんみつこうどうは<05> てきのゆだんをつくのが大事!」<05>.<4C>3<05>
0970	a2716f7c137d20caddbd137d9605209373b8c0b8c06f7d96a305	「あっしです ハンスですよ<05> もうクタクタっすよ」<05>
0972	a2716f7c137d20caddbd137d9605209373207b787e9d76727c137d76723fccb0af01fea3052e4c3405	「あっしです ハンスですよ<05> もう さくせんかいしですかい?フーッ…」<05>.<4C>4<05>
0974	a2caa75b20caa75b20caa75ba305	「ハァ<5B> ハァ<5B> ハァ<5B>」<05>
0976	a2e8a9b0af2120e8a9b0af21a305	「グゥーッ! グゥーッ!」<05>
0978	a2bcb0af21209c807c8ad8f3a8b18985768f137d2105207a9d94200108010a668c730c9901920194660520012c1b01147d8293988589137d0520789c7c72018a8a2089818e1401fe01fe055e0520728f8a208486767820969966208f818f7c6e7301fe01fea3052a393605	「シーッ! わたしはリディアのなかまです!<05> こんや 魔法をふうじる結界を<05> 運び出すつもりなのです<05> くわしい話は のちほど……<05><5E><05> いまは とにかく よるを まちましょう……」<05>*96<05>
097A	23214c320523214c330523214c3405a27b672072778f7d209c807c0694999673860520908a988920bdb766827283207f848601148301207b7205207f848601148097200108010a668c730c9920019201948f13052072778f7d891320827283778301207b72055e05207f89019201946620730a767d842079728e730685998a0d137d05207f7a132024317b9d80818a0520749d0a86208f9c6f8301207b72055e05200c6c72778f7da3052a393705	#!<4C>2<05>#!<4C>3<05>#!<4C>4<05>「さぁ いきます わたしがやるように<05> みはりの スキをついて そとに出て下さい<05> そとに出たら 魔法をふうじる 結界まで<05> いきますので ついてきて下さい<05><5E><05> その結界を うごかすと けいほうがなるはずです<05> そこで $1さんたちは<05> えんごに まわって下さい<05><5E><05> じゃいきます」<05>*97<05>
097C	a29c807c8a7a7a130520c1acddbd66207376066f83728f7d05207185808a2085768f8990857b9d8405207972767889207381719c7e667c8301207b72a305	「わたしはここで<05> チャンスを うかがっています<05> あなたは なかまのみなさんと<05> けいかくの うちあわせをして下さい」<05>
097E	a2756f8420816e7314207b076e737c6d73986e73137d05207c6d787c6c862093146f8320969966016e818f7c6e73a3054031313705	「おっと ちょうど さぎょうしゅうりょうです<05> しゅくしゃに もどって よるを待ちましょう」<05><40>117<05>
0980	a20e6a200e6a20ececb2868a0520816f84207a897c0a848a2077827d07947e9d76896ba305	「ぜぇ ぜぇ ジジイには<05> ちっと このしごとは きつすぎやせんかのぉ」<05>
0982	a2b1d2ecbdc4890102010420bebcd97b8f8a0520147a768620829a7b979a83207c9373809c7205207572809c7c94a305	「アメジストの司祭 セシルさまは<05> どこかに つれさられて しもうたわい<05> おいたわしや」<05>
0984	a2969986859a1a015c9299207f9a8f13897c9d1e737ba305	「よるになれば休める それまでのしんぼうさ」<05>
0986	a27a9d858f72868120936bd4f0965ba305	「こんなまいにち もぉヤダよ<5B>」<05>
0988	a272828f13207a9d857a841a76982094977b9a999d1001fea305	「いつまで こんなことばかり やらされるんだ…」<05>
098A	a2859d7d763f20b1ddc0055e05207a9d859685768620859d859d7d763f0520feb88a207f897c6d908a208572137d96208e9d8486052094928301207b7221a305	「なんすか? アンタ<05><5E><05> こんなよなかに なんなんすか?<05> ボクは そのしゅみは ないですよ ほんとに<05> やめて下さい!」<05>
098C	a27a7a13015c91866c2001127d0799212105208a80977920936f848a8097789d102120b8ed1493920621a305	「ここで休むにゃ 早すぎる!!<05> はたらけ もっとはたらくんだ! クズどもめが!」<05>
098E	a2b5d2b02120109a06015c9d13727284726f800520b5da86018a7c767999859d0b2031303001820520011274749d10672121a305	「オメー! だれが休んでいいといった<05> オレに話しかけるなんざ 100年<05> 早ええんだぁ!!」<05>
0990	a2b3d7a75b2121a3052a31303005	「ウラァ<5B>!!」<05>*100<05>
0992	a293811a66208a859a9d0c6c886a966b5b2105207b076e738693149a6a5b21a305	「もちばを はなれんじゃねぇよぉ<5B>!<05> さぎょうにもどれぇ<5B>!」<05>
0994	a27cb06f21207a746601147d8501fe052083778620010612769a837c8f730f21a305	「しーっ! こえを出すな…<05> てきに 気づかれてしまうぞ!」<05>
0996	a27cb06f21208f0d726f7d96052083778620010612769a816c728f7d96a305	「しーっ! まずいっすよ<05> てきに 気づかれちゃいますよ」<05>
0998	a27b67209c807c8a20796f7672668a76727c8f7d052090857b9d8a20b4beddbcb16620849893147c8301207b72a305	「さぁ わたしは けっかいをはかいします<05> みなさんは エセンシアを とりもどして下さい」<05>
099A	a290857b9d207198068473207576091320b4beddbcb176970520fab9d3c9662075728a97730166062013778f7c80055e05207b7120b4beddbcb186209314988f7c6e73a305	「みなさん ありがとう おかげで エセンシアから<05> バケモノを おいはらう事が できました<05><5E><05> さあ エセンシアに もどりましょう」<05>
099C	2631323405a2b4beddbcb18a728f20011066208c6f7a737b7e9673840520909d851320011a66719c7e8372999d137da305	&124<05>「エセンシアはいま 町を ふっこうさせようと<05> みんなで 力をあわせているんです」<05>
099E	a2901498062093146f83778305208b841b84869320766f77061383778f7c80055e052024317b9d20016c01dc8671858089757609137da305	「みどりが もどってきて<05> ひとびとにも かっきがでてきました<05><5E><05> $1さん 本当にあなたのおかげです」<05>
09A0	2631323405a27a8920069a7766207680127985776c01fe01fe0520796f776e78208f748420759d850c9673857a847c839d1005207c6e7306886a7914a305	&124<05>「この がれきを かたづけなきゃ……<05> けっきょく まえと おんなじようなことしてんだ<05> しょうがねぇけど」<05>
09A2	a2b1d2ecbdc489011a6f837d0a729d137d8805207a9d85869014980693146f837899859d83055e052082721386207a89069a776620816e72816e726f8405207680127983789a998472729d10791485a305	「アメジストの力ってすごいんですね<05> こんなにみどりがもどってくるなんて<05><5E><05> ついでに このがれきを ちょいちょいっと<05> かたづけてくれるといいんだけどな」<05>
09A4	2631323405a27294672024317b9d897576091305207a73946f838f80207501b601e07b8f8901206605207b9d1913779996738685988f7c800520ceb3d7b820ceb3d7b8a305	&124<05>「いやぁ $1さんのおかげで<05> こうやってまた お天道さまの下を<05> さんぽできるようになりました<05> ホウラク ホウラク」<05>
09A6	a2dcbc0672778399738186052090149889b4beddbcb1062075069299848a0520019a6f84979d766f80137d9601fe055e052024317b9d89757609137d0c6c05208f6f807824317b9d8a0520b4beddbcb189201072759d0c9d137d0c6ca305	「ワシがいきてるうちに<05> みどりのエセンシアが おがめるとは<05> 思っとらんかったですよ…<05><5E><05> $1さんのおかげですじゃ<05> まったく$1さんは<05> エセンシアの だいおんじんですじゃ」<05>
09A8	2631323405a2b4beddbcb18676746f837a9a808a7272060520bebcd97b8f8a2075979d7c20b1d2ecbdc48a85727c01fe05208594908980888a2082779d896b5ba305	&124<05>「エセンシアにかえってこれたはいいが<05> セシルさまは おらんし アメジストはないし…<05> なやみのたねは つきんのぉ<5B>」<05>
09AA	a2b1d2ecbdc4932093146f807c01fe05207a9a1320010201047b8f0676746f83789a1a052072737a848a85729d1006896b5ba305	「アメジストも もどったし…<05> これで 司祭さまがかえってくれば<05> いうことはないんだがのぉ<5B>」<05>
09AC	262131323405a27d0a729421207d0a729421209014980693146f8377809621052024317b9d0620b1d2ecbdc4660520849893147c83789a809d108820719806847321a305	&!124<05>「すごいや! すごいや! みどりがもどってきたよ!<05> $1さんが アメジストを<05> とりもどしてくれたんだね ありがとう!」<05>
09AE	a2fab9d3c980818a20756f15976f80898605208f1020901498062093146f837a85729401fe0520946f159820b1d2ecbdc40685728420f0d285897685673fa305	「バケモノたちは おっぱらったのに<05> まだ みどりが もどってこないや…<05> やっぱり アメジストがないと ダメなのかなぁ?」<05>
09B0	2631323405a2729488207a7a862072746680839673840520019a6f83999d137d96055e052093849384207a7a8adcc0bc8901e40178137c83880520827812782001e401786601b46f8383052096766f8084019a728f7c8096055e05207a7a06fab9d3dd86201c9d14979a8084778a052001e40178011e018a9320780d9a80762120840520bcaeafb8106f809d137d7914886a055e0520946f15982001e40178137d962001e401782121a305	&124<05>「いやね ここに いえをたてようと<05> 思ってるんですよ<05><5E><05> もともと ここはワタシの土地でしてね<05> つくづく 土地を持ってて<05> よかったと思いましたよ<05><5E><05> ここがバケモンに ぶんどられたときは<05> 土地神話も くずれたか! と<05> ショックだったんですけどねぇ<05><5E><05> やっぱり 土地ですよ 土地!!」<05>
09B2	a2729488207a7a862072746680839673840520019a6f83999d137d960520901498718c9a9920eab0ecacbd8520869c210520729467207f730f737d991086207d1a977c726f055e0520735b9d20946f1598b1d2ecbdc4716f83890520b4beddbcb1137d88208a6f8a6f8a6f8aa305	「いやね ここに いえをたてようと<05> 思ってるんですよ<05> みどりあふれる ゴージャスな にわ!<05> いやぁ そうぞうするだに すばらしいっ<05><5E><05> う<5B>ん やっぱりアメジストあっての<05> エセンシアですね はっはっはっは」<05>
09B4	a271980684730a0b728f7d2024317b8f0520d8f3a8b1017a017c93200e8b20759a72667c8072840520757b067c86856f832075988f7c80a305	「ありがとうございます $1さま<05> リディア隊長も ぜひ おれいをしたいと<05> おさがしになって おりました」<05>
09B6	23363105a275880672137d2024317b8f21052014737620b1d2ecbdc46620849876747c8301207b722105207185808081107906208096988589137da305	#61<05>「おねがいです $1さま!<05> どうか アメジストを とりかえして下さい!<05> あなたたちだけが たよりなのです」<05>
09B8	2631323405a2717121207f9a8ab1d2ecbdc421055e05207185808a207f9a66010c9c8572130520726f8072147a8d2001b46f83727a738420727389137d7621a305	&124<05>「ああ! それはアメジスト!<05><5E><05> あなたは それを使わないで<05> いったいどこへ 持っていこうと いうのですか!」<05>
09BA	2631323505a224317b8f897576091320b4beddbcb1869305207a737c8320901498069314988f7c80052094068320b4beddbcb193052091767c897d06806620849893147d137c6e73a3055e05205924318a20b1d2ecbdc46620839c807c805a052a323233054031323505	&125<05>「$1さまのおかげで エセンシアにも<05> こうして みどりがもどりました<05> やがて エセンシアも<05> むかしのすがたを とりもどすでしょう」<05><5E><05> <59>$1は アメジストを てわたした<5A><05>*223<05><40>125<05>
09BC	a224317b8f2071980684730a0b728f7da305	「$1さま ありがとうございます」<05>
09BE	23363105a2011278208d729c86856f83208f80bcb0b9afc4890110860520fab6ddbd86727780729ca721a305	#61<05>「早く へいわになって またシーケットの町に<05> バカンスにいきたいわァ!」<05>
09C0	a2bbddf4dcb0d189769d7a73c2b1b006052071999d137d6f83052071807c2093737c7a9d0c6c7573767c97055e0520bbddf4dcb0d189011c862001269a99977c729c96a305	「サンドワームのかんこうツアーが<05> あるんですって<05> あたし もうしこんじゃおうかしら<05><5E><05> サンドワームの中に 入れるらしいわよ」<05>
09C2	2331303605a2886a886a20bbddf4dcb0d16f830136807a8471993f05207d6f0a7820011677729d106f8321a305	#106<05>「ねぇねぇ サンドワームって見たことある?<05> すっごく 大きいんだって!」<05>
09C4	a274746f2120bbddf4dcb0d180757c816c6f80892105208e9d847685673fa305	「ええっ! サンドワームたおしちゃったの!<05> ほんとかなぁ?」<05>
09C6	2631323105a2d8f3a8b1017a017c0620857613052075018a06719984726f83728f7da305	&121<05>「リディア隊長が なかで<05> お話があるといっています」<05>
09C8	2631323405a224317b8f2014737620b1d2ecbdc46601fea305	&124<05>「$1さま どうか アメジストを…」<05>
09CA	a224317b8f2071980684730a0b728f7d05207a9a13207a89011093209384897d0680660520849893147d7a84137c6e73a305	「$1さま ありがとうございます<05> これで この町も もとのすがたを<05> とりもどすことでしょう」<05>
09CC	23363105a22431207a890110139320010201048a7b979c9a05208b841b848a200e821e7389011c86719901fe055e05207a9a8a207a898f8f05208475987d07999c79868a207276857285a305	#61<05>「$1 この町でも 司祭はさらわれ<05> ひとびとは ぜつぼうの中にある…<05><5E><05> これは このまま<05> とおりすぎるわけには いかないな」<05>
09CE	2631323405a2243120011278b1d2ecbdc489011a66010c6f83052090149866849893147d9d10a305	&124<05>「$1 早くアメジストの力を使って<05> みどりをとりもどすんだ」<05>
09D0	a27b6720015866727f0a730c6c7185727621a305	「さぁ 先をいそごうじゃあないか!」<05>
09D2	2631323105a2b1c6b7946f8096210520b4beddbcb16620849893147c809621a305	&121<05>「アニキやったよ!<05> エセンシアを とりもどしたよ!」<05>
09D4	2331303605a2b1c6b720ceddc4860520bbddf4dcb0d184018473893f052088aa209492967396052014731c8271720a6f832010720c0c6c857221a305	#106<05>「アニキ ホントに<05> サンドワームと戦うの?<05> ねェ やめようよ<05> どうぶつあいごって だいじじゃない!」<05>
09D6	a27294b020bbddf4dcb0d16f830520016c01dc8620f3b6b2939d106f809d7d886aa305	「いやー サンドワームって<05> 本当に デカイもんだったんすねぇ」<05>
09D8	a28c6f7a737c837278200110847273898a05207272939d10896b01fe055e0520756f8420ecec787b766f807685a305	「ふっこうしていく 町というのは<05> いいもんだのぉ…<05><5E><05> おっと ジジくさかったかな」<05>
09DA	2631323105a2bebcd9010201048a20728f0a9b052014737c8320729989137c6e737601fea305	&121<05>「セシル司祭は いまごろ<05> どうして いるのでしょうか…」<05>
09DC	2631333405a2016c01dc8a20d8f3a8b1017a017c8a207d0886139305207c9d957313719920bebcd9010201046620807d7901147c8605207277807289137d01fe055e0520139320728f20017a017c062001107697728578859a1a0520011089013a8a207a9d979d7697052080818575990166062013778572137c6e7301fe055e052072811a9d20829772898a017a017c8589137d2105209c766f8371098301207b72a305	&134<05>「本当は リディア隊長は すぐにでも<05> しんゆうである セシル司祭を たすけ出しに<05> いきたいのです…<05><5E><05> でも いま 隊長が 町からいなくなれば<05> 町の人は こんらんから<05> たちなおる事が できないでしょう…<05><5E><05> いちばん つらいのは隊長なのです!<05> わかってあげて下さい」<05>
09DE	a2946f8420b4beddbcb189013a8081930520758182776620849893147c83778f7c80a305	「やっと エセンシアの人たちも<05> おちつきを とりもどしてきました」<05>
09E0	26313231052b3205	&121<05>+2<05>
09E2	2b3505	+5<05>
09E4	a271980684732024317b9d207576091305209c807c80818a208c80801b20b4beddbcb186052093146f8378997a840613778f7c80055e05207c767c20787b01488a05207c8680748096738620769a808f8f01fe055e05207e72927289011a6682767b149920b1d2ecbdc4060520737c859c9a837c8f6f8076978589137d055e0520b1d2ecbdc48a20bbddf4dcb0d186052089907a8f9a837c8f6f83728f7d055e052075880672137d209c807c808189769c98860520b1d2ecbdc46620bbddf4dcb0d189847a9b76970520849893147c838a20789a8572137c6e7376a3052b3105	「ありがとう $1さん おかげで<05> わたしたちは ふたたび エセンシアに<05> もどってくることができました<05><5E><05> しかし くさ木は<05> しにたえたように かれたまま…<05><5E><05> せいめいの力をつかさどる アメジストが<05> うしなわれてしまったからなのです<05><5E><05> アメジストは サンドワームに<05> のみこまれてしまっています<05><5E><05> おねがいです わたしたちのかわりに<05> アメジストを サンドワームのところから<05> とりもどしては くれないでしょうか」<05>+1<05>
09E6	253105	%1<05>
09E8	a2719806847301fe7a89759d8a20726f7c6e7305209c7d9a8f7e9da3054031323105	「ありがとう…このおんは いっしょう<05> わすれません」<05><40>121<05>
09EA	a2bbddf4dcb0d16680757d80928605209c807c808106728f207a7a668a859a9a1a052001108a8c80801b207a9d979d867581726f837c8f73137c6e73055e052075880672137d2024317b9d05207185807c76208096988685997680062072857289137da3052d3205	「サンドワームをたおすために<05> わたしたちがいま ここをはなれれば<05> 町はふたたび こんらんにおちいってしまうでしょう<05><5E><05> おねがいです $1さん<05> あなたしか たよりになるかたが いないのです」<05>-2<05>
09EC	23363105a2b1d2ecbdc48a207e72927289011a6682767b1499019801fe0520b1d2ecbdc406737c859c9a808f8f138a0520b4beddbcb189208c6f7a738a890f92857289137d01fe055e052014737620bbddf4dcb0d16680757c830520b1d2ecbdc46601fea305	#61<05>「アメジストは せいめいの力をつかさどる石…<05> アメジストがうしなわれたままでは<05> エセンシアの ふっこうはのぞめないのです…<05><5E><05> どうか サンドワームをたおして<05> アメジストを…」<05>
09EE	2631323405a2717101fe7f9a7a7f8a20b1d2ecbdc421055e05207b67207f848601148305207f9a6620010c6f83908301207b72a305	&124<05>「ああ…それこそは アメジスト!<05><5E><05> さぁ そとに出て<05> それを 使ってみて下さい」<05>
09F0	2631323505a271980684730a0b728f7c800520b1d2ecbdc48a209c807c06052001a60156862076747c8375778f7c6e73055e05207a8901f4859901987b7420719a1a0520b4beddbcb18a20728276776f8405209384897d06806620849893147d137c6e73a3055e05205924318a20b1d2ecbdc46620839c807c805a052a3232330540313235055e052b3105	&125<05>「ありがとうございました<05> アメジストは わたしが<05> 数会に かえしておきましょう<05><5E><05> この聖なる石さえ あれば<05> エセンシアは いつかきっと<05> もとのすがたを とりもどすでしょう」<05><5E><05> <59>$1は アメジストを てわたした<5A><05>*223<05><40>125<05><5E><05>+1<05>
09F2	a2b4beddbcb1898b841b840605207581827766849893147c809705209c807c932001020104bebcd9776d737c6d82890520801b861399829398137d055e05207f8984777a7f20776f84207a890a759d667576747c7c8f7d052024317b9d207f9a8f13207685970d0a1c0c1301fea305	「エセンシアのひとびとが<05> おちつきをとりもどしたら<05> わたしも 司祭セシルきゅうしゅつの<05> たびにでるつもりです<05><5E><05> そのときこそ きっと このごおんをおかえしします<05> $1さん それまで かならずごぶじで…」<05>
09F4	23363105a2b1d2ecbdc48a208e76892036828901f601988484938605207f89011a132080728d9d859c0b9c726605207c0d9280842082809c6f8375988f7d0c6c01fe055e05207c767c207f899c0b9c72847273890605201473726f80938985897605207f9a8f138a2082809c6f8375979d89137d0c6ca305	#61<05>「アメジストは ほかの 6つの宝石とともに<05> その力で たいへんなわざわいを<05> しずめたと つたわっておりますじゃ…<05><5E><05> しかし そのわざわいというのが<05> どういったものなのか<05> それまでは つたわっておらんのですじゃ」<05>
09F6	2631323405a2dcbc8a017c01827a8901a60156862082767483778f7c800c6c05207c767c20b1d2ecbdc40620737c859c9a83769705208f728681062091857c787d078372778f7d0c6c055e05209d3f055e052024317b9d2085867601fe055e0520b5b5b52121207f9a8ab1d2ecbdc421055e05207f9a6620010c741a20b4beddbcb186052090149806209314998a0d137d05207b67208a947820b1d2ecbdc46621a305	&124<05>「ワシは長年この数会に つかえてきましたじゃ<05> しかし アメジストが うしなわれてから<05> まいにちが むなしくすぎていきますじゃ<05><5E><05> ん?<05><5E><05> $1さん なにか…<05><5E><05> オオオ!! それはアメジスト!<05><5E><05> それを 使えば エセンシアに<05> みどりが もどるはずです<05> さぁ はやく アメジストを!」<05>
09F8	2631323505a224317b8f2071980684730a0b728f7d0520b1d2ecbdc47b74719a1a0520b4beddbcb1932091767c897d0680660520849893147d137c6e73055e05205924318a20b1d2ecbdc46620839c807c805a0540313235052a323233055e052024317b8f20016c01dc8671980684730a0b728f7da305	&125<05>「$1さま ありがとうございます<05> アメジストさえあれば<05> エセンシアも むかしのすがたを<05> とりもどすでしょう<05><5E><05> <59>$1は アメジストを てわたした<5A><05><40>125<05>*223<05><5E><05> $1さま 本当にありがとうございます」<05>
09FA	a224317b8f2071980684730a0b728f7da305	「$1さま ありがとうございます」<05>
09FC	2331303605a2013e86ed6f8472788420136f7672bbddf4dcb0d18905207d0671999d102013932081761278898a207576717b9d8605208492979a83999d107914a305	#106<05>「西にズっといくと でっかいサンドワームの<05> すがあるんだ でも ちかづくのは おかあさんに<05> とめられてるんだけど」<05>
09FE	a274746f2120bbddf4dcb0d180757c816c6f80892105208f10200136807a842085766f8089866821a305	「ええっ! サンドワームたおしちゃったの!<05> まだ 見たこと なかったのにぃ!」<05>
0A00	23363105a2dcbcac207a7301367483932091767c8a0520fad8fad88901840186138520bbddf4dcb0d1662080757c8305207f8976971089011c862001266f800166932071999d96a305	#61<05>「ワシャ こう見えても むかしは<05> バリバリの戦士でな サンドワームを たおして<05> そのからだの中に 入った事も あるんよ」<05>
0A02	a275877c20bbddf4dcb0d189011c862001266f80842105207a986c75149b72809c72055e05208f7b7620016c01dc862001269a99848a01fea305	「おぬし サンドワームの中に 入ったと!<05> こりゃおどろいたわい<05><5E><05> まさか 本当に 入れるとは…」<05>
0A04	2631323405a2bbddf4dcb0d189208a9789011c6f830520726f8072201473856f8372999d109b738567052001269a99939d85972001266f839080728567a305	&124<05>「サンドワームの はらの中って<05> いったい どうなっているんだろうなぁ<05> 入れるもんなら 入ってみたいなぁ」<05>
0A06	a278695b6f2090149806014a867c9099886a05208f6f807820b1d2ecbdc4660520bbddf4dcb0d18620789c7e818f73859d830520849d139385727a84667d99948206207280939d109621a305	「くぅ<5B>っ みどりが目にしみるねぇ<05> まったく アメジストを<05> サンドワームに くわせちまうなんて<05> とんでもないことをするやつが いたもんだよ!」<05>
0A08	262131323705a2712024317b9d0520016c01dc867783789a809d108801fe055e0520759a859d76897a84010686767983789a830520739a7c729601fe01fe01fe01fe01fe052001fe01fe01fe01fe01fe01fe01fe01fe086f7d9da305	&!127<05>「あ $1さん<05> 本当にきてくれたんだね…<05><5E><05> おれなんかのこと気にかけてくれて<05> うれしいよ……………<05> ……………………ぐっすん」<05>
0A0A	233631052b3205	#61<05>+2<05>
0A0C	2b313805	+18<05>
0A0E	233331052b3205	#31<05>+2<05>
0A10	2b313305	+13<05>
0A12	2e333105a2859d109620758f748a01fe01fe01fe052001fe01fe01fe01fe01fe01fe01fe01fe01fe055e052084820e9d2071727b8293857c8605208b849d81862001266f8378996f83898a05207c829a720c6c8572763f055e0520746f3f055e0520859d1096055e05208e6f847283789a960520759a8a207d7713207a7a8672999d10769705200a816c0a816c72738596055e052b3105	.31<05>「なんだよ おまえは………<05> ………………………<05><5E><05> とつぜん あいさつもなしに<05> ひとんちに 入ってくるってのは<05> しつれいじゃないか?<05><5E><05> えっ?<05><5E><05> なんだよ<05><5E><05> ほっといてくれよ<05> おれは すきで ここにいるんだから<05> ごちゃごちゃいうなよ<05><5E><05>+1<05>
0A14	2001fe01fe01fe01fe01fe01fe055e05201072807220859d1076013497857279140520758f74207182768f7c7d079996055e0520726f807220859d89799d9806716f8305207a7a8677809d1096055e0520859d1320759a86018a7c7679999d103f0520746f3f055e0520759a8a208b84981372806f830520eeddeedd2010720c6e731c859d100f055e052b3105	 ………………<05><5E><05> だいたい なんだか知らないけど<05> おまえ あつかましすぎるよ<05><5E><05> いったい なんのけんりがあって<05> ここにきたんだよ<05><5E><05> なんで おれに話しかけるんだ?<05> えっ?<05><5E><05> おれは ひとりでいたって<05> ゼンゼン だいじょうぶなんだぞ<05><5E><05>+1<05>
0A16	207a7a86208b849813729a1a207380662073806f83930520109a9320939d788a20729c85727c055e052080727882859d83207a9a6f196f819320769d0c85728821055e05207f89207c6e737a860520759a8a207a7a130520850672717210208b84981378977c8377809d10055e0520937320859d018286208599768501fe055e0520759a8a20109a849320018a7c837285727c0520018a7b85788393208d7277106f809d100f055e052b3105	 ここに ひとりでいれば うたを うたっても<05> だれも もんくは いわないし<05><5E><05> たいくつなんて これっぽっちも かんじないね!<05><5E><05> その しょうこに<05> おれは ここで<05> ながいあいだ ひとりでくらしてきたんだ<05><5E><05> もう なん年に なるかな…<05><5E><05> おれは だれとも 話していないし<05> 話さなくても へいきだったんだぞ<05><5E><05>+1<05>
0A18	2010769720728f86856f830520759a86018a7c767999898a20949283789a9605209c766f807620856720859d8476727496055e052014737c809d1020746f20859d8476726f83909b960520859d109620757a6f8089763f055e0520757a6f8089766f83207772839d109621052001fe01fe01fe01fe01fe01fe01fe01fe01fe055e0520757a6f839d89763f052001fe01fe01fe01fe01fe01fe01fe01fe01fe01fe01fe055e052001fe01fe01fe01fe01fe01fe0520856720757a6f83993fa30505052b3105	 だから いまになって<05> おれに話しかけるのは やめてくれよ<05> わかったか なぁ なんとかいえよ<05><5E><05> どうしたんだ えっ なんとかいってみろよ<05> なんだよ おこったのか?<05><5E><05> おこったのかって きいてんだよ!<05> ………………………<05><5E><05> おこってんのか?<05> ……………………………<05><5E><05> ………………<05> なぁ おこってる?」<05><05><05>+1<05>
0A1A	253105	%1<05>
0A1C	2b3205	+2<05>
0A1E	a271712096766f80a305	「ああ よかった」<05>
0A20	2a2e313605233932052b3905	*.16<05>#92<05>+9<05>
0A22	2631323205a2716f207f737f7305207a7a8672998420729b729b920d977c72939d060520018e860126999d1079147b01fe01fe05201473207a9d85893fa3055e050549323535054932313805205924318a20bdc4d8d189016c6620018e8601269a805a0505055e0540313232052a2e3837052b3405	&122<05>「あっ そうそう<05> ここにいると いろいろめずらしいもんが<05> 手に入るんだけどさ……<05> どう こんなの?」<05><5E><05><05><49>255<05><49>218<05> <59>$1は ストリムの本を 手に入れた<5A><05><05><05><5E><05><40>122<05>*.87<05>+4<05>
0A24	2a2e313605233932052b3705	*.16<05>#92<05>+7<05>
0A26	2631323305a2716f207f737f7305207a7a8672998420729b729b920d977c72939d06052083868a729d1079147b01fe01fe05201473207a9d85893fa3055e050549323535054932313805205924318a052020766f7a727201da6620018e8601269a805a0505055e0540313233052a2e3430052b3205	&123<05>「あっ そうそう<05> ここにいると いろいろめずらしいもんが<05> てにはいんだけどさ……<05> どう こんなの?」<05><5E><05><05><49>255<05><49>218<05> <59>$1は<05>  かっこいい弓を 手に入れた<5A><05><05><05><5E><05><40>123<05>*.40<05>+2<05>
0A28	2b3205	+2<05>
0A2A	a28874208f10757a6f83993fa3050505052d3805	「ねえ まだおこってる?」<05><05><05><05>-8<05>
0A2C	2a2e313605233932052b3305	*.16<05>#92<05>+3<05>
0A2E	a296766f80977b207a9a2093976f83789a960520859d76779a72852001f60198109ba30505055e052a2e32333605205924318a20b1d2ecbdc46620018e8601269a805a0505055e05a2746f207f9d858605207f8901f601986f83200116016685017085893fa30505055e052a2e3638052b3105	「よかったらさ これ もらってくれよ<05> なんかきれいな 宝石だろ」<05><05><05><5E><05>*.236<05> <59>$1は アメジストを 手に入れた<5A><05><05><05><5E><05>「えっ そんなに<05> その宝石って 大事な物なの?」<05><05><05><5E><05>*.68<05>+1<05>
0A30	a28f71207e6f767805207c98716f809d107c01fe01fe0505055e0520808f868a20717f1b867783789a968501fe01fe05208f6f83990e01fe01fea3050505	「まあ せっかく<05> しりあったんだし……<05><05><05><5E><05> たまには あそびにきてくれよな……<05> まってるぜ……」<05><05><05>
0A32	a285867671099673768475936f807914052001b401700620726f15720c6c718501fe055e05208f71207e6f76780520013498716f809d107c01fe01fe055e0520808f868a20717f1b867783789a968501fe01fe0520016e6f83990e01fe01fea305	「なにかあげようかとおもったけど<05> 持物が いっぱいじゃあな…<05><5E><05> まあ せっかく<05> 知りあったんだし……<05><5E><05> たまには あそびにきてくれよな……<05> 待ってるぜ……」<05>
0A34	a2d8f3a8b1017a017c8420bebcd9010201048a05208f99132001420144899673862085760696766f8089137d0520017a017c892075010601b4818a05207280728e142096789c76988f7da305	「リディア隊長と セシル司祭は<05> まるで 姉妹のように なかがよかったのです<05> 隊長の お気持ちは<05> いたいほど よくわかります」<05>
0A36	a224317b9d808193207c807c7276800605207b979c9a837c8f6f807f73137d8801fe055e0520716720859d847c8393207a89018e130520fab9d3c980816620946f8279839498807201fea305	「$1さんたちも したしいかたが<05> さらわれてしまったそうですね…<05><5E><05> あぁ なんとしても この手で<05> バケモノたちを やっつけてやりたい…」<05>
0A38	a2fab6d3ddaf207a746601147d9d0c6c857201fe052083778620010612769a990fa305	「バカモンッ こえを出すんじゃない…<05> てきに 気づかれるぞ」<05>
0A3A	a29c06bcb0b9afc48a20010e0f7876970110668f93998092052079721b6620776e73767c83728f7d0520011089011c8a719d7c9d137d8913052014730f20d8d7afb8bd7c83726f8301207b72a305	「わがシーケットは 山ぞくから町をまもるため<05> けいびを きょうかしています<05> 町の中はあんしんですので<05> どうぞ リラックスしていって下さい」<05>
0A3C	a2caa75bb2a305	「ハァ<5B>イ」<05>
0A3E	a29c06bcb0b9afc48a052001d8890110138a209c7d9a7b979a837c8f6f8096738505208c997272728280746620897a7c800110106f809d100688055e0520728f138a207d6f76980520d8efb0c48901108620856f837c8f6f8096055e0520d7ddfcd9fbd989139d7e823f052001fe01fe735b9d01fe01fe055e05207f9d8520018a9320716f8096738505200106067d999d100601fea305	「わがシーケットは<05> 他の町では わすれさられてしまったような<05> ふるいいいつたえを のこした町だったんだがね<05><5E><05> いまでは すっかり<05> リゾートの町に なってしまったよ<05><5E><05> ランブルビルのでんせつ?<05> ……う<5B>ん……<05><5E><05> そんな 話も あったような<05> 気がするんだが…」<05>
0A40	a29c76728920bcb0b9afc48a208a0c928376723f0520b5b2d7200182863376728a7899791405207a9d857272011020816e6f848e76868a8572880520d2bc8a738f727c20c8b4816c9d8ab7dab2107ca305	「わかいの シーケットは はじめてかい?<05> オイラ 年に3かいはくるけど<05> こんないい町 ちょっとほかにはないね<05> メシはうまいし ネエちゃんはキレイだし」<05>
0A42	a27d728f7e9d20fbb0c18a146f81767c973fa305253105	「すいません ビーチはどっちかしら?」<05>%1<05>
0A44	a285869621208a7220847620727274200c6c0520146f81769c76978572137c6e21a305	「なによ! はい とか いいえ じゃ<05> どっちかわからないでしょ!」<05>
0A46	a285869621208a7220847620727274200c6c0520146f81769c76978572137c6e21a305	「なによ! はい とか いいえ じゃ<05> どっちかわからないでしょ!」<05>
0A48	a27a7a769701588982737a738a20779d7c207b9a83728f7d052085867c9b20010e0f7806011499939d137d769701fea305	「ここから先のつうこうは きんし されています<05> なにしろ 山ぞくが出るもんですから…」<05>
0A4A	a2dcbcac8520bcb0b9afc4867d9d1399939d1305207a89018286856f839305208f108f10207e727c6d9d6f83769d0c109c720520cab0afcaafcaafcaaf21a305	「ワシャな シーケットにすんでるもんで<05> この年になっても<05> まだまだ せいしゅんってかんじだわい<05> ハーッハッハッハッ!」<05>
0A4C	a2bada1096bada2120b5da069384928380898a05207a9d850110859d109620b1c6b7210520b5b2d7200e6f80728620b6c9ecae8278990e210520b1c6b793069d1a9d859621a305	「コレだよコレ! オレがもとめてたのは<05> こんな町なんだよ アニキ!<05> オイラ ぜったいに カノジョつくるぜ!<05> アニキもがんばんなよ!」<05>
0A4E	a2b4b0af3f2014737c96730520750a6f8393976f816c75737685675b21055e0520859d1020c5ddf50c6c8572893f20c1aaaf2121a305	「エーッ? どうしよう<05> おごってもらっちゃおうかなぁ<5B>!<05><5E><05> なんだ ナンパじゃないの? チェッ!!」<05>
0A50	a2b5d2b0207f9d85862001d4777a9d13052071827885728976723fa305	「オメー そんなに 鎧きこんで<05> あつくないのかい?」<05>
0A52	234c3105a272976f7c6c728f7e0520a101de8901367499dabdc4d7dda4130a0b728f7d055e05207a7a8a20b1fdafb87e9d9673130a0b728f7d05201473762075829a897680842075721301207b728f7ea305	#<4C>1<05>「いらっしゃいませ<05> 『海の見えるレストラン』でございます<05><5E><05> ここは アベックせんようでございます<05> どうか おつれのかたと おいで下さいませ」<05>
0A54	234c3405a272976f7c6c728f7e0520a101de8901367499dabdc4d7dda4130a0b728f7d055e05200a816d73939d8a3fa3052a31343605	#<4C>4<05>「いらっしゃいませ<05> 『海の見えるレストラン』でございます<05><5E><05> ごちゅうもんは?」<05>*146<05>
0A56	a272976f7c6c728f7e0520a101de8901367499dabdc4d7dda4130a0b728f7da305	「いらっしゃいませ<05> 『海の見えるレストラン』でございます」<05>
0A58	a272811a9d20807678830520726f811a9d2075727c72938932013a8f74886f21a305	「いちばん たかくて<05> いっちばん おいしいもの2人まえねっ!」<05>
0A5A	a2767c7a8f988f7c80a305	「かしこまりました」<05>
0A5C	a2758f807e7c8f7c802014730fa305	「おまたせしました どうぞ」<05>
0A5E	a28c692075727c766f806705200a817f737b8f6fa3055e052e4c34053e38303005233930052a2e3136300505205971986f80792084979a805a050505	「ふぅ おいしかったぁ<05> ごちそうさまっ」<05><5E><05>.<4C>4<05>>800<05>#90<05>*.160<05><05> <59>ありったけ とられた<5A><05><05><05>
0A60	2f0505205975769d0c6e7320383030472084979a805a050505	/<05><05> <59>おかんじょう 800<47> とられた<5A><05><05><05>
0A62	a2cdafcdafcdaf2120b1ddc093207a890110860520b1faddc1adb0d9669384928320946f837780b8c176723fa305	「ヘッヘッヘッ! アンタも この町に<05> アバンチュールをもとめて やってきたクチかい?」<05>
0A64	2a2e363305a27a9672207189ba8401feb3b0afbcafbcafbc21055e052b3105	*.63<05>「こよい あのコと…ウーッシッシッシ!<05><5E><05>+1<05>
0A66	2a2e343405233930052001fe01feb3b0bcafbcafbcafbcafbc2121055e052d3005	*.44<05>#90<05> ……ウーシッシッシッシッシ!!<05><5E><05>-0<05>
0A68	2001fe01feefb8efb8af2121a305	 ……ゾクゾクッ!!」<05>
0A6A	a2756f846f846f20018a7c767985721388052001060681997697a305	「おっとっとっ 話しかけないでね<05> 気がちるから」<05>
0A6C	a2b1afc0bd8a20bdb0b9afc4890d9d809701fa890520fab0dd809772738097200110769777809d85970696055e05208f9d101d20bdb0b9afc46f80970520726f7974011010859d6f10a305	「アッタスは スーケットのずんたら南の<05> バーンたらいうたら 町からきたんならがよ<05><5E><05> まんだべ スーケットったら<05> いっけえ町だなんっだ」<05>
0A6E	a2b4dadd808189016666019a7384207a9d85847a9b13052073769a8385142072979a8572852085672431a305	「エレンたちの事を思うと こんなところで<05> うかれてなど いられないな なぁ$1」<05>
0A70	234c3105a2caddbd9206209c9a9c9a868a05200116016685869d91067199847273898605208b84981373769a756f8321208509769c7c72a305	#<4C>1<05>「ハンスめが われわれには<05> 大事なにんむがあるというのに<05> ひとりでうかれおって! なげかわしい」<05>
0A72	a224315b6f20765b6f822120900c6d789389926f212105208586662073769a8375998910676f6f21a305	「$1<5B>っ か<5B>っつ! みじゅくものめっ!!<05> なにを うかれておるのだぁっっ!」<05>
0A74	a201fe01fe01fe01fe01fe01fe01fe01fe01fe01fea3055e05052059769a8a2076890c6e84208c8098897e76728605202001266f8372999673105a0505	「…………………………」<05><5E><05><05> <59>かれは かのじょと ふたりのせかいに<05>  入っているようだ<5A><05><05>
0A76	a201fe01fe01fe01fe01fe01fe01fe01fe01fe01fea3055e0505205976890c6e8a20769a84208c8098897e76728605202001266f8372999673105a0505	「…………………………」<05><5E><05><05> <59>かのじょは かれと ふたりのせかいに<05>  入っているようだ<5A><05><05>
0A78	a27a8901108901fc868a2091767c76970520010e0f78067d908272838f7c83880520d4c2d776972090668f9399809205207a899673862079721b7c8372999d137d06055e05207b72779d20d4c2970520776d738620776e731e7386856f83778089137d0520011c868a208a9d1c9dfab9d3c989967385d4c293728f7c83880520726f8477932095109d06137785729d137d96a305	「この町の北には むかしから<05> 山ぞくがすみついてましてね<05> ヤツラから みをまもるため<05> このように けいびしているんですが<05><5E><05> さいきん ヤツら<05> きゅうに きょうぼうになってきたのです<05> 中には はんぶんバケモノのようなヤツもいましてね<05> いっときも ゆだんができないんですよ」<05>
0A7A	2631323705a2b1af20b1c6b7207c6e7376727d99960520baeeafc4816c9d2120b6c9ecae897584737b9d6f8305207a890110898d727c859d106f83055e052010769720b6c9ecae932001388d727c86856f8305207a89011066208f939880729d106f837b052072727a7a9b06791096886a5ba3054031323705	&127<05>「アッ アニキ しょうかいするよ<05> コゼットちゃん! カノジョのおとうさんって<05> この町のへいしなんだって<05><5E><05> だから カノジョも 女へいしになって<05> この町を まもりたいんだってさ<05> いいこころがけだよねぇ<5B>」<05><40>127<05>
0A7C	234c3105a2816e6f84b1c6b76f80970520728f207272847a9b859d10769720b1afc1726f83839621a305	#<4C>1<05>「ちょっとアニキったら<05> いま いいところなんだから アッチいっててよ!」<05>
0A7E	a2f65bbd2121a305	「ピ<5B>ス!!」<05>
0A80	2631323705a29c807c20baeeafc46f8372728f7d0520caddbd7b9d897584931081137d880520139320caddbd7b9d6f8375937c9b72013aa305	&127<05>「わたし コゼットっていいます<05> ハンスさんのおともだちですね<05> でも ハンスさんっておもしろい人」<05>
0A82	a224317b9d89018a8a0520caddbd7b9d7697207376066f838f7d05209573769d85013a106f8301fe055e05209c807c93209085977280729c20748d6fa305	「$1さんの話は<05> ハンスさんから うかがってます<05> ゆうかんな人だって…<05><5E><05> わたしも みならいたいわ えへっ」<05>
0A84	2321343405a29c675b722024317b9d1005207a8572108a208277716f83789a830520147393207198068473a305	#!44<05>「わぁ<5B>い $1さんだ<05> こないだは つきあってくれて<05> どうも ありがとう」<05>
0A86	a271976f2072722075a584a57a6f0520cbcf8475015406719985970520dcc0bc84f3b0c47c85723fa305253105	「あらっ いい お・と・こっ<05> ヒマとお金があるなら<05> ワタシとデートしない?」<05>%1<05>
0A88	2b3205	+2<05>
0A8A	a273695b9d20829a85722075a576a5806f2105200c6c71886f21a305	「うぅ<5B>ん つれない お・か・たっ!<05> じゃあねっ!」<05>
0A8C	a2b7acb020b3dabca8b02105200c6c208f0d2032013a137199778f7c6e6f21a3052e4c31052a31303305	「キャー ウレシィー!<05> じゃ まず 2人であるきましょっ!」<05>.<4C>1<05>*103<05>
0A8E	a2886a01fe01fe2082078adabdc4d7dd130520757c6e780c207c8f7c6e7376a305253105	「ねぇ…… つぎはレストランで<05> おしょくじ しましょうか」<05>%1<05>
0A90	a2b7acb020b3dabca8b0210520dcc0bc2075857606f8afbaf8ba858921a305	「キャー ウレシィー!<05> ワタシ おなかがペッコペコなの!」<05>
0A92	a273695b9d20829a85722075a576a5806f2105200c6c71886f21a3052e214c3105	「うぅ<5B>ん つれない お・か・たっ!<05> じゃあねっ!」<05>.!<4C>1<05>
0A94	a2886a20dcc0bc207a7a89201473089413736f83990520c8afb8dabd068e7c72896b207272137c6e736b3fa305253105	「ねぇ ワタシ ここの どうぐやでうってる<05> ネックレスがほしいのぉ いいでしょうぉ?」<05>%1<05>
0A96	a2b7acb020719806846f210520bdafeab8208e7c766f80896fa305	「キャー ありがとっ!<05> スッゴク ほしかったのっ」<05>
0A98	a273695b9d20829a85722075a576a5806f2105200c6c71886f21a3052e214c3105	「うぅ<5B>ん つれない お・か・たっ!<05> じゃあねっ!」<05>.!<4C>1<05>
0A9A	a27a8972811a9d8076788320756f777294825b055e05207272137c6e5ba305253105	「このいちばんたかくて おっきいやつ<5B><05><5E><05> いいでしょ<5B>」<05>%1<05>
0A9C	a294985b6f21a305	「やり<5B>っ!」<05>
0A9E	a273695b9d20829a85722075a576a5806f2105200c6c71886f21a3052e214c3105	「うぅ<5B>ん つれない お・か・たっ!<05> じゃあねっ!」<05>.!<4C>1<05>
0AA0	a2373030478685988f7da305	「700<47>になります」<05>
0AA2	3e3730300523393005a274746f212001b46f838572893f052001fe01fe01fe055e05200c6c20b6b0f48a3f052001fe01fe01fe055e05207f9a932001b46f838572893f055e05208c5b9d055e05200c6c7188a3052e214c3105	>700<05>#90<05>「ええっ! 持ってないの?<05> ………<05><5E><05> じゃ カードは?<05> ………<05><5E><05> それも 持ってないの?<05><5E><05> ふ<5B>ん<05><5E><05> じゃあね」<05>.!<4C>1<05>
0AA4	2f05a2719806847320243121a305493133390520593730304784979a805a0505052e4c3205	/<05>「ありがとう $1!」<05><49>139<05> <59>700<47>とられた<5A><05><05><05>.<4C>2<05>
0AA6	2e343405a2776e738a2080897c766f802105208f8071749984207272886f200c6c71207b9685976f21055e052001fe7f9a7697207a9a8a20dcc0bc76978920f7daeeddc4052001fec1adaf2101fea3055e050505205924318a01fe01fe05055e0520202020b7bd7b9a805a05055e0523393205a20c6c71208f8088a305	.44<05>「きょうは たのしかった!<05> またあえると いいねっ じゃあ さよならっ!<05><5E><05> …それから これは ワタシからの プレゼント<05> …チュッ!…」<05><5E><05><05><05> <59>$1は……<05><05><5E><05>    キスされた<5A><05><05><5E><05>#92<05>「じゃあ またね」<05>
0AA8	a27f7310210520776e738a20bdafeab8739a7c766f80769705207a9a937109816c739c0520738186207e9d0f107210722082809c990170107914055e052073739d207282932001b4817199728372996f8305209c790c6c85728996052096766f809720010c6f8388055e0505493235350549323138052059909c788901d46620018e8601269a805a050505	「そうだ!<05> きょうは スッゴクうれしかったから<05> これもあげちゃうわ<05> うちに せんぞだいだい つたわる物だけど<05><5E><05> ううん いつも 持ちあるいているって<05> わけじゃないのよ<05> よかったら 使ってね<05><5E><05><05><49>255<05><49>218<05> <59>みわくの鎧を 手に入れた<5A><05><05><05>
0AAA	26213133310526313332054932313205a28c076cb06f6f21a305	&!131<05>&132<05><49>212<05>「ふぎゃーっっ!」<05>
0AAC	4931363705a2855b5b5b7520eadbeadba305	<49>167<05>「な<5B><5B><5B>お ゴロゴロ」<05>
0AAE	26213133310526313332054932313005a278685b5b9d6f20776c9c9d6fa305	&!131<05>&132<05><49>210<05>「くぃ<5B><5B>んっ きゃわんっ」<05>
0AB0	4931363605a21a736f21a305	<49>166<05>「ばうっ!」<05>
0AB2	a10a737685cec3d9132075737b8f771c9d050520bcb0b9afc4769d7a73868a20358201328905208473cec3d966200a98967301207b72202020a405	『ごうかなホテルで おうさまきぶん<05><05> シーケットかんこうには 5つ星の<05> とうホテルを ごりよう下さい   』<05>
0AB4	a18c80988920718f7220019a7201146601fe05052020a201de8901367499dabdc4d7dda31314730fa405	『ふたりの あまい 思い出を…<05><05>  「海の見えるレストラン」でどうぞ』<05>
0AB6	a1bcb0b9afc420fbb0c1a405	『シーケット ビーチ』<05>
0AB8	a101de84fab6ddbd8901100520bcb0b9afc4862096737a7f21a405	『海とバカンスの町<05> シーケットに ようこそ!』<05>
0ABA	a1847a8582899778749d0520bcb0b9afc4862096737a7f21a405	『とこなつのらくえん<05> シーケットに ようこそ!』<05>
0ABC	a1d8efb0c47e9d099d8901100520bcb0b9afc4862096737a7f21a405	『リゾートせんげんの町<05> シーケットに ようこそ!』<05>
0ABE	2631333305a2b1dcdc2075807d7901207e7401fe055e0520b1b0af20010e0f780c6c85766f809d7672052074766f802074766f80055e05208486767820b1ddc09793208a94788609857e6a05207189010e0f788a20869d099d0c6c886a1096a305	&133<05>「アワワ おたすけ下せえ…<05><5E><05> アーッ 山ぞくじゃなかったんかい<05> えかった えかった<05><5E><05> とにかく アンタらも はやくにげなせぇ<05> あの山ぞくは にんげんじゃねぇだよ」<05>
0AC0	a2b1dcdc2075807d7901207e74055e0520746f20937310720c6e731c106f833f05207f73859d137d762074766f802074766f80a305	「アワワ おたすけ下せえ<05><5E><05> えっ もうだいじょうぶだって?<05> そうなんですか えかった えかった」<05>
0AC2	a28b147201666601fe0520243121207a9a668e736f837572838a0520b5da808189014e067d80990f21055e0520010e0f786620767292827c83949b730c6c857276a305	「ひどい事を…<05> $1! これをほうっておいては<05> オレたちの男がすたるぞ!<05><5E><05> 山ぞくを かいめつしてやろうじゃないか」<05>
0AC4	a28f6f8078207a890110897c6d1b80728a0520149d8520789d9a9d667c8372808472739d102105207a9a138a20011089013a060520718f988620769c727f73138a85727601fea305	「まったく この町のしゅびたいは<05> どんな くんれんをしていたというんだ!<05> これでは 町の人が<05> あまりに かわいそうではないか…」<05>
0AC6	a2caddbd7b9d8a3f0520caddbd7b9d8a20728f7e9d7621055e0520baeeafc4816c9d8a0520909d8589207680776684996f83726f8305208b84981320011066841b01147c83726f809d137d6f21055e052001127820757276798371098301207b72212105201385728420baeeafc4816c9d9321a305	「ハンスさんは?<05> ハンスさんは いませんか!<05><5E><05> コゼットちゃんは<05> みんなの かたきをとるっていって<05> ひとりで 町をとび出していったんですっ!<05><5E><05> 早く おいかけてあげて下さい!!<05> でないと コゼットちゃんも!」<05>
0AC8	2631333305a201fe01fe01fe01fe72836a966b01fea305	&133<05>「…………いてぇよぉ…」<05>
0ACA	a201fe01fe01fe01fe7280766f80966b01fea305	「…………いたかったよぉ…」<05>
0ACC	2631333305a27373207172829720869d099d0c6c886a0520fab9d3dd106fa305	&133<05>「うう あいつら にんげんじゃねぇ<05> バケモンだっ」<05>
0ACE	a2856f207172829720fab9d3dd106f809ba305	「なっ あいつら バケモンだったろ」<05>
0AD0	2631333305a2807d7983789a6f20807d7983789ab06fa305	&133<05>「たすけてくれっ たすけてくれーっ」<05>
0AD2	a2807d766f8096b02120739a7c7296b021a305	「たすかったよー! うれしいよー!」<05>
0AD4	a2b1c6b72120baeeafc4816c9d8a20010e0f78897299052014737882868b84981320726f806f832105207a737c816c72979a857296052001127820baeeafc4816c9d66807d7986727685776c21a305	「アニキ! コゼットちゃんは 山ぞくのいる<05> どうくつにひとりで いったって!<05> こうしちゃいられないよ<05> 早く コゼットちゃんをたすけにいかなきゃ!」<05>
0AD6	a28e8e73207a7a8f13801498827280848a2080727c80939d10850520bcb0b9afc4899a9d816d73848a208106739673100601fe05200a789b73857a6f80201006207f9a9391108520789b731021055e052085867c9b20b5da8a7199757680890108011a130520869d099d848a20810673011a66052090862082798089107697852121a305	「ほほう ここまでたどりついたとは たいしたもんだな<05> シーケットのれんちゅうとは ちがうようだが…<05> ごくろうなこった だが それもむだな くろうだ!<05><5E><05> なにしろ オレはあるおかたの魔力で<05> にんげんとは ちがう力を<05> みに つけたのだからな!!」<05>
0AD8	a2baaf20baeeafc4816c9d6f6fa305	「コッ コゼットちゃんっっ」<05>
0ADA	a201fecaddbd7b9d20caddbd7b9d883f0520014a0601fe20767d9d13937301367485728901fe01fe055e0520139301fe7783789a8001fe898801fea3054031333205	「…ハンスさん ハンスさんね?<05> 目が… かすんでもう見えないの……<05><5E><05> でも…きてくれた…のね…」<05><40>132<05>
0ADC	a2b1c6b7af2105201b6e73729d862072768578816c210520bcb0b9afc486209314978578816c21a305	「アニキッ!<05> びょういんに いかなくちゃ!<05> シーケットに もどらなくちゃ!」<05>
0ADE	262131333305a2b1c6b720011278726f83789a9605200c6c85728420716f7c9382977885999621a305	&!133<05>「アニキ 早くいってくれよ<05> じゃないと あっしもつらくなるよ!」<05>
0AE0	a2b1c6b701fe716f7c8a7a7a86897a6f83937272768501fe05207a890110062093841475988685998f1305207a7a668f936f837280729d1001fe055e0520ced720716f7c89015a8f9a80b3b2dde66f830520730a728380109b3f2010769720716f7c8a05208b8482891a7c6e8620edaf847d9d1380016685729d1001fe055e0520b1c6b7a820716f7c899c068f8f052095997c83789a9976723fa3052b3105	「アニキ…あっしはここにのこってもいいかな…<05> この町が もとどおりになるまで<05> ここをまもっていたいんだ…<05><5E><05> ホラ あっしの生まれたウインガって<05> うごいてただろ? だから あっしは<05> ひとつのばしょに ズッとすんでた事ないんだ…<05><5E><05> アニキィ あっしのわがまま<05> ゆるしてくれるかい?」<05>+1<05>
0AE2	253105	%1<05>
0AE4	a2b1c6b701fe719806847301fe719806847301fe055e0520886a20b1c6b720806f7c6c138801fea3055e05052059caddbd89017a06209810827c805a05050540313333052a31333105	「アニキ…ありがとう…ありがとう…<05><5E><05> ねぇ アニキ たっしゃでね…」<05><5E><05><05> <59>ハンスの隊が りだつした<5A><05><05><05><40>133<05>*131<05>
0AE6	a27f986c207f7310968505201393207a899c068f8f10798a207772838e7c729d100520b1c6b7a82080899196ab207272109b213fa3052b3105	「そりゃ そうだよな<05> でも このわがままだけは きいてほしいんだ<05> アニキィ たのむよォ いいだろ!?」<05>+1<05>
0AE8	253105	%1<05>
0AEA	2d3305	-3<05>
0AEC	a2b1c6b7a8207588067210966b05207a7a86727b7e83789a96ab21a3052d3205	「アニキィ おねがいだよぉ<05> ここにいさせてくれよォ!」<05>-2<05>
0AEE	234c3305a224317b9d20baeeafc4137d05209373207d6f7698967885988f7c8001fe055e0520caddbd7b9d8420726f7c6e8605207685970d207a890110662091767c89967386207c83907e8f7d055e0520718901fe01fe0520caddbd7b9d6695997c8371098301207b72a3052e4c3305	#<4C>3<05>「$1さん コゼットです<05> もう すっかりよくなりました…<05><5E><05> ハンスさんと いっしょに<05> かならず この町を むかしのように してみせます<05><5E><05> あの……<05> ハンスさんをゆるしてあげて下さい」<05>.<4C>3<05>
0AF0	a2147376200a012a012c6601fea305	「どうか ご武運を…」<05>
0AF2	a201fe7b7d0689dcbc93207a9d76728a0520caddbd667e929901668a13779da305	「…さすがのワシも こんかいは<05> ハンスをせめる事はできん」<05>
0AF4	2631333305a2243120caddbd89018a667772830520949b730c6c857276a305	&133<05>「$1 ハンスの話をきいて<05> やろうじゃないか」<05>
0AF6	a201fe01fe01fe01fe01fe01fe727a737601fe2431a3052a31343705	「………………いこうか…$1」<05>*147<05>
0AF8	a2019a741a2085067296731320900c7672801b137c80a305	「思えば ながいようで みじかいたびでした」<05>
0AFA	a224317b8f01fe75099d7713a305	「$1さま…おげんきで」<05>
0AFC	a29c769a848a01fe948a988297729389137d88a305	「わかれとは…やはりつらいものですね」<05>
0AFE	a2caddbd017a017c89209c068f8f66052077728301207b6f832071980684730a0b728f7da305	「ハンス隊長の わがままを<05> きいて下さって ありがとうございます」<05>
0B00	a224317b8f01fe75099d7713a305	「$1さま…おげんきで」<05>
0B02	a2d3e8d3e820f5b8f5b8a305	「モグモグ パクパク」<05>
0B04	a2719d8093207a890110868a0520d8efb0c48677809d109b3fa305253105	「あんたも この町には<05> リゾートにきたんだろ?」<05>%1<05>
0B06	a2106f809796738a85729620846f8484138375727721a305050505	「だったらようはないよ とっととでておいき!」<05><05><05><05>
0B08	a20c6c7120726f807285867c8677809d10883fa3052532052001020104667b067c8372990520139d7e8266013498807205	「じゃあ いったいなにしにきたんだね?」<05>%2<05> 司祭をさがしている<05> でんせつを知りたい<05>
0B0A	a2010201043f200134978572886a05209c807c0620757c7483949a99898a052094788693808085722091767c89018a08977210886a01fea305	「司祭? 知らないねぇ<05> わたしが おしえてやれるのは<05> やくにもたたない むかしの話ぐらいだねぇ…」<05>
0B0C	a291767c89018a067777807284853f0520756b207f73767220967877802096787780052085863f055e0520d9fbb08901a001a20620d7ddfcd9fbd9869380977c8005209c0b9c7289016606207c9880728976723f055e0520719d8093200d721c9d0520bcd8b1bd85018a6620757a899010886a055e0520859d1393207f9a8a0520ecbdcca7ddf3d98472730520756f7f9b7c7220fab9d3c9890166977c729d107914880520718f9820789c7c7201668a2096789c76979d899601fea3052a32323205	「むかしの話がききたいとな?<05> おぉ そうかい よくきた よくきた<05> なに?<05><5E><05> ルビーの導師が ランブルビルにもたらした<05> わざわいの事が しりたいのかい?<05><5E><05> あんたも ずいぶん<05> シリアスな話を おこのみだねぇ<05><5E><05> なんでも それは<05> ジスファンデルという<05> おっそろしい バケモノの事らしいんだけどね<05> あまり くわしい事は よくわからんのよ…」<05>*222<05>
0B0E	a2816e6f8420016e819d7c6c72212105207f89018a859720dcbc0601b46f839905208c9972208c99b072016c8620767283716f8096738501fea305	「ちょっと 待ちんしゃい!!<05> その話なら ワシが持ってる<05> ふるい ふるーい本に かいてあったような…」<05>
0B10	a27575207a9a0c6c207a89016c0c6c052001fe01fe01fe01fe01fe01fe01fe052001fe01fe01fe01fe01fe052001fe01fe01fe01fe01fe01fe055e05a101fe01fe7f897a9bd7ddfcd9fbd9138a05209c9a9c9a89209a777c897374130520109a93207972799d7c807a8489857296738505208d729c85200c107206821272837280a405	「おお これじゃ この本じゃ<05> …………………<05> ……………<05> ………………<05><5E><05>『……そのころランブルビルでは<05> われわれの れきしのうえで<05> だれも けいけんしたことのないような<05> へいわな じだいがつづいていた』<05>
0B12	a17c767c207282897a9b76977605208072987889208a0d9a898e738605200108017006207c9d866d737c05207278829389011066208e9b1e7c80055e05207f9a72977220d7ddfcd9fbd98405200108017084897172108620801b767b8599052071977f720682127705208d729c8584778a20737c859c9a8001fea405	『しかし いつのころからか<05> たいりくの はずれのほうに<05> 魔物が しんにゅうし<05> いくつもの町を ほろぼした<05><5E><05> それいらい ランブルビルと<05> 魔物とのあいだに たびかさなる<05> あらそいがつづき<05> へいわなときは うしなわれた…』<05>
0B14	a101feecbdcca7ddf3d9848a05207f898477862037013a8901a001a2808189018e86966f8305208d729c6620849893147d80928620827898107b9a80052001ea0116850108010a015a017013719901fea4055e052001fe01fe01fe01fe01fe052084788620ecbdcca7ddf3d9060520757f9b7c72fab9d3c9137199848a052076769a838a75979d96731006896b01fea3052e4c3705	『…ジスファンデルとは<05> そのときに 7人の導師たちの手によって<05> へいわを とりもどすために つくりだされた<05> 巨大な魔法生物である…』<05><5E><05> ……………<05> とくに ジスファンデルが<05> おそろしいバケモノであるとは<05> かかれてはおらんようだがのぉ…」<05>.<4C>7<05>
0B16	234c3705a21a717b9d89769d06748a209c7c89769d06740520018a6620777780776c201a717b9d862077779d7c6c72a305	#<4C>7<05>「ばあさんのかんがえは わしのかんがえ<05> 話を ききたきゃ ばあさんに ききんしゃい」<05>
0B18	a2ecbdcca7ddf3d9847273898a052085869389106f809d0c6c9b73896ba305	「ジスファンデルというのは<05> なにものだったんじゃろうのぉ」<05>
0B1A	a2859d13932071897b9d0f781493862001269a11747c8399898a0520d9fbb089827280827466936f800520729d77787b72014e106f816d7320936f159789739c7b10055e0520726f807220149d85209c98b09482859d1067207f72828a3fa305	「なんでも あのさんぞくどもに 入れぢえしてるのは<05> ルビーのついたつえをもった<05> いんきくさい男だっちゅう もっぱらのうわさだ<05><5E><05> いったい どんな わりーやつなんだぁ そいつは?」<05>
0B1C	2631333305a2baeeafc484767273d1bdd2060520010e0f7866946f8279998476726f83052001fc89010e0f78897d907686726f80791405207189ba9320728f0a9b201473856f83999497a305	&133<05>「コゼットとかいうムスメが<05> 山ぞくをやっつけるとかいって<05> 北の山ぞくのすみかにいったけど<05> あのコも いまごろ どうなってるやら」<05>
0B1E	a2baeeafc484767273d1bdd29305208576857679850985ba10968567a305	「コゼットとかいうムスメも<05> なかなかけなげなコだよなぁ」<05>
0B20	2631333305a201fe937320bcb0b9afc48a757c8f72100520dcbc93207a9a769720fab0dd8605208609967384019a6f8380847a9b20106f8010a305	&133<05>「…もう シーケットはおしまいだ<05> ワシも これから バーンに<05> にげようと思ってたところ だっただ」<05>
0B22	a2715b6720bcb0b9afc4930520fedbfedb86856f818f6f8085055e05207a898f9d8f207a8996068e9b9d0c8f6f80987c886a8976052075986c207c9d1572137c6e7306886a1096a305	「あ<5B>ぁ シーケットも<05> ボロボロになっちまったな<05><5E><05> このまんま このよがほろんじまったりしねぇのか<05> おりゃ しんぱいでしょうがねぇだよ」<05>
0B24	2631333305a21a717b9d0667201a717b9d066701fe055e05207c6f76987c832078986c9a966ba305	&133<05>「ばあさんがぁ ばあさんがぁ…<05><5E><05> しっかりして くりゃれよぉ」<05>
0B26	a21a717b9d7b742072778383789a986c6705209c7c6c207f9a1374749d9601fe01fea305	「ばあさんさえ いきててくれりゃぁ<05> わしゃ それでええんよ……」<05>
0B28	2631333305a2738b6e8b6e8b6e73209c0b9c7206757a990f745b05207e76720620fcaf849d137c8f7396738505209c0b9c7206757a990f745ba305	&133<05>「うひょひょひょう わざわいがおこるぞえ<5B><05> せかいが ブッとんでしまうような<05> わざわいがおこるぞえ<5B>」<05>
0B2A	a27167207b9d0f7866756f15976f83789a809d767205207576091320807d766f809c72055e05207b6f778a20718f98897a84860520b1c0bc9320849890107c837c8f6f80967310886aa305	「あぁ さんぞくをおっぱらってくれたんかい<05> おかげで たすかったわい<05><5E><05> さっきは あまりのことに<05> アタシも とりみだしてしまったようだねぇ」<05>
0B2C	a2758f74932084730f78149376970520739c7b867778207b72776e738901da660520967a14987c96736f837a9d809d76723f055e0520949284792094928479055e0520719d8f9820908a9806771b7c729d130520b5da932093737177979299847a9b7ba305	「おまえも とうぞくどもから<05> うわさにきく さいきょうの弓を<05> よこどりしようってこんたんかい?<05><5E><05> やめとけ やめとけ<05><5E><05> あんまり みはりがきびしいんで<05> オレも もうあきらめるところさ」<05>
0B2E	a27592977b9d098020726f809720146f799a2077809d7d973fa305	「おめらさんげた いったら どっけれ きたんすら?」<05>
0B30	a2fab0dd898620eddd84013e861a0520c2dde6d91a20727320d1c0d7b8c08505208e73099d8901107b2071999d0921207f9d0a86052078971d101a20fab0dd8a2084767210201d9d1021a305	「バーンのに ズンと西にば<05> ツンガルば いう ムタラクタな<05> ほうげんの町さ あるんげ! そんごに<05> くらべだば バーンは とかいだ べんだ!」<05>
0B32	a2c5ddf020b5d27b20946f0986208d9d8505207a141a7b208276739d89852120b2c5b6939d093fa305	「ナンダ オメさ やっげに へんな<05> こどばさ つかうんのな! イナカもんげ?」<05>
0B34	a2b5d27b207c6f8399093f0520c2dde6d90c6c2001e806208a9d979d1a207c787b6f1305200110898a9d1c9d7a20012889850620136f1396a305	「オメさ しってるげ?<05> ツンガルじゃ 川が はんらんば しくさっで<05> 町のはんぶんこ 水のなが でっでよ」<05>
0B36	a2eaddc7edfab021a305	「ゴンヌズバー!」<05>
0B38	a2b1c5c0207a89fab0dd8a8a0c9283137d883f0520fbafb8d87c80137c6e733f207a898e73099d2105201393207a897897721375149b72816c72798f7e9d0520013e89c2dde6d98a20936f84cbf4b29d137d7697a305	「アナタ このバーンははじめてですね?<05> ビックリしたでしょう? このほうげん!<05> でも このくらいでおどろいちゃいけません<05> 西のツンガルは もっとヒドイんですから」<05>
0B3A	a2feb88a20bcb0b9afc47697207a89fab0dd8d05207382987d9d1377809d137d055e0520728276207a7a860520016c01dc86207c0e9d6671727d99013a898092890520f8ddbcaedd6682789b7384019a6f8372999d137da305	「ボクは シーケットから このバーンへ<05> うつりすんできたんです<05><5E><05> いつか ここに<05> 本当に しぜんをあいする人のための<05> ペンションをつくろうと思っているんです」<05>
0B3C	a2b5d27b2001346f8399093f0520c2dde6d9892001e81a208a9d979d7b7e809d1a0520e9d9a5f4a5dab2838520726f79741a79939d136f1396a305	「オメさ 知ってるげ?<05> ツンガルの 川ば はんらんさせたんば<05> ゲル・ド・レイてな いっけえばけもんでっでよ」<05>
0B3E	a27a7a8a0620fab0dd8385011010939d1305208f9d0d2095b06f7897207d83789d9a21a305	「ここはが バーンてな町だもんで<05> まんず ゆーっくら すてくんれ!」<05>
0B40	233134052b3205	#14<05>+2<05>
0B42	a2b4b4839d771020856f7d9321a305	「エエてんきだ なっすも!」<05>
0B44	23214c350523214c360523214c37052621313336052b3205	#!<4C>5<05>#!<4C>6<05>#!<4C>7<05>&!136<05>+2<05>
0B46	2d3205	-2<05>
0B48	a2b5d7208498897a841a06209c069d1006970520876f7d8693207d6ab0827983209497793fa305253205207d6ab08279839397730520739d866c05	「オラ とりのことばが わがんだがら<05> ぬっすにも すぇーつけて やらけ?」<05>%2<05> すぇーつけてもらう<05> うんにゃ<05>
0B4A	2e3134052e21323705a2a17a6f7a6fa49d092075940d130520a1796f796fa49d0920766f7613055e052001fe01fe01fe01fe01fe01fe052001fe01fe01fe01fe01fe01fe01fe055e05209d852089759d10939d80a305	.14<05>.!27<05>「『こっこっ』んげ おやずで<05> 『けっけっ』んげ かっかで<05><5E><05> ………………<05> …………………<05><5E><05> んな のおんだもんた」<05>
0B4C	a27f877667a305	「そぬかぁ」<05>
0B4E	233134054931353305a2786b6f20786b6f21a3052e4c3505	#14<05><49>153<05>「くぉっ くぉっ!」<05>.<4C>5<05>
0B50	a28a978d6f80675ba305	「はらへったぁ<5B>」<05>
0B52	233134054931353305a276766f207a7a7a7a7a6fa3052e4c3605	#14<05><49>153<05>「かかっ こここここっ」<05>.<4C>6<05>
0B54	a276766f20766f766f2076800605207a7a6f207a6f7a6f207a999d10968805207b72779d01fe01fea305	「かかっ かっかっ かたが<05> ここっ こっこっ こるんだよね<05> さいきん……」<05>
0B56	233134054931353305a27a6f207a796f7a6fa3052e4c3705	#14<05><49>153<05>「こっ こけっこっ」<05>.<4C>7<05>
0B58	a2b5da6f83207675729b069c99726f8305209678729c9a999d10055e0520937d7a7c20789b78859880729685a305	「オレって かおいろがわるいって<05> よくいわれるんだ<05><5E><05> もすこし くろくなりたいよな」<05>
0B5A	2631333105a27a6f207a89011089013a8a20726f80720520859d83207a841a66207c6c1d6f8372999d102105207b6f1598209c769785720c6c85727621a305	&131<05>「こっ この町の人は いったい<05> なんて ことばを しゃべっているんだ!<05> さっぱり わからないじゃないか!」<05>
0B5C	2631333205a2243121207a9d85847a9b1320899d7786052001de660136837299201a71720c6c7185720fa305	&132<05>「$1! こんなところで のんきに<05> 海を見ている ばあいじゃあないぞ」<05>
0B5E	a27b6720015866727f0a732024310520769d7c6e7386208b806f837299201a71720c6c7185720fa305	「さぁ 先をいそごう $1<05> かんしょうに ひたっている ばあいじゃあないぞ」<05>
0B60	a2859d8589137c6e73207a7a89207a841a8a3f05207a9a138a20bebcd9808101020104890c6e738e7366052077780166932013778572137d88a305	「なんなのでしょう ここの ことばは?<05> これでは セシルたち司祭のじょうほうを<05> きく事も できないですね」<05>
0B62	2631333105a27a890110868a200d721c9d8491767c86052075840d9a80016606719905207f898477207a7a898e73099da1c2dde6d91d9da4052066cfbdc0b07c80891006055e05208b7b7c1c9886777884208582767c7293891085a305	&131<05>「この町には ずいぶんとむかしに<05> おとずれた事がある<05> そのとき ここのほうげん『ツンガルべん』<05> をマスターしたのだが<05><5E><05> ひさしぶりにきくと なつかしいものだな」<05>
0B64	2631333205a285866620feb0af847c84999d10202431210520726f7a78938a947820bcb0b9afc4869314979d8405208375789a8620856f837c8f730fa305	&132<05>「なにを ボーッとしとるんだ $1!<05> いっこくもはやく シーケットにもどらんと<05> ておくれに なってしまうぞ」<05>
0B66	a2caddbd89d4c29201fe0520719d85d4c213932072857885998405207b907c729389108975a305	「ハンスのヤツめ…<05> あんなヤツでも いなくなると<05> さみしいものだのお」<05>
0B68	a224317b8fb0b06f21a305	「$1さまーーっ!」<05>
0B6A	a2bc01febcb0b9afc48901100620010e0f78860520757f9c9a8f7c8021052014737620749d089d6620758806727c8f7d21a305	「シ…シーケットの町が 山ぞくに<05> おそわれました!<05> どうか えんぐんを おねがいします!」<05>
0B6C	a28b6ab020859d837a6f807221210520baeeafc4816c9d0601fe0520baeeafc4816c9d06711c8572052001127893149b739620b1c6b721a3054031333105	「ひぇー なんてこったい!!<05> コゼットちゃんが…<05> コゼットちゃんがあぶない<05> 早くもどろうよ アニキ!」<05><40>131<05>
0B6E	a201127820bcb0b9afc48693149b739620b1c6b721a305	「早く シーケットにもどろうよ アニキ!」<05>
0B70	a2caa75b20baeeafc4816c9d0520937372811471728072855ba305	「ハァ<5B> コゼットちゃん<05> もういちどあいたいな<5B>」<05>
0B72	a2b1c6b72120baeeafc4816c9d6f83207985091305207272ba1084019a73109b3f2088aa20019a73109b3fa305	「アニキ! コゼットちゃんって けなげで<05> いいコだと思うだろ? ねェ 思うだろ?」<05>
0B74	a2baeeafc4816c9d0620716f7c890166662075767c786f83052080897c72013a106f83208d8d6f052094108567b1c6b720839a990c6c9d7621a305	「コゼットちゃんが あっしの事を おかしくって<05> たのしい人だって へへっ<05> やだなぁアニキ てれるじゃんか!」<05>
0B76	a2946f1520baeeafc4816c9d062072811a9d6f7d968821052001127801020104667d7872107c83208f800520bcb0b9afc48901108d20727a739620b1c6b721a3052e343505	「やっぱ コゼットちゃんが いちばんっすよね!<05> 早く司祭をすくいだして また<05> シーケットの町へ いこうよ アニキ!」<05>.45<05>
0B78	a1baddfbc6b4ddbd20fab0dda405	『コンビニエンス バーン』<05>
0B7A	a1776e7393208072986e7313052071988f7d96738620202020a405	『きょうも たいりょうで<05> ありますように    』<05>
0B7C	a224317b5b5b9d21a305	「$1さ<5B><5B>ん!」<05>
0B7E	a224317b9d20758b7b7c1c98137d0520b4beddbcb189d8f3a8b1137d055e052024317b9d89207576091320b4beddbcb18a052091767c897d06806620849893147c828271988f7d055e05207a9d148a209c807c062071858066807d79991a9d137d0520776f842024317b9d8920759478868083998a0d137d055e05209c807c8901ca017a6685768f867c83789a8f7d883fa3052b3105	「$1さん おひさしぶりです<05> エセンシアのリディアです<05><5E><05> $1さんの おかげで エセンシアは<05> むかしのすがたを とりもどしつつあります<05><5E><05> こんどは わたしが あなたをたすけるばんです<05> きっと $1さんの おやくにたてるはずです<05><5E><05> わたしの部隊をなかまにしてくれますね?」<05>+1<05>
0B80	253105	%1<05>
0B82	a27f73726f83789a9984019a728f7c8005207b712001020104808166207d78728672778f7c6e73a3055e05052059d8f3a8b18901ca017a062085768f86856f802105202024318920bbcca7b2b10620760694728021215a05052a2e313232054031333405	「そういってくれると思いました<05> さあ 司祭たちを すくいにいきましょう」<05><5E><05><05> <59>リディアの部隊が なかまになった!<05>  $1の サファイアが かがやいた!!<5A><05><05>*.122<05><40>134<05>
0B84	a29c807c937185809320937883778a75850c05200102010489776d737c6d82898a0d137d2105209c807c8901ca017a6685768f867c8301207b7221a3052d3205	「わたしもあなたも もくてきはおなじ<05> 司祭のきゅうしゅつのはずです!<05> わたしの部隊をなかまにして下さい!」<05>-2<05>
0B86	a2c2dde6d906208e9d8f0620949d090520786f8097201a6f7b21a3052a31373705	「ツンガルが ほんまが やんげ<05> くったら ばっさ!」<05>*177<05>
0B88	a2a1c2dde6d98620016c01dc862096737a7f05202072976f7c6c728f7c80a4052084726f8499a305	「『ツンガルに 本当に ようこそ<05>  いらっしゃいました』<05> といっとる」<05>
0B8A	26313339052b3305	&139<05>+3<05>
0B8C	a2789d87977b6f771a0520769c069c209c9d841a208578976f760520b1afd7b7b0201a9d08976f81a3052a31373705	「くんぬらさっきば<05> かわがわ わんとば なくらっか<05> アッラキー ばんぐらっち」<05>*177<05>
0B8E	a284820e9d2001e8898a9d979d0620757b8f6f8305201b6f78987c83999080721085a305	「とつぜん 川のはんらんが おさまって<05> びっくりしてるみたいだな」<05>
0B90	a2789d877b6f771a20919d0df4aff7d7f4aff7d70520769c069c207d9d0af3afb9aa208f816f7a05208a9d1c977a20919d0d201a2085766f7a21a3052a31373705	「くんぬさっきば むんずドップラドップラ<05> かわがわ すんごデッケェ まちっこ<05> はんぶらこ むんず ば なかっこ!」<05>*177<05>
0B92	a2a17a8901588901e806208a9d979d7c830520200110898a9d1c9d0620012889011c860520207c0d9d137c8f6f80a4052084726f849985a305	「『この先の川が はんらんして<05>  町のはんぶんが 水の中に<05>  しずんでしまった』<05> といっとるな」<05>
0B94	a2769c069c2091796a1a7b20729d101a0520719d978f201c7720e6ddf1ace6ddc1ac0520066f19976f8097a3052a31373705	「かわがわ むけぇばさ いんだば<05> あんらま ぶき ガンヂャガンチャ<05> がっぽらったら」<05>*177<05>
0B96	a2a101e886207c0d9d10847a9b868a0520201c779406716f8320768598776e73986e7885052020012a01d20620726f15727199a4052084726f8375990601fea305	「『川に しずんだところには<05>  ぶきやがあって かなりきょうりょくな<05>  武器が いっぱいある』<05> といっておるが…」<05>
0B98	a29c807c208a857d137d20718580897a841a055e052075907e898b84209384738f6f7805208a857d137d20718580897a841a055e05201374932075907e898b84208a857d7a8405209c807c8a209c6f76978572137d052075907e898b8420749772137da305	「わたし はなすです あなたのことば<05><5E><05> おみせのひと もとうまっく<05> はなすです あなたのことば<05><5E><05> でえも おみせのひと はなすこと<05> わたしは わっからないです<05> おみせのひと えらいです」<05>
0B9A	2621313339052b3305	&!139<05>+3<05>
0B9C	a2769c069c20f4aff7d7f4aff7d7207b9d809d1a052078b0972073746f7a1a20f4ddfc970520d2afc1d7baafc1d76f7a200d0d6f801da3052a31373705	「かわがわ ドップラドップラ さんたんば<05> くーら うえっこば ドンブら<05> メッチラコッチラっこ ずずったべ」<05>*177<05>
0B9E	a201e806208a9d979d7c80898a052001e8890c6e73986d7386719920f0d10605207a9c9a837c8f6f807697107f731001fea305	「川が はんらんしたのは<05> 川のじょうりゅうにある ダムが<05> こわれてしまったからだそうだ…」<05>
0BA0	a2f0d11097207c987d9720859d1a93880520147a9d1097b0857d207c807697939d101aa3052a31373705	「ダムだら しりすら なんばもね<05> どこんだらーなす したからもんだば」<05>*177<05>
0BA2	a2a1f0d1897c6d73988f13207c837c8f73848a052001367109807a9d0c6e7310a42084726f837599a305	「『ダムのしゅうりまで してしまうとは<05> 見あげたこんじょうだ』 といっておる」<05>
0BA4	26313339052b3305	&139<05>+3<05>
0BA6	a27d06b0972094b07a88208d9a7897052079996f7d2094b07a1a208899781a7b9d841aa3052a31373705	「すがーら やーこね へれくら<05> けるっす やーこば ねるくばさんとば」<05>*177<05>
0BA8	a2a17b6f7f782072748676746f8305202001281b807c89727466207c6d73987c85799a1aa4052084726f8499a305	「『さっそく いえにかえって<05>  水びたしのいえを しゅうりしなければ』<05> といっとる」<05>
0BAA	a273879706207ab094200a9d14770b0520769c069c9d2075786f7a1a20939d14976f846f7ea3052a31373705	「うぬらが こーや ごんどきざ<05> かわがわん おくっこば もんどらっとっせ」<05>*177<05>
0BAC	a27a89014e8972748a20728f208a9d979d7c80052001e8897f7a86207c0d9d137c8f6f80977c7285a305	「この男のいえは いま はんらんした<05> 川のそこに しずんでしまったらしいな」<05>
0BAE	23214c31052b3505	#!<4C>1<05>+5<05>
0BB0	a2243120b5cfb4138a207a890110899a9d816d738905207c6c1d997a841a8a208f6f80789c76979d13719b733f05207a89dcbc062082739478667c83949b73763fa3052b3105	「$1 オマエでは この町のれんちゅうの<05> しゃべることばは まったくわからんであろう?<05> このワシが つうやくをしてやろうか?」<05>+1<05>
0BB2	253105	%1<05>
0BB4	a2967c207a9a769720dcbc06b5cfb4897184660520827283726f83949b7321a30540313336052a31303605	「よし これから ワシがオマエのあとを<05> ついていってやろう!」<05><40>136<05>*106<05>
0BB6	a20a730c6e7385014e108505208f6720dcbc8a768f9c9d0685a3052e4c3105	「ごうじょうな男だな<05> まぁ ワシはかまわんがな」<05>.<4C>1<05>
0BB8	a28e9d84738a207a8f6f8372999d109b733f052014731020827394787c8394990fa3052d3305	「ほんとうは こまっているんだろう?<05> どうだ つうやくしてやるぞ」<05>-3<05>
0BBA	a2711a97761a208e1e7d76141d20c2dde6d91405201d99099d7d0910208e091e090d997d0520816e73769d14728021a3052a31373705	「あばらかば ほぼすかどべ ツンガルど<05> べるげんすげだ ほげぼげずるす<05> ちょうかんどいた!」<05>*177<05>
0BBC	a27a89014e8a208010966f15976f830520d2c1acb8c1ac8501666620726f849910791005208f6f807820013a66fab6867c756f8321a305	「この男は ただよっぱらって<05> メチャクチャな事を いっとるだけだ<05> まったく 人をバカにしおって!」<05>
0BBE	a2c7bc852094b07a20b6dce6dc101a1020091a052094b07a1420889d881a207d997d1a2079b07b9905200a9d0a062090896f8399067220857209720621a3052a31373705	「ヌシな やーこ カワガワだばだ げば<05> やーこど ねんねば するすば けーさる<05> ごんごが みのってるがい ないげいが!」<05>*177<05>
0BC0	a2a10c1c9d897274062001e889011c86207c0d9d10939d130520207a73946f83207b796689917206728605202094997a84068572a4052084726f849906055e052631333905207c0a848514207b067e1a20727897139371999c7205208f6f807820c5cfb99389920621a305	「『じぶんのいえが 川の中に しずんだもんで<05>  こうやって さけをのむいがいに<05>  やることがない』<05> といっとるが<05><5E><05>&139<05> しごとなど さがせば いくらでもあるわい<05> まったく ナマケものめが!」<05>
0BC2	207b791a6f769820899d139976972001e8898a9d979d060520757b8f6f807a84930134979d20c5cfb99389920621a305	 さけばっかり のんでるから 川のはんらんが<05> おさまったことも知らん ナマケものめが!」<05>
0BC4	2621313337052b3205	&!137<05>+2<05>
0BC6	2321323505a2b4af3f209c807c860520827283776f838e7c729d137d76055e05209c807c66013884907a9d13208089900671993f05209c76988f7c80208f767e8378107b72a3052a313037052e313505	#!25<05>「エッ? わたしに<05> ついてきってほしいんですか<05><5E><05> わたしを女とみこんで たのみがある?<05> わかりました まかせてください」<05>*107<05>.15<05>
0BC8	a27a7a93dcb9899c769785720110137d880520726f807220858666018a7c83999d137c6e7301fea305	「ここもワケのわからない町ですね<05> いったい なにを話してるんでしょう…」<05>
0BCA	2621313337052b3605	&!137<05>+6<05>
0BCC	23213135052b3305	#!15<05>+3<05>
0BCE	a2808f972077b09a2120850a720620c7bc972090937d9305209c76727e9d20101a20796f7d72207d997d10a3052a31373705	「たまら きーれ! なごいが ヌシら みもすも<05> わかいせん だば けっすい するすだ」<05>*177<05>
0BD0	a2a1b5da8a0138847c7620018a667c8572052020014e8a76749aa4052010842120fab69389920621055e05207a9d85014e89018a2077788f139385729c210520726f807220858666769d067484999d10a3052e323505	「『オレは女としか 話をしない<05>  男はかえれ』<05> だと! バカものめが!<05><5E><05> こんな男の話 きくまでもないわ!<05> いったい なにをかんがえとるんだ」<05>.25<05>
0BD2	a2850a720620977d847c20808f972094b07a970520136f1a2013136f1a21a3052a31373705	「なごいが らすとし たまら やーこら<05> でっば ででっば!」<05>*177<05>
0BD4	a2a1013866897a7c8320014e8a01148379a4052084726f849985207a7a8ad8f3a8b166897a7c8305207f848601149673a3052a31303805	「『女をのこして 男は出てけ』<05> といっとるな ここはリディアをのこして<05> そとに出よう」<05>*108<05>
0BD6	2d3405	-4<05>
0BD8	a2a188098520746f1279052020ceafceb021207309851a7c207a7381109b79a4052084726f838f7d791401fe20149d857290137c6e73a305	「『ねげな えっづけ<05>  ホッホー! うげなばし こうちだろけ』<05> といってますけど… どんないみでしょう」<05>
0BDA	a2a1c8b4816c9d207272b9c27c839d8521052020846f8375778920018a667c83949b73763fa4052084726f84998910a305	「『ネエちゃん いいケツしてんな!<05>  とっておきの 話をしてやろうか?』<05> といっとるのだ」<05>
0BDC	a2769c069c1a207d9006972089b07d207680768005209c97207c6f831d13a305	「かわがわば すみがら のーす かたかた<05> わら しってべで」<05>
0BDE	a2a1769c069c1a207d9010069c200d990d99201a801a80052020dcda207c6f831da40520107f73137da305	「『かわがわば すみだがわ ずるずる ばたばた<05>  ワレ しってべ』<05> だそうです」<05>
0BE0	a2859d76cddd857a841a10060520a101e889208a9d979d6620849299868a05202085729389062001346f8399f0d11006a4052084726f8499967310a305	「なんかヘンなことばだが<05> 『川の はんらんを とめるには<05>  ないものが 知ってるダムだが』<05> といっとるようだ」<05>
0BE2	a2769c069c2073746f7a209110989d98101b207f9d101a97052072080d2014857685208f9d1a2088098505208e9d1a207409818120ceafceb021a305	「かわがわ うえっこ むだりんりだび そんだばら<05> いぐず どなかな まんば ねげな<05> ほんば えげちち ホッホー!」<05>
0BE4	a2a1769c069c2073748920989d989d201a1a9d1a1a9d052020880985208e9d15207409818120ceafceb0a40520107f73137da305	「『かわがわ うえの りんりん ばばんばばん<05>  ねげな ほんぱ えげちち ホッホー』<05> だそうです」<05>
0BE6	a2d8f3a8b19220816c9d847777846f83857285055e0520a101e8868a20f0d18920089908998f9c6f830520207a9c9a83207f89014e062085757c8301346f837299052020847a9b1320886a816c9d208e9d84860520207272c1c17c839d85b0a4055e05208485990fa305	「リディアめ ちゃんとききとってないな<05><5E><05> 『川には ダムの ぐるぐるまわって<05>  こわれて その男が なおして知っている<05>  ところで ねぇちゃん ほんとに<05>  いいチチしてんなー』<05><5E><05> となるぞ」<05>
0BE8	a2ead2dd857b72210520109d109d2071808f06728078856f837780891305207c829a727b7e83728010778f7d01fe055e05209373208f6f80789c79069c76988f7e9d21a3054031333705	「ゴメンなさい!<05> だんだん あたまがいたくなってきたので<05> しつれいさせていただきます…<05><5E><05> もう まったくわけがわかりません!」<05><40>137<05>
0BEA	2631333805a27a8901108a20fab0dd969882769a9901fe05207d7a7c20015c8f7e83789a857276a305	&138<05>「この町は バーンよりつかれる…<05> すこし 休ませてくれないか」<05>
0BEC	2631333905a2777a9866207b067c83996f833f055e05207f7372741a20bee6d9c3b1898176788693052071947c098520777a98067d9d13728096738501fea305	&139<05>「きこりを さがしてるって?<05><5E><05> そういえば セガルテアのちかくにも<05> あやしげな きこりがすんでいたような…」<05>
0BEE	a2849d10847a9b130520717c14926678976f837c8f6f808501fe055e0520080d080d7c838a72979a85720f05207b672082078901108d20727f0a730c6c85727621a305	「とんだところで<05> あしどめをくらってしまったな…<05><5E><05> ぐずぐずしてはいられないぞ<05> さぁ つぎの町へ いそごうじゃないか!」<05>
0BF0	2621313339052b3305	&!139<05>+3<05>
0BF2	a2b3e9d7b021209c97939d207999090605207f1a101a207206979d1320768a069c100520edaff5d7fddb1420e6b2fab006946f8477970520b6dc7a9c7d809d10055e05207f899c97939d1020c7bc9710060520106f809720f0d7afe9b4b021a3052a31373705	「ウゲラー! わらもん けるげが<05> そばだば いがらんで かはがわだ<05> ズッパラベロど ガイバーがやっときら<05> カワこわすたんだ<05><5E><05> そのわらもんだ ヌシらだが<05> だったら ダラッゲエー!」<05>*177<05>
0BF4	a2a17a897172102084820e9d20fab9d3c906052020946f83778320227a89011066208475977e80780520208572d4c297067299222084726f830520207a8901e866208a9d979d7b7e80055e0520207f898475977e80788572d4c26f83898a052020b5cfb497109b21a4052084726f8320757a6f849996731005208b848f0d2080727b9d7d99847c9673a305	「『このあいだ とつぜん バケモノが<05>  やってきて "この町を とおらせたく<05>  ないヤツらがいる" といって<05>  この川を はんらんさせた<05><5E><05>  そのとおらせたくないヤツってのは<05>  オマエらだろ!』<05> といって おこっとるようだ<05> ひとまず たいさんするとしよう」<05>
0BF6	a28c9d06978c9d069720c7bc069705201491069720859d971a7e9d099d0d05207a976f7d20769d7d971d20859d06970621a3052a31373705	「ふんがらふんがら ヌシがら<05> どむがら なんらばせんげんず<05> こらっす かんすらべ なんがらが!」<05>*177<05>
0BF8	a2a101e8898a9d979d662085757c83789a80898a052020b1c5c07b8f0680130a0b728f7c6e73052020769d7c6c769d0977b1d271979a0520207a899613207b727a7389769d1473137da4055e0520107f7310207a897172108420726f839901660605200e9d0e9d8106730f21a305	「『川のはんらんを なおしてくれたのは<05>  アナタさまがたでございましょう<05>  かんしゃかんげきアメあられ<05>  このよで さいこうのかんどうです』<05><5E><05> だそうだ このあいだと いってる事が<05> ぜんぜんちがうぞ!」<05>
0BFA	a1109d1a06208e9d8f0620738f6f7a05207b796f7a20891a6f801a977b2020a4052a31373705	『だんばが ほんまが うまっこ<05> さけっこ のばったばらさ  』<05>*177<05>
0BFC	a2a17a7a897b798a20016c01dc86738f727697052020909d8513899373a4052084767284998910a305	「『ここのさけは 本当にうまいから<05>  みんなでのもう』<05> とかいとるのだ」<05>
0BFE	2621313337052b3305	&!137<05>+3<05>
0C00	a209f0d185207d089185997e9d101a85b0a3052a31373705	「げダムな すぐむなるせんだばなー」<05>*177<05>
0C02	a2a1f0d11320fab9d3c986757f9c9a80a4052084726f8499967310a305	「『ダムで バケモノにおそわれた』<05> といっとるようだ」<05>
0C04	2621313338052b3905	&!138<05>+9<05>
0C06	a2871a20759d101a20f0d1afba2085757c6f7a05207eb07eb0973fa3052a31373705	「ぬば おんだば ダムッコ なおしっこ<05> せーせーら?」<05>*177<05>
0C08	a2a1b5cfb480818a207a9c9a80f0d16605202085757c807289763fa4052084726f8499967310052014737d993f2085757d89763fa305253105	「『オマエたちは こわれたダムを<05>  なおしたいのか?』<05> といっとるようだ<05> どうする? なおすのか?」<05>%1<05>
0C0A	2b3305	+3<05>
0C0C	a2859d7d761a9d7d7620b9afe9dd0520bdb6d7ddf7bcb0d921a3052a31373705	「なんすかばんすか ケッゲン<05> スカランプシール!」<05>*177<05>
0C0E	a2a19673062085729d106f8097052020846f84842076749aa40520107f7310a305	「『ようが ないんだったら<05>  とっとと かえれ』<05> だそうだ」<05>
0C10	40313338052b3105	<40>138<05>+1<05>
0C12	a2910910207a9a101320759d891d0520779d1a20789978996f848505201020b8afc1acaf8020f4d17d130520736f76977d6f767c72a3052a31373705	「むげだ これだで おんのべ<05> きんば くるくるっとな<05> だ クッチャッた ドムすで<05> うっからすっかしい」<05>*177<05>
0C14	a2a179067b74207c837285799a1a0520207c9871728920777a9876970520208f9980662093976f837783052020f0d1662085757d898601fe01fea4055e05207f73726f84999673100601fea305	「『けがさえ していなければ<05>  しりあいの きこりから<05>  まるたを もらってきて<05>  ダムを なおすのに……』<05><5E><05> そういっとるようだが…」<05>
0C16	26313339052b3305	&139<05>+3<05>
0C18	a2a1f0d17d792009099d10200a6f7f891005202091097d7920089d851a20139d911091109d1aa4a3052a31373705	「『ダムすけ げげんだ ごっそのだ<05>  むげすけ ぐんなば でんむだむだんば』」<05>*177<05>
0C1A	a2a1f0d1062085756f832096766f8005202079068a20857597857883209c99766f80a4052084726f8499967310a305	「『ダムが なおって よかった<05>  けがは なおらなくて わるかった』<05> といっとるようだ」<05>
0C1C	2a2e383905233930052d3505	*.89<05>#90<05>-5<05>
0C1E	a2a1cfc0d9c07a9d8186207374879d821e0520201a1a9d80769d069820bad3c4d7b9b0052020911a851020f0c4d7b97da4a3052a31373705	「『マタルタこんちに うえぬんつぼ<05>  ばばんたかんがり コモトラケー<05>  むばなだ ダトラケす』」<05>*177<05>
0C20	a2a18f99806620936f837299898597052020f0d1897d08014c1320010c741a052020769d809d8620f0d18a2085759913719b73a4052084726f8499967310a305	「『まるたを もっているのなら<05>  ダムのすぐ上で 使えば<05>  かんたんに ダムは なおるであろう』<05> といっとるようだ」<05>
0C22	a20c7d8c679d13d9bdb9200d877d871e0520200a9d8097207e799d8906971cb006971cb0052020859d0997b009207c8a6f839714a3052a31373705	「じすふぁんでルスケ ずぬすぬぼ<05>  ごんたら せけんのがらぶーがらぶー<05>  なんげらーげ しはってらど」<05>*177<05>
0C24	a2a1fab9d3c980818a052020ecbdcca7ddf3d98472732001080170890520208c6f76826620016e6f837299055e052020ecbdcca7ddf3d9068c6f76827d9a1a052020869d099d8a208e9b9d137c8f73109b7305202084fab9d3c980810620726f83756f80a405208472737a8410055e05208f80939420ecbdcca7ddf3d97621055e0520726f807220ecbdcca7ddf3d9848a20858693898589103f0520109a06207f9d8520757f9b7c72010801706605208c6f76827b7e9673847273891021a305	「『バケモノたちは<05>  ジスファンデルという 魔物の<05>  ふっかつを 待っている<05><5E><05>  ジスファンデルがふっかつすれば<05>  にんげんは ほろんでしまうだろう<05>  とバケモノたちが いっておった』<05> ということだ<05><5E><05> またもや ジスファンデルか!<05><5E><05> いったい ジスファンデルとは なにものなのだ?<05> だれが そんな おそろしい魔物を<05> ふっかつさせようというのだ!」<05>
0C26	a2a1866f7b9d208f811097ced3da1c1cb09a052020c0b0bab2ed97208c06859d0c9d208db09c86977d10a4a3052a31373705	「『にっさん まちだらホモレぶぶーれ<05>  ターコイズら ふがなんじん へーわにらすだ』」<05>*177<05>
0C28	a2a184859801108920fcfcdab08a052020c0b0bab2ed89010201047b8f062072976f7c6c99011010055e052020757f9778207e7672132072811a9d8d729c850110109b73a4052084726f837599055e0520c0b0bab2ed89010201047601fe05201c0c137283789a9a1a727289100601fea305	「『となり町の ブブレーは<05>  ターコイズの司祭さまが いらっしゃる町だ<05><5E><05>  おそらく せかいで いちばんへいわな町だろう』<05> といっておる<05><5E><05> ターコイズの司祭か…<05> ぶじでいてくれればいいのだが…」<05>
0C2A	a2a1fcfcda06972010108b13052020876f7d97201a1a7d762013748d9d100520208f9d0d977db07d7620069d060d1c1cb09aa4a3052a31373705	「『ブブレがら だだひで<05>  ぬっすら ばばすか でえへんだ<05>  まんずらすーすか がんがずぶぶーれ』」<05>*177<05>
0C2C	2631343605a272769d6f212024316f21055e0520a1fcfcdab0898e7313207b72779d052020859d1076207b9c0706716f80977c7205202001fc898e731320016089018e0620710699890601367480a4052084726f8375996f21055e0520fcfcdab08901020104062077799d867b977b9a83759996731005207a9a8a20080d080d2013779d0f21a305	&146<05>「いかんっ! $1っ!<05><5E><05> 『ブブレーのほうで さいきん<05>  なんだか さわぎがあったらしい<05>  北のほうで 火の手が あがるのが見えた』<05> といっておるっ!<05><5E><05> ブブレーの司祭が きけんにさらされておるようだ<05> これは ぐずぐず できんぞ!」<05>
0C2E	a2a1fcfcdab0898e7313207b72779d052020859d1076207b9c0706716f80977c7205202001fc898e7313208b89830620710699890601367480a4052084726f83759901fe055e052024319620dcbc978a20859d847c831393052001020104808166207d7872107b881a85979d21a305	「『ブブレーのほうで さいきん<05>  なんだか さわぎがあったらしい<05>  北のほうで ひのてが あがるのが見えた』<05> といっておる…<05><5E><05> $1よ ワシらは なんとしてでも<05> 司祭たちを すくいださねばならん!」<05>
0C30	598f998013f0d1668c7b721020012806848f6f80215a052a2e32333605	<59>まるたでダムをふさいだ 水がとまった!<5A><05>*.236<05>
0C32	a2717120b8dab17b8f066f210520c0b0bab2ed890102010420b8dab17b8f060520fab9d3c986207b979c9a818f6f80052014737d9a1a2072729d10966b21a305	「ああ クレアさまがっ!<05> ターコイズの司祭 クレアさまが<05> バケモノに さらわれちまった<05> どうすれば いいんだよぉ!」<05>
0C34	2631343605a2fab9d3c914938a207185800680060520946f837780896601346f8305200160010e8914737882862086097a908f7c80055e0520728f8597208f108f8671728f7d052014737620b8dab17b8f6621a305	&146<05>「バケモノどもは あなたがたが<05> やってきたのを知って<05> 火山のどうくつに にげこみました<05><5E><05> いまなら まだまにあいます<05> どうか クレアさまを!」<05>
0C36	a2b8dab17b8f8a207185800680860520c0b0bab2ed662080787b9a80890c6c05209c7c9320718580068066207c9d0c99847c9673a305	「クレアさまは あなたがたに<05> ターコイズを たくされたのじゃ<05> わしも あなたがたを しんじるとしよう」<05>
0C38	a2b2c3aa5b966b5b0520859d84767c83789a966b5b2072836a5b01fea305	「イテェ<5B>よぉ<5B><05> なんとかしてくれよぉ<5B> いてぇ<5B>…」<05>
0C3A	a2cce7acb020cce7acb0a305	「フギャー フギャー」<05>
0C3C	2631343605a27282898f867620013e890160010e8901600180868a0520fab9d3c9808106207d9082789673860520856f837c8f728f7c80055e0520b8dab17b8f66207b976f80fab9d3c98a05207f7a8620749d089d6693849283052086097b988f7c80a305	&146<05>「いつのまにか 西の火山の火口には<05> バケモノたちが すみつくように<05> なってしまいました<05><5E><05> クレアさまを さらったバケモノは<05> そこに えんぐんをもとめて<05> にげさりました」<05>
0C3E	a2b8dab17b8f8a05209c807c80818980928601fe2073696f01fea305	「クレアさまは<05> わたしたちのために… うぅっ…」<05>
0C40	2631343605a2752075880672137d20801b89768005207172829776972014737620b8dab17b8f666f2105207185808081107906208096988589137da305	&146<05>「お おねがいです たびのかた<05> あいつらから どうか クレアさまをっ!<05> あなたたちだけが たよりなのです」<05>
0C42	a2b8dab17b8f01fe052093731092137d209c807c8a93730520015a7783727820771e730671988f7e9da305	「クレアさま…<05> もうだめです わたしはもう<05> 生きていく きぼうがありません」<05>
0C44	2631343605a2718f98869301fe718f98869320910a7d0799af21052093737d7a7c20011278208014988272837280859705207a89011066208f936f83949a808986af21a305	&146<05>「あまりにも…あまりにも むごすぎるッ!<05> もうすこし 早く たどりついていたなら<05> この町を まもってやれたのにッ!」<05>
0C46	a27b6720727a73243101fe05209373b5da8a0520b4eed9b7b4d9662095997d7a848a137785726f21a305	「さぁ いこう$1…<05> もうオレは<05> エゼルキエルを ゆるすことはできないっ!」<05>
0C48	2631343605a2858666e8ede8ed7c84999d10210520c0b0bab2ed8901020104667b976f800520fab9d3c9662082727e777d990f2120727f09243121a305	&146<05>「なにをグズグズしとるんだ!<05> ターコイズの司祭をさらった<05> バケモノを ついせきするぞ! いそげ$1!」<05>
0C4A	a2dcbc847c80016606200102010466207d7872107c8084052095109d667c837c93738005207d088620d4c26675730f2120727f09243121a305	「ワシとした事が 司祭を すくいだしたと<05> ゆだんをしてしもうた<05> すぐに ヤツをおうぞ! いそげ$1!」<05>
0C4C	2631343605a28578856f80013a80818620728998667b7b098305207280847a9b137d01fe052024317b9d932072896f8371098301207b72a305	&146<05>「なくなった人たちに いのりをささげて<05> いたところです…<05> $1さんも いのってあげて下さい」<05>
0C4E	a2d9fbb089014e20b4eed9b7b4d901fe05207172828a20149a107989208b8480816605208c7a73867d9a1a0106067d918472738901fea305	「ルビーの男 エゼルキエル…<05> あいつは どれだけの ひとたちを<05> ふこうにすれば気がすむというの…」<05>
0C50	a2b5b5b021b8dab17b8f106f210520b8dab17b8f2096780f200a1c0c1301fe01fea305	「オオー!クレアさまだっ!<05> クレアさま よくぞ ごぶじで……」<05>
0C52	a28f8020b7d076883f202431789d05209c9a9c9a86208083827889067d7785014e1001fe055e05201006207172867820776e738a20727f067c7883880520b7d084717f9d137299cbcf8a2085729d109605207b71207f890102010466209c807c839397749976853fa305253105	「また キミかね? $1くん<05> われわれに たてつくのがすきな男だ…<05><5E><05> だが あいにく きょうは いそがしくてね<05> キミとあそんでいるヒマは ないんだよ<05> さあ その司祭を わたしてもらえるかな?」<05>%1<05>
0C54	a293899c76980696788320739a7c7296202431789da3052e4c3105	「ものわかりがよくて うれしいよ $1くん」<05>.<4C>1<05>
0C56	a2859d108421a3052e214c3105	「なんだと!」<05>.!<4C>1<05>
0C58	a27a9a720c6e7320fcfcdab089013a8081660520077e72867d999c79868a208f72988f7e9d05209c807c8b849813207d9184727385972072778f7c6e73055e0542322031052a2e313605233932052b3305	「これいじょう ブブレーの人たちを<05> ぎせいにするわけには まいりません<05> わたしひとりで すむというなら いきましょう<05><5E><05><42>2 1<05>*.16<05>#92<05>+3<05>
0C5A	2024317b9d207185808620c0b0bab2ed8901986605209c807c8375778f7d052b3105	 $1さん あなたに ターコイズの石を<05> わたしておきます<05>+1<05>
0C5C	5e05207a9a8a2001ea011e668c730c80203782890198898b84820520776f8420718580808166208f936f83789a99137c6e73055e05055924318a20c0b0bab2ed8901986620018e8601269a805a0505055e0520138a207c1a977820759c769a137d052090857b9d8620c0b0bab2ed8905200a760a062071988f7d96738601fe01fea305	<5E><05> これは 巨神をふうじた 7つの石のひとつ<05> きっと あなたたちを まもってくれるでしょう<05><5E><05><05><59>$1は ターコイズの石を 手に入れた<5A><05><05><05><5E><05> では しばらく おわかれです<05> みなさんに ターコイズの<05> ごかごが ありますように……」<05>
0C5E	2024317b9d207185808620c0b0bab2ed8901986605209c807f737684019a6f8089137d060520147394972001b4017006726f1572899673137d055e0520149a76207d838301207b728f7e9d76052b3105	 $1さん あなたに ターコイズの石を<05> わたそうかと思ったのですが<05> どうやら 持物がいっぱいのようです<05><5E><05> どれか すてて下さいませんか<05>+1<05>
0C60	2a2e31383305233930052b3305	*.183<05>#90<05>+3<05>
0C62	23393105207f9a667d8399859d8301fe01fe052d3105	#91<05> それをすてるなんて……<05>-1<05>
0C64	2a2e31383905207a9a13207185808620c0b0bab2ed8901986605209c807d0166062013778f7d055e05055924318a20c0b0bab2ed8901986620018e8601269a805a0505052e3932052d3405	*.189<05> これで あなたに ターコイズの石を<05> わたす事が できます<05><5E><05><05><59>$1は ターコイズの石を 手に入れた<5A><05><05><05>.92<05>-4<05>
0C66	208486767820858676207d838301207b728f7e9d76052d3305	 とにかく なにか すてて下さいませんか<05>-3<05>
0C68	4232203105a28f6f8301207b72212024317b9d055e05423220330520758f748a209c807c0672791a0520fcfcdab089013a80818620018e6601147b857284052094787f787c8f7d763fa305	<42>2 1<05>「まって下さい! $1さん<05><5E><05><42>2 3<05> おまえは わたしがいけば<05> ブブレーの人たちに 手を出さないと<05> やくそくしますか?」<05>
0C6A	a2cccccc01fe2094787f787c9673a305	「フフフ… やくそくしよう」<05>
0C6C	a29678207a7a8f13208014988272808505207c767c207f7320769d809d86052001020104662076747d9c79868a2072769d891096a305	「よく ここまで たどりついたな<05> しかし そう かんたんに<05> 司祭を かえすわけには いかんのだよ」<05>
0C6E	a201ea011eecbdcca7ddf3d9898c6f76828a0520109a8693208492979a9d9c01fe05207d1d838a20d9fbb089010201040520b4eed9b7b4d97b8f8920907a7a9b898f8f8601fea305	「巨神ジスファンデルのふっかつは<05> だれにも とめられんわ…<05> すべては ルビーの司祭<05> エゼルキエルさまの みこころのままに…」<05>
0C70	a271980684730a0b728f7d052001360134978776808620807d798372801072830520759a72897a841a9371988f7e9d055e05207b6720727f721320fcfcdab0869314988f7c6e730520011089013a80816620719d7c9d7b7e8578838a01fea30540313436052a313805	「ありがとうございます<05> 見知らぬかたに たすけていただいて<05> おれいのことばもありません<05><5E><05> さぁ いそいで ブブレーにもどりましょう<05> 町の人たちを あんしんさせなくては…」<05><40>146<05>*18<05>
0C72	a2736901fe20b8dab17b8f66807d79107c83052001248f746620739b738475936f809d10060520937320759a8a10929080721001fe055e0520fab9d3c980818a20b8dab17b8f667b976f83052001ea011eecbdcca7ddf3d989208c6f768289052072798674867d9920829398859d1001fe055e0520786f7f6b20b8dab17b8f6601fe05208e9d848620807d7980766f809d107914856701fe01fea305	「うぅ… クレアさまをたすけだして<05> 名まえを うろうとおもったんだが<05> もう おれはだめみたいだ…<05><5E><05> バケモノたちは クレアさまをさらって<05> 巨神ジスファンデルの ふっかつの<05> いけにえにする つもりなんだ…<05><5E><05> くっそぉ クレアさまを…<05> ほんとに たすけたかったんだけどなぁ……」<05>
0C74	a2f8ddc0017a017c207c6f76987c8301207b7296210520726f7c6e8601fe20bdbbddf4c586052076749b736f8320726f800c6c8572137d7601fe055e0520f8ddc0017a017c6b6b6b6b5b21a305	「ペンタ隊長 しっかりして下さいよ!<05> いっしょに… スサンドナに<05> かえろうって いったじゃないですか…<05><5E><05> ペンタ隊長ぉぉぉぉ<5B>!」<05>
0C76	a2013683789a9601fe05207a89fcfcdab08901108a05207e76721372811a9d8d729c850110106f809d1001fe055e052082727b6f778f138a8501fe01fea305	「見てくれよ…<05> このブブレーの町は<05> せかいでいちばんへいわな町だったんだ…<05><5E><05> ついさっきまではな……」<05>
0C78	a2d9fbb0890102010489817d0c668b782072810f788a0520d7ddfcd9fbd96620759c9a8372977205207d911a7c6e938578207b8f967282127983778f7c80055e0520d9fbb08901986620018e8601269a8020b4eed9b7b4d98a0520ecbdcca7ddf3d966208c6f76827b7e8305207a899689207d1d838993898605208c787c6d737d998293988589137da305	「ルビーの司祭のちすじをひく いちぞくは<05> ランブルビルを おわれていらい<05> すむばしょもなく さまよいつづけてきました<05><5E><05> ルビーの石を 手に入れた エゼルキエルは<05> ジスファンデルを ふっかつさせて<05> このよの すべてのものに<05> ふくしゅうするつもりなのです」<05>
0C7A	a2fcfcdab0892001fc898e73868a0520d7ddfcd9fbd9897a9b89208083938906052080787b9d897a6f83999d10055e05207f89011c868a2001ee83668a76727d99847273052001ea011e20ecbdcca7ddf3d90605208c73729d7b9a8372019093207199977c729d10791401fea305	「ブブレーの 北のほうには<05> ランブルビルのころの たてものが<05> たくさんのこってるんだ<05><5E><05> その中には 全てをはかいするという<05> 巨神 ジスファンデルが<05> ふういんされてい塔も あるらしいんだけど…」<05>
0C7C	a290857b9d2071980684730a0b728f7d05209c807c80818a207a737c831c0c137d01fe055e052001fe01fe01fe01fe01fe01fe01fe01fe01fe01fe01fe052001fe01fe01fe01fe01fe01fe01feb8afb8afb8055e0520100620b5cfb4868a7a7a137c9d1393977321a305	「みなさん ありがとうございます<05> わたしたちは こうしてぶじです…<05><5E><05> ……………………………<05> …………………クックック<05><5E><05> だが オマエにはここでしんでもらう!」<05>
0C7E	a201388a846f788620829a7b6f8071849621a305	「女はとっくに つれさったあとよ!」<05>
0C80	4234203005a2243120016c01dc860520917a73069c86208779979a9989763fa305	<42>4 0<05>「$1 本当に<05> むこうがわに ぬけられるのか?」<05>
0C82	4235203005a27b778e1420013680760798138a05207f9d8596737d8a2085766f8089137d06a305	<42>5 0<05>「さきほど 見たかぎりでは<05> そんなようすは なかったのですが」<05>
0C84	a27f737d76886a055e0542322032052096787b067e1a20877901aa7685867601fe01fe055e05423220330520776f8401fe01fe01fe719a3fa305	「そうすかねぇ<05><5E><05><42>2 2<05> よくさがせば ぬけ穴かなにか……<05><5E><05><42>2 3<05> きっと………あれ?」<05>
0C86	a2b3e8e801fe01588e148a20967893946f83789a808501fe05209373759a8a20757c8f721001fe0520100620758f749793209081129a867c83949921055e052001ee83201a788a7d9921210520e8cacacaca01fe0520b4eed9b7b4d97b8f201a9d0bb072212101feb3e8a7afa305	「ウググ…先ほどは よくもやってくれたな…<05> もうおれは おしまいだ…<05> だが おまえらも みちづれにしてやる!<05><5E><05> 全て ばくはする!!<05> グハハハハ…<05> エゼルキエルさま ばんざーい!!…ウグァッ」<05>
0C88	a2017c01888983778a20726f7f737c8f7c8005208b848f0d7a7a8a20b3b2dde68f1305208072776c786621a305	「長城のてきは いっそうしました<05> ひとまずここは ウインガまで<05> たいきゃくを!」<05>
0C8A	a22431962084738473946f8377808505207c767c01fe0520758f7489801b8a207a7a132091857c78759c9989100520758f7480818620b4eed9b7b4d97b8f89200c6c8f8a7b7e9d21055e05207b672001ea011e898c6f7682860520758f7480818920728f9c897b791b1305208a85667f7483949b730c6c85727621a305	「$1よ とうとうやってきたな<05> しかし…<05> おまえのたびは ここで むなしくおわるのだ<05> おまえたちに エゼルキエルさまの じゃまはさせん!<05><5E><05> さぁ 巨神のふっかつに<05> おまえたちの いまわのさけびで<05> はなをそえてやろうじゃないか!」<05>
0C8C	a2ccafccafccaf01fe9c807c898f01fe791001fe0520727806727201fe01fe055e0520726f8301feecbdcca701fef301fe8901fe0520740c778401fe8501fe990601fe7201fe7201fe01fe01fea305	「フッフッフッ…わたしのま…けだ…<05> いくがいい……<05><5E><05> いって…ジスファ…デ…の…<05> えじきと…な…るが…い…い………」<05>
0C8E	a22431212077816c10926f2105207a89014e8a20ecbdcca7ddf3d966052096900674977e998293989605055e05209c807c80818a72727697208a94788609836f21a305	「$1! きちゃだめっ!<05> この男は ジスファンデルを<05> よみがえらせるつもりよ<05><05><5E><05> わたしたちはいいから はやくにげてっ!」<05>
0C90	a296737a7f207c6e789d210520728f7a7f2001ea011eecbdcca7ddf3d989208c6f76827d99052077889d7d1d77207c6d9d769d1021055e052076766f837a72210520759b76859920ecacbdc4fcd8b0f4962121a305	「ようこそ しょくん!<05> いまこそ 巨神ジスファンデルの ふっかつする<05> きねんすべき しゅんかんだ!<05><5E><05> かかってこい!<05> おろかなる ジャストブリードよ!!」<05>
0C92	a2b8afb8af01fe055e0520b8afb8afb8afb8af01fe01fea305	「クックッ…<05><5E><05> クックックックッ……」<05>
0C94	a201369906727201fe0520ecbdcca7ddf3d90620730a778a0c928001fe05208a807c8320758f74970a8477860520ecbdcca7ddf3d906208492979a99768501fe055e05207b6720728f7a7f20969006749a68212121052001ea011e20ecbdcca7ddf3d9966b6b6b6b2121212121a305	「見るがいい…<05> ジスファンデルが うごきはじめた…<05> はたして おまえらごときに<05> ジスファンデルが とめられるかな…<05><5E><05> さぁ いまこそ よみがえれぃ!!!<05> 巨神 ジスファンデルよぉぉぉぉ!!!!!」<05>
0C96	a2b7aca7a7a7a721a305	「キャァァァァ!」<05>
0C98	05493235350549323138052059ecbdcca7ddf3d9060520208c73729d76972084778a85809a80215a0505	<05><49>255<05><49>218<05> <59>ジスファンデルが<05>  ふういんから ときはなたれた!<5A><05><05>
0C9A	22243101fe01fe2205	"$1……"<05>
0C9C	22243101fe01fe01fe01fe2205	"$1…………"<05>
0C9E	22014a667b8f7d891020243101fe01fe055e0520720d9a758f74869305207472749d8920947d97070675840d9a99109b7301fe05207c767c20728f8a208f10207f898477138a857201fe01fe055e052095792024319601fe0520808171066f8320b4eed9b7b4d96680757d891001fe22050505	"目をさますのだ $1……<05><5E><05> いずれおまえにも<05> えいえんの やすらぎがおとずれるだろう…<05> しかし いまは まだ そのときではない……<05><5E><05> ゆけ $1よ…<05> たちあがって エゼルキエルをたおすのだ…"<05><05><05>
0CA0	a271672096766f8024317b9d052001060682778f7c8088207c9d15727c816c728f7c8096055e05207b6720780c79838572130520069d1a6f8301207b728821a305	「あぁ よかった$1さん<05> 気がつきましたね しんぱいしちゃいましたよ<05><5E><05> さぁ くじけてないで<05> がんばって下さいね!」<05>
0CA2	a29494946f207a8197869074998a24317b9d05209373207a9d85847a9b8f13052077816c73859d83207b6f7d06137d88055e0520847a9b1320859d76209673137d763fa30525330520848f990520779b78667d990520859d1393857205	「やややっ こちらにみえるは$1さん<05> もう こんなところまで<05> きちゃうなんて さっすがですね<05><5E><05> ところで なんか ようですか?」<05>%3<05> とまる<05> きろくをする<05> なんでもない<05>
0CA4	2b3305	+3<05>
0CA6	2b313005	+10<05>
0CA8	a296739385728986207a9d85847a7899859d83052024317b9d9320cbcf859d137d886aa305	「ようもないのに こんなとこくるなんて<05> $1さんも ヒマなんですねぇ」<05>
0CAA	2a2e31333705233930052b3205	*.137<05>#90<05>+2<05>
0CAC	3e343805a28c82731084208b841a9d31303047859d1079140520b4c6afb8bdb8d7fc89207672729d10769705209c981b77892034384786207c8375778f7d96052075848f988685988f7d3fa3052b3205	>48<05>「ふつうだと ひとばん100<47>なんだけど<05> エニックスクラブの かいいんだから<05> わりびきの 48<47>に しておきますよ<05> おとまりになります?」<05>+2<05>
0CAE	3e31303005a271896b5b05208b841a9d31303047859d137d7914207272137d763fa3052b3105	>100<05>「あのぉ<5B><05> ひとばん100<47>なんですけど いいですか?」<05>+1<05>
0CB0	253105	%1<05>
0CB2	2b3205	+2<05>
0CB4	a21d82862088839971721086209c997201667c9673859d8305207a9a6f196f81932075936f8385729d137d7914886aa305	「べつに ねてるあいだに わるい事しようなんて<05> これっぽっちも おもってないんですけどねぇ」<05>
0CB6	23393005a27501540685729d137d762024317b9d847274149305207f9a0c6c67207c6e73068572137d886aa305	#90<05>「お金がないんですか $1さんといえども<05> それじゃぁ しょうがないですねぇ」<05>
0CB8	2a2e31383605a27f9a0c6c20dcc0bc06908a6f838f7d76970520719d7c9d7c8320086f7d9888916f8301207b7288055e0520016c01dc862010720c6e731c137d6f8321a3052a333905	*.186<05>「それじゃ ワタシがみはってますから<05> あんしんして ぐっすりねむって下さいね<05><5E><05> 本当に だいじょうぶですって!」<05>*39<05>
0CBA	a27a7a8f1389801b6620779b787c8f7d791405207272137d96883fa305253105	「ここまでのたびを きろくしますけど<05> いいですよね?」<05>%1<05>
0CBC	2a2e31383705a2816c5b9d8420779b787c8375778f7c8096a3055e052059139d099d66779984778a052020d8beafc4fec0dd66757c850697867c83816e5b1072885a05	*.187<05>「ちゃ<5B>んと きろくしておきましたよ」<05><5E><05> <59>でんげんをきるときは<05>  リセットボタンをおしながらにしてちょ<5B>だいね<5A><05>
0CBE	a28e768624317b9d89052075947886808399016606719a1a20859d13937c8f7d9621a305	「ほかに$1さんの<05> おやくにたてる事があれば なんでもしますよ!」<05>
0CC0	a2716f20b1c6b7209083966f20010201047b9d80810621a305	「あっ アニキ みてよっ 司祭さんたちが!」<05>
0CC2	a12020859d13937f9b7305202020bebad9fcd7ebb0ed017401562020a405	『  なんでもそろう<05>   セコルブラザーズ商会  』<05>
0CC4	a27a89727e777a7f062001f40178d7ddfcd9fbd90c6c21a305	「このいせきこそが 聖地ランブルビルじゃ!」<05>
0CC6	a201fc86013674992071890190860520010201048081062084979c9a83729989137d88a305	「北に見える あの塔に<05> 司祭たちが とらわれているのですね」<05>
0CC8	a2716f7c8a20937301847280786f830520b3edb3ed7c83999d137d962121a305	「あっしは もう戦いたくって<05> ウズウズしてるんですよ!!」<05>
0CCA	23214c31052d3105	#!<4C>1<05>-1<05>
0CCC	2e4c3105a2b1c6b7a8212120946f8401567480210520946f840156748096abb5b5b521210520baeeafc4816c9d8908717293209678856f809d130520716f7c9320727f721320757276798377809d10966b21055e05208f8020726f7c6e8601846f83789a9996883fa3052b3105	.<4C>1<05>「アニキィ!! やっと会えた!<05> やっと会えたよォオオオ!!<05> コゼットちゃんのぐあいも よくなったんで<05> あっしも いそいで おいかけてきたんだよぉ!<05><5E><05> また いっしょに戦ってくれるよね?」<05>+1<05>
0CCE	253105	%1<05>
0CD0	a2946f159820b1c6b7102121a305050505	「やっぱり アニキだ!!」<05><05><05><05>
0CD2	a27f9d8501feb3bf109b20b1c6b72105208f802085768f867c83789a999688213fa30505052d3205	「そんな…ウソだろ アニキ!<05> また なかまにしてくれるよね!?」<05><05><05>-2<05>
0CD4	a27b712072967296207b727c6d73796f7e9d20137d85a305	「さあ いよいよ さいしゅうけっせん ですな」<05>
0CD6	23214c32052d3105	#!<4C>2<05>-1<05>
0CD8	2e4c3205a27294729420758b7b7c1c98137d852105207697100685756f83207d088620757276798089130520147a76132075728772837c8f6f809673137d8505207f9a867c839301fe016c01dc8696766f802121a305	.<4C>2<05>「いやいや おひさしぶりですな!<05> からだがなおって すぐに おいかけたので<05> どこかで おいぬいてしまったようですな<05> それにしても…本当によかった!!」<05>
0CDA	a2b4eed9b7b4d99221208f6f83729b9621a305	「エゼルキエルめ! まっていろよ!」<05>
0CDC	2631343805a2014c662001369b962024312105209c7d9a998a0d93857201640605207f9b6f8372990c6c71857276a3052a32323105	&148<05>「上を 見ろよ $1!<05> わすれるはずもない顔が<05> そろっているじゃあないか」<05>*221<05>
0CDE	a2b4eed9b7b4d99221208f6f83729b9621a305	「エゼルキエルめ! まっていろよ!」<05>
0CE0	23214c3305a2b5d9dbcc01fe20caddbd01fe05207a7a9b12967285768f062093146f8377808501fe0520b4eed9b7b4d99221208f6f83729b9621a305	#!<4C>3<05>「オルロフ… ハンス…<05> こころづよいなかまが もどってきたな…<05> エゼルキエルめ! まっていろよ!」<05>
0CE2	a2ecbdcca7ddf3d98905208c73729d7b9a8372990190862001266f837c8f6f80970520b5da80818a209373207a7a86052093146f8378997a8406201377857276937c9a8572055e052076780a8a20137783729976202431a305253105	「ジスファンデルの<05> ふういんされている塔に 入ってしまったら<05> オレたちは もう ここに<05> もどってくることが できないかもしれない<05><5E><05> かくごは できているか $1」<05>%1<05>
0CE4	a2967c2024312072780fa3055e05052059b5d9dbcc8420caddbd06208c6f777c802105202024318920bbcca7b2b10620760694728021215a05052a2e313232052e4c33052a32303905	「よし $1 いくぞ」<05><5E><05><05> <59>オルロフと ハンスが ふっきした!<05>  $1の サファイアが かがやいた!!<5A><05><05>*.122<05>.<4C>3<05>*209<05>
0CE6	a2739101fe2001b801ba668484897483769705207b727c6d73796f7e9d8620890f93730c6c857276a305	「うむ… 装備をととのえてから<05> さいしゅうけっせんに のぞもうじゃないか」<05>
0CE8	23214c34052224319601fe052094787f730897728a20766f8377808e7306052096766f8089138a8572768501fe01fe055e05208f6796722094991079946f83909b0520bfb0d7b0b1b0cf6620018e8601269a8378998910212205	#!<4C>4<05>"$1よ…<05> やくそうぐらいは かってきたほうが<05> よかったのではないかな……<05><5E><05> まぁよい やるだけやってみろ<05> ソーラーアーマを 手に入れてくるのだ!"<05>
0CEA	2621313439052277807620243105200c8266727384207a898f8f20758f7406052071779792837c8f7389138a8572768405209c7c8a207c9d15727c83756f80891001fe055e052096780f2093146f80243105207b67207279055e0520bfb0d7b0b1b0cf6620018e8601269a837899891005209c7c86207c9d8995737766207c927c839096212205	&!149<05>"きたか $1<05> じつをいうと このまま おまえが<05> あきらめてしまうのではないかと<05> わしは しんぱいしておったのだ…<05><5E><05> よくぞ もどった$1<05> さぁ いけ<05><5E><05> ソーラーアーマを 手に入れてくるのだ<05> わしに しんのゆうきを しめしてみよ!"<05>
0CEC	229c7c8a20d7ddfcd9fbd98901a001a201fe052076828320bbcca7b2b16682767b146f8001a001a210055e0520768283209c9a9c9a0620ecbdcca7ddf3d986757a856f80052037828901f601988696998c73729d060520728f20969c8f988a0c9283729901fe055e052b3105	"わしは ランブルビルの導師…<05> かつて サファイアをつかさどった導師だ<05><5E><05> かつて われわれが ジスファンデルにおこなった<05> 7つの宝石によるふういんが<05> いま よわまりはじめている…<05><5E><05>+1<05>
0CEE	20d9fbb0890198667379827210014e20b4eed9b7b4d9060520010201046672798674867c830520ecbdcca7ddf3d989208c6f76826693789b9d1375998910055e052024319620797c837a9a662095997c838a85979d2105207f9d857a8486859a1a05207a897e76728a208e9b9d137c8f7376937c9a87055e0520967c01fe207a9a7697758f748605208b848289207c9a9d667180749673055e0520728f7697209c7c0682789801147d05208f1e9b7c897e7672769720bfb0d7b0b1b0cf660520018e8601269a837899891021055e0520138a2072780f01fe01fe22052e4c34054031343905	 ルビーの石をうけついだ男 エゼルキエルが<05> 司祭をいけにえにして<05> ジスファンデルの ふっかつをもくろんでおるのだ<05><5E><05> $1よ けしてこれを ゆるしてはならん!<05> そんなことになれば<05> このせかいは ほろんでしまうかもしれぬ<05><5E><05> よし… これからおまえに<05> ひとつの しれんをあたえよう<05><5E><05> いまから わしがつくり出す<05> まぼろしのせかいから ソーラーアーマを<05> 手に入れてくるのだ!<05><5E><05> では いくぞ……"<05>.<4C>4<05><40>149<05>
0CF0	2210921021208f108f1020011a068c7f787c837599210520936f8420011a668279881a0520b4eed9b7b4d989807897906620738178107801668a052076859c87109b7322052e4c3105	"だめだ! まだまだ 力がふそくしておる!<05> もっと 力をつけねば<05> エゼルキエルのたくらみを うちくだく事は<05> かなわぬだろう"<05>.<4C>1<05>
0CF2	2296780f209498840980202431960520758f747a7f20717c772080789790667c980f7905207a899686207e7207669380977d938901fe0520a1ecacbdc4fcd8b0f4a41021055e05207b6720727f092024310520728f94207279867489077c7789208a0c8f988a05200c769d8920939d107210055e0520726f8320b4eed9b7b4d96680757d891022054031353005	"よくぞ やりとげた $1よ<05> おまえこそ あしき たくらみをしりぞけ<05> このよに せいぎをもたらすもの…<05> 『ジャストブリード』だ!<05><5E><05> さぁ いそげ $1<05> いまや いけにえのぎしきの はじまりは<05> じかんの もんだいだ<05><5E><05> いって エゼルキエルをたおすのだ"<05><40>150<05>
0CF4	228f7120069d1a6f83942205	"まあ がんばってや"<05>
0CF6	26313205a27a8971721020014613013889ba668b9b6f809d100520b5cfb49720cbcf859701108f13052075786f83726f83946f83789d88aa763fa305	&12<05>「このあいだ 森で女のコをひろったんだ<05> オマエら ヒマなら町まで<05> おくっていってやってくんねェか?」<05>
0CF8	26313305a2b5cfb420014e106f809705207a8f6f8399013889ba6605208e6f837578859d83016666207d999d0c6c88aa0f21a305	&13<05>「オマエ 男だったら<05> こまってる女のコを<05> ほっておくなんて事を するんじゃねェぞ!」<05>
0CFA	26313405a27c6f76982075786f836f83789a96a305	&14<05>「しっかり おくってってくれよ」<05>
0CFC	2631333805a2b5cfb476208b7b7c1c9810850520014e977c72b6d7f082778620856f8377800c6c88aa76a305	&138<05>「オマエか ひさしぶりだな<05> 男らしいカラダつきに なってきたじゃねェか」<05>
0CFE	262131333905a2b5cfb476208b7b7c1c9810850520014e977c72b6d7f082778620856f8377800c6c88aa76055e05207f7372741a05208f99808a2094788620806f807672a305	&!139<05>「オマエか ひさしぶりだな<05> 男らしいカラダつきに なってきたじゃねェか<05><5E><05> そういえば<05> まるたは やくに たったかい」<05>
0D00	2a2e3839052321393005a27572757205208f1020739b816e9b207c839d897605208f99806620858676860520010c739d0c6c85728976723fa305	*.89<05>#!90<05>「おいおい<05> まだ うろちょろ してんのか<05> まるたを なにかに<05> 使うんじゃないのかい?」<05>
0D02	a2b5cfb476208b7b7c1c9810850520014e977c72b6d7f082778620856f8377800c6c88aa76055e052085863f208f998010673f05207f9d85939d207381868a20eadbeadb7c83990e055e052a2e3136052339320520139385672001b48101700620726f15720c6c85670520146f76132090069986207c8377856f21a305	「オマエか ひさしぶりだな<05> 男らしいカラダつきに なってきたじゃねェか<05><5E><05> なに? まるただぁ?<05> そんなもん うちには ゴロゴロしてるぜ<05><5E><05>*.16<05>#92<05> でもなぁ 持ち物が いっぱいじゃなぁ<05> どっかで みがるに してきなっ!」<05>
0D04	20728f8f13897a849371997c05208e976f20936f837785a3055e05054932353505493231380520598f99806620018e8601269a805a0505052a31313605	 いままでのこともあるし<05> ほらっ もってきな」<05><5E><05><05><49>255<05><49>218<05> <59>まるたを 手に入れた<5A><05><05><05>*116<05>
0D06	26213131052b3305	&!11<05>+3<05>
0D08	a274743f20719d809705207b979c9a80013889ba667b067c83996f833f055e05207f897a761473768a209c769d857279140520013889ba106f8097207a7a86015c9d13729996055e05207a89ba8a20014689011c1380759a838089660520738189c4b0c1acdd06207a7a8f13012c9d109d10055e0520738189c4b0c1acdd8a014689777a98138805208f99806620768272108f8f0520014889717210662090069986207214731377999d10055e052b3105	「ええ? あんたら<05> さらわれた女のコをさがしてるって?<05><5E><05> そのこかどうかは わかんないけど<05> 女のコだったら ここに休んでいるよ<05><5E><05> このコは 森の中でたおれてたのを<05> うちのトーチャンが ここまで運んだんだ<05><5E><05> うちのトーチャンは森のきこりでね<05> まるたを かついだまま<05> 木のあいだを みがるに いどうできるんだ<05><5E><05>+1<05>
0D0A	20013889ba8b84982076827213806f830520fab9d3c9859d7620014a0c6c85726f8321055e0520147310722080727c80014e109b3f0520c1aeaf842071807c890c8f9d859d1001fe055e0520b1da21201473949720014a667b8f7c800520908072109621a3054031310543322030054333203530052e3205	 女のコひとり かついでたって<05> バケモノなんか 目じゃないって!<05><5E><05> どうだい たいした男だろ?<05> チョッと あたしのじまんなんだ…<05><5E><05> アレ! どうやら 目をさました<05> みたいだよ!」<05><40>11<05><43>2 0<05><43>3 50<05>.2<05>
0D0C	26313205a27a89ba8a0520719d8089207b067c8399013889ba848a05201d8289013a106f80967310886aa305	&12<05>「このコは<05> あんたの さがしてる女のコとは<05> べつの人だったようだねぇ」<05>
0D0E	26313405a2719d80068006207b067c8399013889ba840520b6dadd816c9d66207b976f80898a052075850cd4c29790807210886aa305	&14<05>「あんたがたが さがしてる女のコと<05> カレンちゃんを さらったのは<05> おなじヤツらみたいだねぇ」<05>
0D10	26323005a2719d8097932080728d9d10886aa305	&20<05>「あんたらも たいへんだねぇ」<05>
0D12	a2b6dadd816c9d8a20099d7776723fa305	「カレンちゃんは げんきかい?」<05>
0D14	26313105a2bdd420bdd42001fe01fe01fe01fe01fe01fea305	&11<05>「スヤ スヤ ………………」<05>
0D16	26313205a2712071858080818a3f055e0520716f20807d798378107b6f809d137d88052071980684730a0b728f7d05209c807c8abee6d9c3b189b6dadd8472728f7d055e0520014289b4dadd848c8098052001080170149386207b979c9a837c8f6f8089137d055e0520847a9b06209c807c868a209673068572977c780520014210796620829a7b9805209c807c8a014689011c13052075770b98867b9a8089137da30540313205	&12<05>「あ あなたたちは?<05><5E><05> あっ たすけてくださったんですね<05> ありがとうございます<05> わたしはセガルテアのカレンといいます<05><5E><05> 姉のエレンとふたり<05> 魔物どもに さらわれてしまったのです<05><5E><05> ところが わたしには ようがないらしく<05> 姉だけを つれさり<05> わたしは森の中で<05> おきざりにされたのです」<05><40>12<05>
0D18	26213136052b3605	&!16<05>+6<05>
0D1A	a201127820bee6d9c3b18676746f830520011089013a86209c807c891c0c668280740520719d7c9d207b7e85799a1a01fe01fe055e0526313305209c807c66bee6d9c3b18f130520829a83726f8301207b728f7e9d763fa3052b3205	「早く セガルテアにかえって<05> 町の人に わたしのぶじをつたえ<05> あんしん させなければ……<05><5E><05>&13<05> わたしをセガルテアまで<05> つれていって下さいませんか?」<05>+2<05>
0D1C	209373728114209c807c66bee6d9c3b18f130520829a83726f8301207b728f7e9d763fa3052b3105	 もういちど わたしをセガルテアまで<05> つれていって下さいませんか?」<05>+1<05>
0D1E	253105	%1<05>
0D20	a2969b7c7289137d763f052071980684730a0b728f7d05207a89759a728a207282767685970da30544330546372038052e213205403133052e4c3205	「よろしいのですか?<05> ありがとうございます<05> このおれいは いつかかならず」<05><44>3<05><46>7 8<05>.!2<05><40>13<05>.<4C>2<05>
0D22	a27f73137d968820900d7c970d8976808605207f9d8501668a208089928f7e9d938988a305	「そうですよね みずしらずのかたに<05> そんな事は たのめませんものね」<05>
0D24	a201127820dbd7dd667b067b8885799a1a01fe055e05209c807c66829a83726f832001207b728f7e9d763fa3052b3105	「早く ロランをさがさねなければ…<05><5E><05> わたしをつれていって 下さいませんか?」<05>+1<05>
0D26	253105	%1<05>
0D28	a2969b7c7289137d763f052071980684730a0b728f7da30544330546372038052e213205	「よろしいのですか?<05> ありがとうございます」<05><44>3<05><46>7 8<05>.!2<05>
0D2A	a27f73137d76207c768071988f7e9d88a305	「そうですか しかたありませんね」<05>
0D2C	a28f71208f818521207f738420778f6f809705207f7320727f087a848a2088749d1005207a9d1a9d8a20b3c11320956f78987c8372778521a305	「まあ まちな! そうと きまったら<05> そう いそぐことは ねえんだ<05> こんばんは ウチで ゆっくりしていきな!」<05>
0D2E	a2b6dadd816c9d662080899d109621a305	「カレンちゃんを たのんだよ!」<05>
0D30	a28272138620801b89779b78139305207c83727876723fa305253105	「ついでに たびのきろくでも<05> していくかい?」<05>%1<05>
0D32	2a2e31383705a2801b89779b7866207c837572800ea3055e052059e9b0d16620011c01b07d9984778a85052020d8beafc4fec0dd6620757c850697052020139d099d66776f83789a9685052020fec0dd6620757d8420e9b0d166821279979a990e5a055e052b3105	*.187<05>「たびのきろくを しておいたぜ」<05><5E><05> <59>ゲームを 中断するときはな<05>  リセットボタンを おしながら<05>  でんげんをきってくれよな<05>  ボタンを おすと ゲームをつづけられるぜ<5A><05><5E><05>+1<05>
0D34	a27c6f76982075786f836f83949a9621a305	「しっかり おくってってやれよ!」<05>
0D36	052059967820888372995a05	<05> <59>よく ねている<5A><05>
0D38	2a2e31333705233930052b3205	*.137<05>#90<05>+2<05>
0D3A	2a313336052b3105	*136<05>+1<05>
0D3C	2059a17672729d7e72208176b8d7fc0520202020969989b4c6afb8bd052020207672729d72067220757a849c98a45a05	 <59>『かいいんせい ちかクラブ<05>    よるのエニックス<05>   かいいんいがい おことわり』<5A><05>
0D3E	0520598576857620b4afc110215a05	<05> <59>なかなか エッチだ!<5A><05>
0D40	20597a9a8a208b1472210520200110017c892076758620977806770621055e0520208f717272945a05	 <59>これは ひどい!<05>  町長の かおに らくがきが!<05><5E><05>  まあいいや<5A><05>
0D42	05493235350549313938052059a180817c6e731d9d20779d7ca45a05	<05><49>255<05><49>198<05> <59>『たちしょうべん きんし』<5A><05>
0D44	493235350549313630050520597d0d917c0620726f167701fe01fe5a05	<49>255<05><49>160<05><05> <59>すずむしが いっぴき……<5A><05>
0D46	052059807c7686207a1072930c130520d7ddfcd9fbd9842076728371995a05	<05> <59>たしかに こだいもじで<05> ランブルビルと かいてある<5A><05>
0D48	05205975727c7f738520867572067c8372995a05	<05> <59>おいしそうな においがしている<5A><05>
0D4A	2a2e31333705233930052a2e3136052321393205054932353505493231380520597672729d7c6e73062075818372805a052a31333905	*.137<05>#90<05>*.16<05>#!92<05><05><49>255<05><49>218<05> <59>かいいんしょうが おちていた<5A><05>*139<05>
0D4C	5984788620769c6f807a848a85729673105a05	<59>とくに かわったことはないようだ<5A><05>
0D4E	49323535054931383405a201fe01fe01fe01fe01fea305	<49>255<05><49>184<05>「……………」<05>
0D50	233237055984788620769c6f807a848a85729673105a05	#27<05><59>とくに かわったことはないようだ<5A><05>
0D52	05205924318a2001ac667d1d977e05202072148675817f738620856f8021215a052a32313405	<05> <59>$1は 足をすべらせ<05>  いどにおちそうに なった!!<5A><05>*214<05>
0D54	20598c736f20711c857220847a9b106f80052020737c8a207a89016666052020816d73727c80766f8089109b735a05	 <59>ふうっ あぶない ところだった<05>  うしは この事を<05>  ちゅういしたかったのだろう<5A><05>
0D56	a201c601c8011a89208b787293896605208f74898e73862001147c838a72798f7e9d210520017e018685141320761a72850697207d7d919d137d96a305	「防御力の ひくいものを<05> まえのほうに 出してはいけません!<05> 剣士などで かばいながら すすむんですよ」<05>
0D58	a2017a017c069810827d9984052001ca012093207c77769d66737c856f8305209810827c837c8f728f7d7697880520017a017c8a2084788601066682798301207b7296a305	「隊長がりだつすると<05> 部下も しきかんをうしなって<05> りだつしてしまいますからね<05> 隊長は とくに気をつけて下さいよ」<05>
0D5A	a27b72779d200110898176788605201a7993898901e601aa0613778385055e05201a7993898901e601aa76978a05200c769d0680828420837706e6dde6dd1383789976978805208f0d8a2001e601aa6601c201c47c8305208c7b720c8f6f808e730672720ea305	「さいきん 町のちかくに<05> ばけものの巣穴ができてな<05><5E><05> ばけものの巣穴からは<05> じかんがたつと てきがガンガンでてくるからね<05> まずは 巣穴を攻撃して<05> ふさいじまったほうがいいぜ」<05>
0D5C	a224317b9d208f712077778596052001d68a2001da010c7284200108010a010c728a052001b801ba137785729d10055e05207f897374200108010a010c728a0520dbb0fc7c762001b801ba137785729d10055e052001346f83757283207f9d8a208572109ba305	「$1さん まあ ききなよ<05> 盾は 弓使いと 魔法使いは<05> 装備できないんだ<05><5E><05> そのうえ 魔法使いは<05> ローブしか 装備できないんだ<05><5E><05> 知っておいて そんは ないだろ」<05>
0D5E	a201da8a208a859a808377662001c201c413779905207c767c20017e8a2001c201c4011a0601167772055e05207580067289209672847a9b6620738f78015a767e998906052095737c6d7385017a017c108420727499109b7388a305	「弓は はなれたてきを 攻撃できる<05> しかし 剣は 攻撃力が大きい<05><5E><05> おたがいの よいところを うまく生かせるのが<05> ゆうしゅうな隊長だと いえるだろうね」<05>
0D60	a28072776c787d99016693208477868a05209573777199207a731473842072748f7d055e052001847206208c98108420019a74998477868a05209810827d99938906208c7485727381860520bdc4d8d189016c8514132001108693149785728405209406832001ca017a8a200e9d92827c837c8f73137c6e73a305	「たいきゃくする事も ときには<05> ゆうきある こうどうと いえます<05><5E><05> 戦いが ふりだと 思えるときには<05> りだつするものが ふえないうちに<05> ストリムの本などで 町にもどらないと<05> やがて 部隊は ぜんめつしてしまうでしょう」<05>
0D62	a201847266208a0c92998f74860520837706147a86729976209678200136997a841005201a71728620966f838a2001ca017a66208c80838605209c79808e730620738f7880807674990f21a305	「戦いを はじめるまえに<05> てきがどこにいるか よく 見ることだ<05> ばあいに よっては 部隊を ふたてに<05> わけたほうが うまくたたかえるぞ!」<05>
0D64	a2fcb0d2d7dd8a2014898e737a738605208377067283932001c201c41377990f052001c201c4011a938296727c05200154062071998597200e6f80722076731d77100ea305	「ブーメランは どのほうこうに<05> てきがいても 攻撃できるぞ<05> 攻撃力もつよいし<05> 金が あるなら ぜったい かうべきだぜ」<05>
0D66	26333005a27a890110892001fc8620726f799d107905200116778520947c77062071999d107914960520717f7a866c20147a769776207b979c9a8377800520013889ba062080787b9d2082768f6f83999d1084a305	&30<05>「この町の 北に いっけんだけ<05> 大きな やしきが あるんだけどよ<05> あそこにゃ どこからか さらわれてきた<05> 女のコが たくさん つかまってるんだと」<05>
0D68	a27a8901108901fc860520726f799d107920f9c2dd84806f8380052075757785947c7706716f809d107914966b052014739320717f7a13207b72779d20760c06716f80977c720ea305	「この町の北に<05> いっけんだけ ポツンとたってた<05> おおきなやしきがあったんだけどよぉ<05> どうも あそこで さいきん かじがあったらしいぜ」<05>
0D6A	a27d7a7c08977220919866207c83139305201a7993898901e601aa8a05208c7b72108e7306207272137d96055e05207f898e7306200184720605200d6f84209778862085988f7d769788055e0520789a089a932001e601aa66821c7d896605209c7d9a85721301207b729621a305	「すこしぐらい むりを してでも<05> ばけものの巣穴は<05> ふさいだほうが いいですよ<05><5E><05> そのほうが 戦いが<05> ずっと らくに なりますからね<05><5E><05> くれぐれも 巣穴をつぶすのを<05> わすれないで下さいよ!」<05>
0D6C	a294988a20017e9698052088109d8a20807672062001c201c4011a8a20829672052085869698207d7a7c208a859a802083778693052001c201c41377998906201d9d981085a305	「やりは 剣より<05> ねだんは たかいが 攻撃力は つよい<05> なにより すこし はなれた てきにも<05> 攻撃できるのが べんりだな」<05>
0D6E	a224317b8f137d883fa305253105	「$1さまですね?」<05>%1<05>
0D70	a2948a98207f73137c807605208010728f20757c7c6e737b8f8a05200108010a89809d9a9d011c137d052014730f20011c13758f8101207b72a305403034052a303405	「やはり そうでしたか<05> ただいま おししょうさまは<05> 魔法のたんれん中です<05> どうぞ 中でおまち下さい」<05><40>04<05>*04<05>
0D72	a275767c72856720757c7c6e737b8f067273868a05207f9b7f9b2024317b8f060520946f8378998a0d858986a305	「おかしいなぁ おししょうさまがいうには<05> そろそろ $1さまが<05> やってくるはずなのに」<05>
0D74	a214730f207578898e738da305	「どうぞ おくのほうへ」<05>
0D76	2621303605a28f9389808106207a9a8e1405208c74837299847273898a2080100a84138a857201fe055e05202431148901fe0520789a089a932001066682799989137d0fa305	&!06<05>「まものたちが これほど<05> ふえているというのは ただごとではない…<05><5E><05> $1どの…<05> くれぐれも 気をつけるのですぞ」<05>
0D78	2621303505a2b1b2ebafb86620758806727c8f7d0fa305	&!05<05>「アイザックを おねがいしますぞ」<05>
0D7A	a296787780202431148905207f85808920890f908a01346f837599055e05200108010a010c7289011a6620769880728913719b733f055e0520100620dcbc8a05207a7a668a859a999c79868a2072769d8910055e052b3105	「よくきた $1どの<05> そなたの のぞみは知っておる<05><5E><05> 魔法使いの力を かりたいのであろう?<05><5E><05> だが ワシは<05> ここをはなれるわけには いかんのだ<05><5E><05>+1<05>
0D7C	20bbcca7b2b1898f93986620737c856f800520b1bdc4ced9d1868a0520858606757a9976209c76979d89138501fe052001fe01fe01fe01fe01fe01fe01fe055e05202431148996208f71207f7301066675847d138572055e05207f89769c9820137c89b1b2ebafb8660520829a837278069672055e052014730c6c2096727685a305253105	 サファイアのまもりを うしなった<05> アストホルムには<05> なにがおこるか わからんのでな…<05> …………………<05><5E><05> $1どのよ まあ そう気をおとすでない<05><5E><05> そのかわり でしのアイザックを<05> つれていくがよい<05><5E><05> どうじゃ よいかな」<05>%1<05>
0D7E	a22431148901feb1b2ebafb8660520758f767e7c8f7c800fa305403035052a303505	「$1どの…アイザックを<05> おまかせしましたぞ」<05><40>05<05>*05<05>
0D80	a201fe10927601fe207a8f6f80938996a305	「…だめか… こまったものよ」<05>
0D82	a224317b8f20969b7c78758806727c8f7da3055e05052059b1b2ebafb8062085768f86856f8005202024318920bbcca7b2b10620760694728021215a05052a2e31323205	「$1さま よろしくおねがいします」<05><5E><05><05> <59>アイザックが なかまになった<05>  $1の サファイアが かがやいた!!<5A><05><05>*.122<05>
0D84	a27f731020b1b2ebafb889011a667501367e7c967305207b6f77dcbc060520869c139a9d7c6d737c8372808e8975890108010a0520b1da66946f8390857b72055e052024311489932014730f013683946f8301207b72a305	「そうだ アイザックの力をお見せしよう<05> さっきワシが<05> にわでれんしゅうしていたほのおの魔法<05> アレをやってみなさい<05><5E><05> $1どのも どうぞ見てやって下さい」<05>
0D86	a201066682798301207b72a305	「気をつけて下さい」<05>
0D88	a27d01fe7d908f7e9d05208f1020757c7c6e737b8f899673868a05208296720108010a8a010c74857289137da305	「す…すみません<05> まだ おししょうさまのようには<05> つよい魔法は使えないのです」<05>
0D8A	a201fe2431148905207c827a729673100620758f767e7c8f7c8001fe055e0520dd3f20757501fe05207f89c3a8b1d7868272837299bbcca7b2b121055e052001fe7f89bbcca7b2b1868a0520ccbce785011a06208b92979a83759905207f8901f6019889012086052080787b9d8985768f062071828f99109b7301fe055e05207f8580808189b9e68a20dcc0bc0605200108010a132085757c837b7c71099673052001fe01fed1ddaf2121a30540303605	「…$1どの<05> しつこいようだが おまかせしました…<05><5E><05> ン? おお…<05> そのティアラについているサファイア!<05><5E><05> …そのサファイアには<05> フシギな力が ひめられておる<05> その宝石の下に<05> たくさんのなかまが あつまるだろう…<05><5E><05> そなたたちのケガは ワタシが<05> 魔法で なおしてさしあげよう<05> ……ムンッ!!」<05><40>06<05>
0D8C	a27b71207a9a66209c807c83757a7305207a9a66010c6f8320b1bdc4ced9d18901108f13052076749984209672109b73a3055e0505493235350549323138052059bdc4d8d189016c6620018e8601269a805a050505	「さあ これを わたしておこう<05> これを使って アストホルムの町まで<05> かえると よいだろう」<05><5E><05><05><49>255<05><49>218<05> <59>ストリムの本を 手に入れた<5A><05><05><05>
0D8E	2321333505a214730f207584759878107b72a3052a393205	#!35<05>「どうぞ おとおりください」<05>*92<05>
0D90	a2730a788521208586938910055e0520dbd7dd94caddbd8985768f8589763f0520b2b4bd76c9b076207a80749b6f3fa3052b3105	「うごくな! なにものだ<05><5E><05> ロランやハンスのなかまなのか?<05> イエスかノーか こたえろっ?」<05>+1<05>
0D92	253105	%1<05>
0D94	a2859d1084757575756b6b6b2121055e05207a9a8a7c829a727c8f7c80052014730f2075788d207501269801207b7205209c9a9c9a8a20b1c5c066769d09727c8f7da3052e3335052a393205	「なんだとおおおおぉぉぉ!!<05><5E><05> これはしつれいしました<05> どうぞ おくへ お入り下さい<05> われわれは アナタをかんげいします」<05>.35<05>*92<05>
0D96	a20c6c7120858693891021052076787c10837d998420728072928671730f210520dbd7dd94caddbd207f9a86f3adfad989052085768f859d109baf3fa3052d3205	「じゃあ なにものだ!<05> かくしだてすると いたいめにあうぞ!<05> ロランやハンス それにデュバルの<05> なかまなんだろッ?」<05>-2<05>
0D98	a27a892014737882868a20fab9d3c9867e9d986e737b9a800520b4beddbcb189011086207d9d137280013a0605208b859d207c8372999d137da305	「この どうくつには バケモノにせんりょうされた<05> エセンシアの町に すんでいた人が<05> ひなん しているんです」<05>
0D9A	a27a897578898d946620013683789a960520012a01d2662080789c7483719d100e0520cdcd2093819b9d20b4beddbcb1660520fab9d3c9769720849893147d80929621a305	「このおくのへやを 見てくれよ<05> 武器を たくわえてあんだぜ<05> ヘヘ もちろん エセンシアを<05> バケモノから とりもどすためよ!」<05>
0D9C	a224317b9d109b3f20b1ddc089b3dcbb20777283990ea305	「$1さんだろ? アンタのウワサ きいてるぜ」<05>
0D9E	a29c807c80818a20d8f3a8b1017a017c8993840520b4beddbcb120106f76728980920520011a662080789c7483729989137da305	「わたしたちは リディア隊長のもと<05> エセンシア だっかいのため<05> 力を たくわえているのです」<05>
0DA0	a2b4beddbcb166849893147c80972082078a05207b979c9a837c8f6f802001020104bebcd97b8f84052001f48599019820b1d2ecbdc49320849893147b881a21a305	「エセンシアをとりもどしたら つぎは<05> さらわれてしまった 司祭セシルさまと<05> 聖なる石 アメジストも とりもどさねば!」<05>
0DA2	a27f846620908076723f0520787b942001480620909d85816c729b86856f8380109b0520776f8420b1d2ecbdc40620731a9c9a807e72130520909d85769a818f6f809d1001fea305	「そとを みたかい?<05> くさや 木が みんなちゃいろになってただろ<05> きっと アメジストが うばわれたせいで<05> みんなかれちまったんだ…」<05>
0DA4	2631313505a224317b9d137d883f05209c807c808189d8b0f0b020d8f3a8b1060520757813208f6f83728f7da305	&115<05>「$1さんですね?<05> わたしたちのリーダー リディアが<05> おくで まっています」<05>
0DA6	a224317b9d0520b4beddbcb18980928620011a66767c8301207b72a305	「$1さん<05> エセンシアのために 力をかして下さい」<05>
0DA8	a2fab9d3c98081060520b1d2ecbdc489010201048920bebcd97b8f660520829a7b6f837c8f6f8089137d055e0520bebcd97b8f8a20d8f3a8b17b8f89052072811a9d89207c9d9573106f80898601fea305	「バケモノたちが<05> アメジストの司祭の セシルさまを<05> つれさってしまったのです<05><5E><05> セシルさまは リディアさまの<05> いちばんの しんゆうだったのに…」<05>
0DAA	a2b4beddbcb1138a20fab9d3c91493060520718580808166208f811c7e7d99809289052001760178668278977e83728f7d21052024311489209c9a9c9a8620011a6621a305	「エセンシアでは バケモノどもが<05> あなたたちを まちぶせするための<05> 基地をつくらせています!<05> $1どの われわれに 力を!」<05>
0DAC	2321353105a2b4beddbcb1868a729984778a0520789a089a93208d9d7f7301e0015066827999896605209c7d9a85721301207b72a305	#!51<05>「エセンシアにはいるときは<05> くれぐれも へんそう道具をつけるのを<05> わすれないで下さい」<05>
0DAE	a2758f817c8375988f7c802024317b9d05209c807c80818a207a89147378828901fa013e86013674990520b4beddbcb189011086207d9d1372809389137d055e05207199847720b4beddbcb18a0520147a7697849385782071979c9a8020fab9d3c914938605207e9d986e737b9a83207c8f728f7c80055e052024317b9d2075880672137d0520b4beddbcb166849893147d89860520776e73986e787c8301207b72a3052b3105	「おまちしておりました $1さん<05> わたしたちは このどうくつの南西に見える<05> エセンシアの町に すんでいたものです<05><5E><05> あるとき エセンシアは<05> どこからともなく あらわれた バケモノどもに<05> せんりょうされて しまいました<05><5E><05> $1さん おねがいです<05> エセンシアをとりもどすのに<05> きょうりょくして下さい」<05>+1<05>
0DB0	253105	%1<05>
0DB2	a27f73726f83789a998405207c9d0c83728f7c8021052014730f207a81978d20827283778301207b72a3052a3933054031313505	「そういってくれると<05> しんじていました!<05> どうぞ こちらへ ついてきて下さい」<05>*93<05><40>115<05>
0DB4	a224317b9d052071858089739c7b8a207772807a840671988f7d05207185808a20018472138a201072809d1305207c769320947b7c727a7a9b899381877c01fe055e052b3105	「$1さん<05> あなたのうわさは きいたことがあります<05> あなたは 戦いでは だいたんで<05> しかも やさしいこころのもちぬし…<05><5E><05>+1<05>
0DB6	2075880672137d0520147376209c807c808186011a66767c8301207b72a3052b3105	 おねがいです<05> どうか わたしたちに力をかして下さい」<05>+1<05>
0DB8	253105	%1<05>
0DBA	2d3405	-4<05>
0DBC	2d3305	-3<05>
0DBE	26313135052b3305	&115<05>+3<05>
0DC0	23213531052b3305	#!51<05>+3<05>
0DC2	a224317b9d137d88a3052a393305	「$1さんですね」<05>*93<05>
0DC4	a27a8975788a208b908289207f737a86856f83728f7d052024317b9d8472741493207584757c13778f7e9da305	「このおくは ひみつの そうこになっています<05> $1さんといえども おとおしできません」<05>
0DC6	a27a897180988620787b940148068572898a0520901498662082767b14992001f48599b1d2ecbdc4060520731a9c9a807e728589137d055e052024311489201473760520b4beddbcb1106f76728620776e73986e786621a305	「このあたりに くさや木がないのは<05> みどりを つかさどる 聖なるアメジストが<05> うばわれたせいなのです<05><5E><05> $1どの どうか<05> エセンシアだっかいに きょうりょくを!」<05>
0DC8	a224317b9d2071858006801305207e9d986e737b9a837299b4beddbcb18605207e9d866d737c83208e7c7289137d055e05200c828a20b4beddbcb1868a05209c9a9c9a892001c201c4668c730c99809205200108010a8c730c8920019201940675769a83728f7d055e0520969986856f80972090857b9d1305207f89019201946620012c1b01147c838e7c7289137d055e05207f9a8414730c86209c9a9c9a8901ca017a060520b4beddbcb186208482866d73210520b4beddbcb16620106f76727c8f7da305	「$1さん あなたがたで<05> せんりょうされているエセンシアに<05> せんにゅうして ほしいのです<05><5E><05> じつは エセンシアには<05> われわれの 攻撃をふうじるため<05> 魔法ふうじの 結界がおかれています<05><5E><05> よるになったら みなさんで<05> その結界を 運び出してほしいのです<05><5E><05> それとどうじに われわれの部隊が<05> エセンシアに とつにゅう!<05> エセンシアを だっかいします」<05>
0DCA	a29c9a9c9a8a20b4beddbcb186207c0b7266012c1c05207b076e73729d862085987d8f7d01660613779905208d9d7f7301e00150662076728a827c8f7c8005207a9a66010c741a207e9d866d731377998a0d137da3055e05052a2e323336052059243180818a0520208d9d7f7301e001506620018e8601269a805a0505	「われわれは エセンシアに しざいを運ぶ<05> さぎょういんに なりすます事ができる<05> へんそう道具を かいはつしました<05> これを使えば せんにゅうできるはずです」<05><5E><05><05>*.236<05> <59>$1たちは<05>  へんそう道具を 手に入れた<5A><05><05>
0DCC	a29c9a9c9a8a20b4beddbcb186207c0b7266012c1c05207b076e73729d862085987d8f7d01660613779905208d9d7f7301e00150662076728a827c8f7c8005207a9a66010c741a207e9d866d731377998a0d137d055e05207b7c7109807289137d06052086938206726f1572138a01fea305	「われわれは エセンシアに しざいを運ぶ<05> さぎょういんに なりすます事ができる<05> へんそう道具を かいはつしました<05> これを使えば せんにゅうできるはずです<05><5E><05> さしあげたいのですが<05> にもつがいっぱいでは…」<05>
0DCE	233531052b3405	#51<05>+4<05>
0DD0	234c35052b3205	#<4C>5<05>+2<05>
0DD2	2a31343305234c3105a29673208672816c9d2121055e0520859d816c6f83a305	*143<05>#<4C>1<05>「よう にいちゃん!!<05><5E><05> なんちゃって」<05>
0DD4	a27a89208d9d7f7301e0015005209678201377838f7d9620b1c6b721a305	「この へんそう道具<05> よく できてますよ アニキ!」<05>
0DD6	a27a7a898d72807220909d85013889ba6f7d886aa305	「ここのへいたい みんな女のコっすねぇ」<05>
0DD8	233531052b3305	#51<05>+3<05>
0DDA	234c35052b3205	#<4C>5<05>+2<05>
0DDC	2a31343505234c3205a2ccafccafcc20b5da109620dbd7dd1096a305	*145<05>#<4C>2<05>「フッフッフ オレだよ ロランだよ」<05>
0DDE	a21473949720b4beddbcb1890110139305200102010406207b979c9a8096731001fe055e05207a9a132035013a890102010406207b979c9a8305207c8f6f8001668685998501fe897a998a32013a7601fea305	「どうやら エセンシアの町でも<05> 司祭が さらわれたようだ…<05><5E><05> これで 5人の司祭が さらわれて<05> しまった事になるな…のこるは2人か…」<05>
0DE0	a2759d90827b787e9d8a20dcbc89936f84930520847872847d99847a9b2105208b7b7c1c98862073130685999c722121a305	「おんみつさくせんは ワシのもっとも<05> とくいとするところ!<05> ひさしぶりに うでがなるわい!!」<05>
0DE2	23214c3605a294988f7c80960520a1f6aedd89789d7e72a406200116cbafc421210520869d099d20859d139320946f83909920939d109688a305	#!<4C>6<05>「やりましたよ<05> 『ピョンのくんせい』が 大ヒット!!<05> にんげん なんでも やってみる もんだよね」<05>
0DE4	23214c3505a27c0a849492837697207e72768293052078997c78856f8377809d109688055e052024317b9d01fe01fe01fe055e0520015a77996f8320859d859d109b7388a305	#!<4C>5<05>「しごとやめてから せいかつも<05> くるしくなってきたんだよね<05><5E><05> $1さん………<05><5E><05> 生きるって なんなんだろうね」<05>
0DE6	23214c3405a2b4beddbcb18f138905208273779d0c769d06207676987d0783055e0520c9b2dbb0ee86856f809d1305207c0a84209492818f6f809d1096880520c4cecece01fe01fea305	#!<4C>4<05>「エセンシアまでの<05> つうきんじかんが かかりすぎて<05><5E><05> ノイローゼになったんで<05> しごと やめちまったんだよね<05> トホホホ……」<05>
0DE8	23214c3305a28c809893207a1493061377807c0520727493200c6d731c9d208b9b727c0520858696982094819d897c9d1572932085727c88a305	#!<4C>3<05>「ふたりも こどもができたし<05> いえも じゅうぶん ひろいし<05> なにより やちんのしんぱいも ないしね」<05>
0DEA	23214c3205a2748d8d8d6f0520b5da82728620796f7a9d7c809d109688a305	#!<4C>2<05>「えへへへっ<05> オレついに けっこんしたんだよね」<05>
0DEC	23214c3105a27d900a0a818a209c9978857279140520b5da8b8498108420816e6f84208b9b7d079d10968805208f7120808f868a20717f1b8677839688a305	#!<4C>1<05>「すみごごちは わるくないけど<05> オレひとりだと ちょっと ひろすぎんだよね<05> まあ たまには あそびにきてよね」<05>
0DEE	a2b5da01fe7a89147378820620010686726f809d1005207a898f8f207a7a86207d93737685a305	「オレ…このどうくつが 気にいったんだ<05> このまま ここに すもうかな」<05>
0DF0	23214c3605a2728f203135013a920620758576862072999d137da305	#!<4C>6<05>「いま 15人めが おなかに いるんです」<05>
0DF2	23214c3505a2728f203130013a920620758576862072999d137da305	#!<4C>5<05>「いま 10人めが おなかに いるんです」<05>
0DF4	23214c3405a2728f2035013a920620758576862072999d137da305	#!<4C>4<05>「いま 5人めが おなかに いるんです」<05>
0DF6	23214c3305a2728f2033013a920620758576862072999d137da305	#!<4C>3<05>「いま 3人めが おなかに いるんです」<05>
0DF8	a2728f208a0c92838901960620758576862072999d137da305	「いま はじめての子が おなかに いるんです」<05>
0DFA	23214c3605a2ccddaf2105201b9d1e73869d8a207b9c998596a305	#!<4C>6<05>「フンッ!<05> びんぼうにんは さわるなよ」<05>
0DFC	23214c3505a28b930c72965ba305	#!<4C>5<05>「ひもじいよ<5B>」<05>
0DFE	23214c3405a2716f21207c978572013a106721a305	#!<4C>4<05>「あっ! しらない人だぁ!」<05>
0E00	a29cb07221209cb07221a305	「わーい! わーい!」<05>
0E02	262131313305a27b6f7b8472769d7621055e05202431849320719b7393890605207a9d857a841320750c7912728314737d9921a305	&!113<05>「さっさといかんか!<05><5E><05> $1とも あろうものが<05> こんなことで おじけづいてどうする!」<05>
0E04	233133052b3205	#13<05>+2<05>
0E06	2b3905	+9<05>
0E08	234c31052b3205	#<4C>1<05>+2<05>
0E0A	2b3505	+5<05>
0E0C	a29678778085202431055e0520ccafccafcc01fe05208586932075149b787a848a85769b730520859d84726f8393200c6e738e737c6d737c6d738a05207e9d986c7889777f201076978501fe055e052b3105	「よくきたな $1<05><5E><05> フッフッフ…<05> なにも おどろくことはなかろう<05> なんといっても じょうほうしゅうしゅうは<05> せんりゃくのきそ だからな…<05><5E><05>+1<05>
0E0E	20758f748a20d7ddfcd9fbd989052037828901f48599019886827283052001349880728913719b733fa305253105	 おまえは ランブルビルの<05> 7つの聖なる石について<05> 知りたいのであろう?」<05>%1<05>
0E10	2b3205	+2<05>
0E12	a2900c6d78938992066f210520758f748a200c1c9d06858666052001346f8375781d77767d97209c76979d897621052071779a8020900c6d7893890c6c9c7221a3055e052b3105	「みじゅくものめがっ!<05> おまえは じぶんがなにを<05> 知っておくべきかすら わからんのか!<05> あきれた みじゅくものじゃわい!」<05><5E><05>+1<05>
0E14	a272727620243196209678777901fe05207a7a76972001fc8620faecacf4847273012e06716f8305207f7a868a20b8d8bdc0d986769d7d9905208c997220727282807406897a6f837599055e0520d7ddfcd9fbd9892037828901f485990198898576868a0520b8d8bdc0d993208c788f9a83756f808a0d0c6c0520dcbc8a20faecacf489012e8620b8d8bdc0d986769d7d9905208586760671998486979d137599055e052b3105	「いいか $1よ よくきけ…<05> ここから 北に バジャドという村があって<05> そこには クリスタルにかんする<05> ふるい いいつたえがのこっておる<05><5E><05> ランブルビルの 7つの聖なる石のなかには<05> クリスタルも ふくまれておったはずじゃ<05> ワシは バジャドの村に クリスタルにかんする<05> なにかがあるとにらんでおる<05><5E><05>+1<05>
0E16	20d7ddfcd9fbd989850f6620847771767d7a848a05208b72838a20010201048995787466052001349901668620828506998a0d0c6c055e0520243120726f8320faecacf489012e1305200c6e738e737c6d737c6d7366207c8378998910a3052e4c3105	 ランブルビルのなぞを ときあかすことは<05> ひいては 司祭のゆくえを<05> 知る事に つながるはずじゃ<05><5E><05> $1 いって バジャドの村で<05> じょうほうしゅうしゅうを してくるのだ」<05>.<4C>1<05>
0E18	a29678778085202431055e05207778847a9b86969a1a0520faecacf4132001f48599b8d8bdc0d9660520018e86729a807f73138a857276055e0520ccafccafccaf01fe05208586932075149b7801668a85769b730520859d84726f8393200c6e738e737c6d737c6d738a05207e9d986c7889777f2010769785055e0520dcbc868a209c7699890c6c01fe055e0520758f740620faecacf413018e86729a80b8d8bdc0d98a05208f7b86d7ddfcd9fbd98901f485990198898b84820520b8d8bdc0d913716f8001fe055e05207f7c83202431960520758f748901b482207f89bbcca7b2b1938f800520d7ddfcd9fbd9769782809c99938913719b73052b3105	「よくきたな $1<05><5E><05> きくところによれば<05> バジャドで 聖なるクリスタルを<05> 手にいれたそうではないか<05><5E><05> フッフッフッ…<05> なにも おどろく事はなかろう<05> なんといっても じょうほうしゅうしゅうは<05> せんりゃくのきそ だからな<05><5E><05> ワシには わかるのじゃ…<05><5E><05> おまえが バジャドで手にいれたクリスタルは<05> まさにランブルビルの聖なる石のひとつ<05> クリスタルであった…<05><5E><05> そして $1よ<05> おまえの持つ そのサファイアもまた<05> ランブルビルからつたわるものであろう<05>+1<05>
0E1A	2014730c6c208f81067271998f723fa305253105	 どうじゃ まちがいあるまい?」<05>%1<05>
0E1C	2b3205	+2<05>
0E1E	a27272942076787c83932091100c6c0520dcbc868a9c76992105208f8106728578207a9a978a139d7e828901f48599019821052d3205	「いいや かくしても むだじゃ<05> ワシにはわかる!<05> まちがいなく これらはでんせつの聖なる石!<05>-2<05>
0E20	a27f7313719b7301fe207f7313719b7301fe05207b72779d20147393d7ddfcd9fbd989139d7e8206052001068676766f837c76800685766f80890c6c055e05207b72779d20fab9d3c91493060520776d7386208c748a0c92807a8466769d06748393052085867606757a9b73847c837599898a20717797760c6c055e05207f7a130c6c20900c6d788520758f7497860520dcbc0620018e66767c8320949b7384019a6f8499891006052014730c6c202431963fa3052b3105	「そうであろう… そうであろう…<05> さいきん どうもランブルビルのでんせつが<05> 気にかかってしかたがなかったのじゃ<05><5E><05> さいきん バケモノどもが<05> きゅうに ふえはじめたことをかんがえても<05> なにかがおころうとしておるのは あきらかじゃ<05><5E><05> そこでじゃ みじゅくな おまえらに<05> ワシが 手をかして やろうと思っとるのだが<05> どうじゃ $1よ?」<05>+1<05>
0E22	253105	%1<05>
0E24	a2d6bcaf212096780f727380212105207a89f3adfad9200c9d7e72207b720a898a856605207b767e83907e99ef21a3055e05052059f3adfad98901ca017a062085768f86856f80212105202024318920bbcca7b2b10620760694728021215a05052a2e3132320540313133055e05a27b6f7f780c6c06202431960520017c01888901fa20b1d2ecbdc48901020104897d910520b4beddbcb18901101305207b72779d2085860a84760620757a6f80977c72055e05209c9a9c9a8a20b4beddbcb18d7277052085860620757a6f8076207b0897881a85998f7201fe055e052b3205	「ヨシッ! よくぞいうた!!<05> このデュバル じんせい さいごのはなを<05> さかせてみせるゾ!」<05><5E><05><05> <59>デュバルの部隊が なかまになった!!<05>  $1の サファイアが かがやいた!!<5A><05><05>*.122<05><40>113<05><5E><05>「さっそくじゃが $1よ<05> 長城の南 アメジストの司祭のすむ<05> エセンシアの町で<05> さいきん なにごとかが おこったらしい<05><5E><05> われわれは エセンシアへいき<05> なにが おこったか さぐらねばなるまい…<05><5E><05>+2<05>
0E26	a2900c6d7893896f212105208a9d109d986e7893208f108f1020900c6d78109c720520758f7497107989011a13207a9a76970158930520018474998420019a7383759989763f055e05209678769d067483909b20dcbc84018e66788f9d763fa3052d3205	「みじゅくものっ!!<05> はんだんりょくも まだまだ みじゅくだわい<05> おまえらだけの力で これから先も<05> 戦えると 思うておるのか?<05><5E><05> よくかんがえてみろ ワシと手をくまんか?」<05>-2<05>
0E28	200c828a207a898d94868a20017c01888901206678086f83052001fa069c8687799905208b90828982739b06208e6f837199890c6c055e05208b90828472731079716f8305207c6e737c6e732094947a7c72827898860520856f84999d0c6c068501fe055e0520cedaaf207a7a0c6c21a3052a31343005	 じつは このへやには 長城の下をくぐって<05> 南がわにぬける<05> ひみつのつうろが ほってあるのじゃ<05><5E><05> ひみつというだけあって<05> しょうしょう ややこしいつくりに<05> なっとるんじゃがな…<05><5E><05> ホレッ ここじゃ!」<05>*140<05>
0E2A	a22431017a017c052079721b66207a7380727d990c769d137d055e052014730f20956f789820bbcca7b2b10104986680897c9d130520778301207b72a305	「$1隊長<05> けいびを こうたいするじかんです<05><5E><05> どうぞ ゆっくり サファイア祭りをたのしんで<05> きて下さい」<05>
0E2C	a27a7a8979721b8a209c807c8081868f767e8305207b677b6721a305	「ここのけいびは わたしたちにまかせて<05> さぁさぁ!」<05>
0E2E	23214c3705a224317b9d9320776e738a052079721b897c0a848a2075015c90137c6e733f055e0520859d83726f806f830520776e73892075010498897c6d94788a20cca8d8bd7b8f84052024317b9d20719d80859d137d76978821a305	#!<4C>7<05>「$1さんも きょうは<05> けいびのしごとは お休みでしょう?<05><5E><05> なんていったって<05> きょうの お祭りのしゅやくは フィリスさまと<05> $1さん あんたなんですからね!」<05>
0E30	a2946f159820750104988a2086079476137d88055e052024317b9d9320776e738a011089052079721b897c0a8466015c9d132001049801360170137d763fa305	「やっぱり お祭りは にぎやかですね<05><5E><05> $1さんも きょうは町の<05> けいびのしごとを休んで 祭り見物ですか?」<05>
0E32	23214c3705a2bbcca7b2b101049806207a847c938b97769a99859d8305208f991320959290807221055e052024317b9d8420cca8d8bd7b8f9376746f8377807c0520858693769320727201661a6f76988821a305	#!<4C>7<05>「サファイア祭りが ことしもひらかれるなんて<05> まるで ゆめみたい!<05><5E><05> $1さんと フィリスさまもかえってきたし<05> なにもかも いい事ばっかりね!」<05>
0E34	234c3505a2cca8d8bd7b8f062093737d080520077c771320bbcca7b2b189c3a8b1d7662090868279998996055e052071972024317b9d106f808905207e6f767889200122013a89208a9a1c8072859d1076970520816c9d8420013683710985786f816c109296a305	#<4C>5<05>「フィリスさまが もうすぐ<05> ぎしきで サファイアのティアラを みにつけるのよ<05><5E><05> あら $1さんだったの<05> せっかくの 恋人の はれぶたいなんだから<05> ちゃんと 見てあげなくっちゃだめよ」<05>
0E36	a2cca8d8bd7b8f20779a72106f809c88052024317b9d200136849a8380137c6ea305253105	「フィリスさま きれいだったわね<05> $1さん 見とれてたでしょ」<05>%1<05>
0E38	a28f6f8078207c6e730c77859d107697a305	「まったく しょうじきなんだから」<05>
0E3A	a2737f1a6f7698a305	「うそばっかり」<05>
0E3C	23214c3705a27b67207a89bbcca7b2b189c3a8b1d78a052024310620cca8d8bd01020104660520807d79867278847786209086827980052001f48599bbcca7b2b186207f6f78987f898f9d8f1096055e0520ceddd3c96f838e140c6c85720605207a9a6601b46f837299200122013a80818a0520796f7c83208a859a1a859a8685978572962105207b6720766f80766f8021a305	#!<4C>7<05>「さぁ このサファイアのティアラは<05> $1が フィリス司祭を<05> たすけにいくときに みにつけた<05> 聖なるサファイアに そっくりそのまんまだよ<05><5E><05> ホンモノってほどじゃないが<05> これを持っている 恋人たちは<05> けっして はなればなれにならないよ!<05> さぁ かったかった!」<05>
0E3E	a27b67207a89bbcca7b2b189c3a8b1d78a0520b1bdc4ced9d18682809c99052001f48599bbcca7b2b186207f6f78987f898f9d8f1096055e0520ceddd3c96f838e140c6c85720605207a892071808f760b9866209086827983729a1a0520776f8420859d139320738f7872789605207b7120766f80766f8021a305	「さぁ このサファイアのティアラは<05> アストホルムにつたわる<05> 聖なるサファイアに そっくりそのまんまだよ<05><5E><05> ホンモノってほどじゃないが<05> この あたまかざりを みにつけていれば<05> きっと なんでも うまくいくよ<05> さあ かったかった!」<05>
0E40	23214c3705a2776e738920cca8d8bd7b8f89077c77138a0520bbcca7b2b189c3a8b1d7062001369a999d106f83055e05208c7c0785011a13052024317b9d8420cca8d8bd7b8f660520917d1b82798380bbcca7b2b110939d8805200e6f807286013685776c21a305	#!<4C>7<05>「きょうの フィリスさまのぎしきでは<05> サファイアのティアラが 見れるんだって<05><5E><05> ふしぎな力で<05> $1さんと フィリスさまを<05> むすびつけてたサファイアだもんね<05> ぜったいに見なきゃ!」<05>
0E42	234c3505a2776e738920cca8d8bd7b8f89077c77138a0520bbcca7b2b189c3a8b1d7062001369a999d106f83055e05208c7c0785011a13207a890110668f936f83996f8372730520bbcca7b2b110939d88200e6f80729085776c21a305	#<4C>5<05>「きょうの フィリスさまのぎしきでは<05> サファイアのティアラが 見れるんだって<05><5E><05> ふしぎな力で この町をまもってるっていう<05> サファイアだもんね ぜったいみなきゃ!」<05>
0E44	a2bbcca7b2b189c3a8b1d76f830520779a72106f80856705209373728114200136839080728571a305	「サファイアのティアラって<05> きれいだったなぁ<05> もういちど 見てみたいなあ」<05>
0E46	23214c3705a27294675b20bbcca7b2b1010498921380722105207a9d85208d729c8501108a0520816e6f84208e76866c208572109b73856705207f9a847273899301fe055e052024310620cca8d8bd01020104660520807d7901147c83789a807576091096208e9d8421a305	#!<4C>7<05>「いやぁ<5B> サファイア祭りめでたい!<05> こんな へいわな町は<05> ちょっと ほかにゃ ないだろうなぁ<05> それというのも…<05><5E><05> $1が フィリス司祭を<05> たすけ出してくれたおかげだよ ほんと!」<05>
0E48	a27294675b20bbcca7b2b1010498921380722105207a9d85208d729c8501108a0520816e6f84208e76866c208572109b73856705207f9a847273899301fe055e0520bbcca7b2b1890a760a8405207a890110892079721b017a017c8924310520b1ddc089207576091096208e9d8421a305	「いやぁ<5B> サファイア祭りめでたい!<05> こんな へいわな町は<05> ちょっと ほかにゃ ないだろうなぁ<05> それというのも…<05><5E><05> サファイアのごかごと<05> この町の けいび隊長の$1<05> アンタの おかげだよ ほんと!」<05>
0E4A	23214c3705a2b1d7af212024317b9d05208a947820cca8d8bd89847a8620726f837109857b7296055e05207b6f77769720077c77898f748620b1c5c086052001567280726f832001a6015689817678130520016e6f83999c9621207a89b2dbb5c4ba2121a305	#!<4C>7<05>「アラッ! $1さん<05> はやく フィリスのとこに いってあげなさいよ<05><5E><05> さっきから ぎしきのまえに アナタに<05> 会いたいって 数会のちかくで<05> 待ってるわよ! このイロオトコ!!」<05>
0E4C	234c3505a2b1d7af212024317b9d05208a947820cca8d8bd89847a8620726f837109857b7296055e05207b6f77769720077c77898f748620b1c5c086052001567280726f832001a6015689817678130520016e6f83999c9621207a89b2dbb5c4ba2121a305	#<4C>5<05>「アラッ! $1さん<05> はやく フィリスのとこに いってあげなさいよ<05><5E><05> さっきから ぎしきのまえに アナタに<05> 会いたいって 数会のちかくで<05> 待ってるわよ! このイロオトコ!!」<05>
0E4E	a2b1d7af212024317b9d0520728293899673862001fc898b9b1a890520014889012013208f81719c7e3fa305	「アラッ! $1さん<05> いつものように 北のひろばの<05> 木の下で まちあわせ?」<05>
0E50	23214c3705a2dcbcac20758f748901668a05207a6b5b9d8520016a7b727a9b76972001346f837299060520816e6f8490857273818605208f80200d721c9d20014e6f1978856f808567a305	#!<4C>7<05>「ワシャ おまえの事は<05> こぉ<5B>んな 小さいころから 知っているが<05> ちょっとみないうちに<05> また ずいぶん 男っぽくなったなぁ」<05>
0E52	a2dcbcac20cca8d8bd06207a6b5b9d850520016a7b727a9b76972001346f837299060520016c01dc8620b7dab286856f80939d10968567a305	「ワシャ フィリスが こぉ<5B>んな<05> 小さいころから 知っているが<05> 本当に キレイになったもんだよなぁ」<05>
0E54	23214c3705a2776e738920750104988a20816e6f8484781d8296880520859d836f806f832024317b9d8420cca8d8bd7b8f0605201c0c76746f8377802075729c72859d137d9389055e05208a947820077c7706208a0c8f9785727685710520dcb8dcb8a305	#!<4C>7<05>「きょうの お祭りは ちょっととくべつよね<05> なんてったって $1さんと フィリスさまが<05> ぶじかえってきた おいわいなんですもの<05><5E><05> はやく ぎしきが はじまらないかなあ<05> ワクワク」<05>
0E56	234c3505a28a947820077c7706208a0c8f9785727685670520dcb8dcb8a305	#<4C>5<05>「はやく ぎしきが はじまらないかなぁ<05> ワクワク」<05>
0E58	a27d1a977c7220077c77106f809c968821208821052093737281142090839080729ca305	「すばらしい ぎしきだったわよね! ね!<05> もういちど みてみたいわ」<05>
0E5A	a27501049810207501049810675b7221a305	「お祭りだ お祭りだぁ<5B>い!」<05>
0E5C	a28277897382787c72209699137d0c6c01fe055e05207a9d851a9d868a20cca8d8bd7b8f9320bbcca7b2b19305209698726f7f73207382787c78760694786f83939d137d0c6c21055e052001fe01fe01fe01fe01fe01fe01fe01fe01fe01fe052001fe01fe01fe01fe01fe01fe01fe01fe01fe01fe055e0520759475942024317b9d3f0520b1ddc006839a857883932074749d137d96a305	「つきのうつくしい よるですじゃ…<05><5E><05> こんなばんには フィリスさまも サファイアも<05> よりいっそう うつくしくかがやくってもんですじゃ!<05><5E><05> …………………………<05> …………………………<05><5E><05> おやおや $1さん?<05> アンタがてれなくても ええんですよ」<05>
0E5E	23214c3705a22431869d076e7320769c9d765b05202431869d076e7320769c9d765ba305	#!<4C>7<05>「$1にんぎょう かわんか<5B><05> $1にんぎょう かわんか<5B>」<05>
0E60	a20697788020769c9d765b05200697788020769c9d765ba305	「がらくた かわんか<5B><05> がらくた かわんか<5B>」<05>
0E62	23214c3705a29c9972d4c2979320946f8279807c05207a737c8320719d809793201c0c8676746f837a9a809d0c6c055e0520bbcca7b2b1890a760a13207a9a7697930520b1bdc4ced9d18a20719d80720c6c85a305	#!<4C>7<05>「わるいヤツらも やっつけたし<05> こうして あんたらも ぶじにかえってこれたんじゃ<05><5E><05> サファイアのごかごで これからも<05> アストホルムは あんたいじゃな」<05>
0E64	234c3505a2cca8d8bd010201048a20c3a8b1d7668279830520b1bdc4ced9d1897c719c7e662072896f83789a99890c6c055e0520b1bdc4ced9d176970520bbcca7b2b1898b7698062080748776079805207a8901108a20719d80720c6c96a305	#<4C>5<05>「フィリス司祭は ティアラをつけて<05> アストホルムのしあわせを いのってくれるのじゃ<05><5E><05> アストホルムから<05> サファイアのひかりが たえぬかぎり<05> この町は あんたいじゃよ」<05>
0E66	a2bbcca7b2b1890a760a13207a9a7697930520b1bdc4ced9d18a20719d80720c6c85a305	「サファイアのごかごで これからも<05> アストホルムは あんたいじゃな」<05>
0E68	23214c3705a29c71722024310676746f83778005202431062076746f83778096a305	#!<4C>7<05>「わあい $1がかえってきた<05> $1が かえってきたよ」<05>
0E6A	a21e78209373207b9c0782769a816c6f809621a305	「ぼく もう さわぎつかれちゃったよ!」<05>
0E6C	23214c3705a2b1af202431017a017c20728f8a20b5cc137d763f055e05207294675b20016c01dc8620850672801b106f8076970520946f15987d7a7c20d8d7afb8bd7c85728488055e0520feb89320776d73768806726601147c830520956f7898015c9373768420019a6f83999d137d96a305	#!<4C>7<05>「アッ $1隊長 いまは オフですか?<05><5E><05> いやぁ<5B> 本当に ながいたびだったから<05> やっぱりすこし リラックスしないとね<05><5E><05> ボクも きゅうかねがいを出して<05> ゆっくり休もうかと 思ってるんですよ」<05>
0E6E	a2b1af202431017a017c20728f8a20b5cc137d763f055e05207294675b2096766f80137d886a0520077c77890c769d06b5cc13055e0520feb89320816e7314b5cc137c83886a052072946720077c770601369a8320016c01dc8696766f80a305	「アッ $1隊長 いまは オフですか?<05><5E><05> いやぁ<5B> よかったですねぇ<05> ぎしきのじかんがオフで<05><5E><05> ボクも ちょうどオフでしてねぇ<05> いやぁ ぎしきが見れて 本当によかった」<05>
0E70	23214c3705a2017a017c01fe207a73946f830520011089011c6679721b7c8372998420728f8f138901660605208f991320959289967386759374998e14208d729c137d055e0520016c01dc86208d729c850110137d9620b1bdc4ced9d18aa305	#!<4C>7<05>「隊長… こうやって<05> 町の中をけいびしていると いままでの事が<05> まるで ゆめのようにおもえるほど へいわです<05><5E><05> 本当に へいわな町ですよ アストホルムは」<05>
0E72	a2017a017c2120776e738a209c807c060520011089011c662079721b7c83729989137d060520847886207a9a84726f8001668a71988f7e9d05208d729c850110137d9620b1bdc4ced9d18aa305	「隊長! きょうは わたしが<05> 町の中を けいびしているのですが<05> とくに これといった事はありません<05> へいわな町ですよ アストホルムは」<05>
0E74	23214c3705a2bbcca7b2b1010498859d83207810979d207810979d0520ceddc4b086207810979d21055e052013932024310520b1ddc08901668a207d7a7c9085757c8096a305	#!<4C>7<05>「サファイア祭りなんて くだらん くだらん<05> ホントーに くだらん!<05><5E><05> でも $1<05> アンタの事は すこしみなおしたよ」<05>
0E76	a2bbcca7b2b1010498859d83207810979d207810979d0520ceddc4b086207810979d21055e0520011c868a207a737273769c98d3c90672806f8305207272109b3fa305	「サファイア祭りなんて くだらん くだらん<05> ホントーに くだらん!<05><5E><05> 中には こういうかわりモノがいたって<05> いいだろ?」<05>
0E78	23214c3705a2776e889d9320feb88081052072811a9d8f741320077c7766200136809d137d791405207a847c89077c778a20729b729b716f8071841076970520847886209089067e8572137d8821a305	#!<4C>7<05>「きょねんも ボクたち<05> いちばんまえで ぎしきを 見たんですけど<05> ことしのぎしきは いろいろあったあとだから<05> とくに みのがせないですね!」<05>
0E7A	234c3505a2feb880818a207a73946f832072811a9d077c7706052090947d721a7c6e6620776e7389717b76970520846f8372999d137d96a305	#<4C>5<05>「ボクたちは こうやって いちばんぎしきが<05> みやすいばしょを きょうのあさから<05> とっているんですよ」<05>
0E7C	a2cca8d8bd7b8f20779a72106f8085670520feb880812071808f060520196b5b6f847c816c728f7c8096a305	「フィリスさま きれいだったなぁ<05> ボクたち あたまが<05> ぽぉ<5B>っとしちゃいましたよ」<05>
0E7E	23214c3705a224317b9d8975760913207d6f7698fab9d3c980819305207609668b7f928f7c80055e052014730f20719d7c9d7c830520bbcca7b2b10104986680897c9d13778378107b72a305	#!<4C>7<05>「$1さんのおかげで すっかりバケモノたちも<05> かげをひそめました<05><5E><05> どうぞ あんしんして<05> サファイア祭りをたのしんできてください」<05>
0E80	a27a819789939d8979721b8a201a9d0e9d137d052014730f20719d7c9d7c830520bbcca7b2b1010498662080897c9d1301207b72a305	「こちらのもんのけいびは ばんぜんです<05> どうぞ あんしんして<05> サファイア祭りを たのしんで下さい」<05>
0E82	23214c3705a22431212096766f8020077c77898f748605208b849213930156748301fe0520859d107620779d816e737c816c6f838089055e05207a9a1320719d7c9d7c830520077c770613777f73109c21055e05208801fe20718413052001fc898b9b1a89200148890120138f6f838321a3052a32313105	#!<4C>7<05>「$1! よかった ぎしきのまえに<05> ひとめでも会えて…<05> なんだか きんちょうしちゃってたの<05><5E><05> これで あんしんして<05> ぎしきができそうだわ!<05><5E><05> ね… あとで<05> 北のひろばの 木の下でまってて!」<05>*211<05>
0E84	a22431212096766f8020077c77898f748605208b849213930156748301fe0520859d107620779d816e737c816c6f838089055e05207a9a1320719d7c9d7c830520077c770613777f73109c21055e05208801fe20077c7706759c6f8097052001fc898b9b1a89200148890120138f6f8383210520077c7706759c6f8097207d08867278769701fea3052a32313105	「$1! よかった ぎしきのまえに<05> ひとめでも会えて…<05> なんだか きんちょうしちゃってたの<05><5E><05> これで あんしんして<05> ぎしきができそうだわ!<05><5E><05> ね… ぎしきがおわったら<05> 北のひろばの 木の下でまってて!<05> ぎしきがおわったら すぐにいくから…」<05>*211<05>
0E86	a294942024317b9d20908f9c980a789b737b8f0520bbcca7b2b10104988a20767e071477859d130520727f067c786f8320739a7c728b92726f839482137d96a305	「やや $1さん みまわりごくろうさま<05> サファイア祭りは かせぎどきなんで<05> いそがしくって うれしいひめいってやつですよ」<05>
0E88	23214c3705a2243101fe2096780fcca8d8bd01020104660520807d79107c83789a8005207a737c83207a847c93bbcca7b2b1010498060520757a857499898a20758f74897576090c6c01fe055e05207a847c89bbcca7b2b10104988a05207a89847c9698868a05208586969820759372131c76720104988685990c6c9b73a305	#!<4C>7<05>「$1… よくぞフィリス司祭を<05> たすけだしてくれた<05> こうして ことしもサファイア祭りが<05> おこなえるのは おまえのおかげじゃ…<05><5E><05> ことしのサファイア祭りは<05> このとしよりには<05> なにより おもいでぶかい祭りになるじゃろう」<05>
0E8A	a275752024317601fe055e0520847c6684998420109d109d05208b840a908613998906756f787386856f8389055e05209c7c8a207a7a769720b1bdc4ced9d1898d729c6605207289997a84867c9673a305	「おお $1か…<05><5E><05> としをとると だんだん<05> ひとごみにでるのがおっくうになっての<05><5E><05> わしは ここから アストホルムのへいわを<05> いのることにしよう」<05>
0E8C	23214c3705a29cb0722024317b9d0520feb89d81867783789a809d1088055e0520997d1a9d7c83832096766f8021a305	#!<4C>7<05>「わーい $1さん<05> ボクんちにきてくれたんだね<05><5E><05> るすばんしてて よかった!」<05>
0E8E	a2997d1a9d859d832072941021055e052024317b9d0620859d836f806f832077768572960520bbcca7b2b189750104980620013680729d10b072a305	「るすばんなんて いやだ!<05><5E><05> $1さんが なんてったって きかないよ<05> サファイアのお祭りが 見たいんだーい」<05>
0E90	052059bbcca7b2b189c3a8b1d706052020cca8d8bd89200d0c6e738620896f805a0505	<05> <59>サファイアのティアラが<05>  フィリスの ずじょうに のった<5A><05><05>
0E92	a27a89b1bdc4ced9d186207472749d860520bbcca7b2b1890a760a062071988f7d967386055e0520b1bdc4ced9d18990857b9d86207282930520bbcca7b2b189200a760a062071988f7d967386a305	「このアストホルムに えいえんに<05> サファイアのごかごが ありますように<05><5E><05> アストホルムのみなさんに いつも<05> サファイアの ごかごが ありますように」<05>
0E94	a20a929d857b7221208f6f803f05209c807c20077c7789766f7a73898f8f132077816c6f800520106f832024318601367e80766f809d10938901fe055e05208e97207d8377137c6e3fa305	「ごめんなさい! まった?<05> わたし ぎしきのかっこうのままで きちゃった<05> だって $1に見せたかったんだもの…<05><5E><05> ほら すてきでしょ?」<05>
0E96	a2886a20243101fe05207a1493897a9b208c8098130520bbcca7b2b1010498660136808920751e7483993fa305253105	「ねぇ $1…<05> こどものころ ふたりで<05> サファイア祭りを見たの おぼえてる?」<05>%1<05>
0E98	a2738c8c01fe2071897a9b76972024318a05200e9d0e9d20769c6f8385729673850106067d999c01fe055e05208a9472938988209c807c8081932031387b7201fe05209c807c932076717b9d89207184668272130520bbcca7b2b1890102010486827801828620856f816c6f8001fe055e052001fe01fe01fe01fe01fe01fe01fe01fe01fe01fe0520887420243105207b6f778f138920010498897b9c0706737f908072052001fe01fe01fe01fe01fe01fe7c0d7688a305	「うふふ… あのころから $1は<05> ぜんぜん かわってないような気がするわ…<05><5E><05> はやいものね わたしたちも 18さい…<05> わたしも かあさんの あとをついで<05> サファイアの司祭につく年に なっちゃった…<05><5E><05> …………………………<05> ねえ $1<05> さっきまでの 祭りのさわぎがうそみたい<05> ………………しずかね」<05>
0E9A	a293732024316f809705209c807c8a20728f139320751e74837299899601fe055e05208a9472938988209c807c8081932031387b7201fe05209c807c932076717b9d89207184668272130520bbcca7b2b1890102010486827801828620856f816c6f8001fe055e052001fe01fe01fe01fe01fe01fe01fe01fe01fe01fe0520887420243105207b6f778f138920010498897b9c0706737f908072052001fe01fe01fe01fe01fe01fe7c0d7688a305	「もう $1ったら<05> わたしは いまでも おぼえているのよ…<05><5E><05> はやいものね わたしたちも 18さい…<05> わたしも かあさんの あとをついで<05> サファイアの司祭につく年に なっちゃった…<05><5E><05> …………………………<05> ねえ $1<05> さっきまでの 祭りのさわぎがうそみたい<05> ………………しずかね」<05>
0E9C	a2b7acb1212024316f21a305	「キャア! $1っ!」<05>
0E9E	a29c0601248a20e9d9a5f4a5dab20520b4eed9b7b4d97b8f892092728696980520bbcca7b2b189010201048a20728010728372780fa305	「わが名は ゲル・ド・レイ<05> エゼルキエルさまの めいにより<05> サファイアの司祭は いただいていくぞ」<05>
0EA0	a27580897c9089847a9b05200c6c8f7c8085207a89b2dbb5c4ba21a305	「おたのしみのところ<05> じゃましたな このイロオトコ!」<05>
0EA2	a2b7acb1212024316f21a305	「キャア! $1っ!」<05>
0EA4	2059cca8d8bd89208279837280052020bbcca7b2b18920c3a8b1d710790620897a6f8001fe055e0520208277717698862083977b9a8020bbcca7b2b18a052020726f7c6d9d2077979272809673860136748001fe5a05	 <59>フィリスの つけていた<05>  サファイアの ティアラだけが のこった…<05><5E><05>  つきあかりに てらされた サファイアは<05>  いっしゅん きらめいたように見えた…<5A><05>
0EA6	a2b4daddaf21209176748677800f6f21a305	「エレンッ! むかえにきたぞっ!」<05>
0EA8	a2717120dbd7ddaf21207783789a808988a305	「ああ ロランッ! きてくれたのね」<05>
0EAA	a2b5d9dbcc7b8f01fe01fe05209c807c89809286207a9d852077799d85928601fea305	「オルロフさま……<05> わたしのために こんな きけんなめに…」<05>
0EAC	a27294729420c3a8cca701fe0520758f74061c0c132085869698137d01fea305	「いやいや ティファ…<05> おまえがぶじで なによりです…」<05>
0EAE	a2d8f3a8b121207a9d85847a9b8f130520807d79867783789a80898801fea305	「リディア! こんなところまで<05> たすけにきてくれたのね…」<05>
0EB0	a2738c8c8c207180988f740c6c857205209c807c80818a207c9d95730c6c85728921a305	「うふふふ あたりまえじゃない<05> わたしたちは しんゆうじゃないの!」<05>
0EB2	a2816a6f2072726f7d886a20dbd7dd89b1c6b70520719d85862072816c72816c7c816c6f83a305	「ちぇっ いいっすねぇ ロランのアニキ<05> あんなに いちゃいちゃしちゃって」<05>
0EB4	a21a7693892120dcdadcda8a207e7672667d7873847273052075757c0a846620857c84098089100f6f210520936f847d85758620969b7a1a9d766f21055e05201072728120758f74868a05208e9a80917d9206207599138a857276a305	「ばかもの! ワレワレは せかいをすくうという<05> おおしごとを なしとげたのだぞっ!<05> もっとすなおに よろこばんかっ!<05><5E><05> だいいち おまえには<05> ほれたむすめが おるではないか」<05>
0EB6	a2716f207f73100520011278baeeafc4816c9d862001567280729675a305	「あっ そうだ<05> 早くコゼットちゃんに 会いたいよお」<05>
0EB8	a2711c8572847a9b6620807d79837280107705208e9d8473862071980684730a0b728f7d05207185800680897576091305207e76728a7d789c9a8f7c80a305	「あぶないところを たすけていただき<05> ほんとうに ありがとうございます<05> あなたがたのおかげで<05> せかいはすくわれました」<05>
0EBA	a2dcbc8a208010207a94829720900c6d78938989052083107d79667c83946f808f130c6c05209a728597208e9a0520717f7a1320feb0af847c8399d4c28620726f83946f83789a055e0542313320310520b5b2af2024316fa305	「ワシは ただ こやつら みじゅくものの<05> てだすけをしてやったまでじゃ<05> れいなら ほれ<05> あそこで ボーッとしてるヤツに いってやってくれ<05><5E><05><42>13 1<05> オイッ $1っ」<05>
0EBC	a201fe01fe01fe01fe01fe01fe01fe01fe052001fe01fe01fe01fe01fe01fe01fe01fe01fe01fe0520243101fe01fe01fe055e0520748401fe20718901fe209c807c01fe0520859d83726f809772727601fe01fe052001fe01fe01fe01fe01fe01fe01fe01fe01fe01fea305	「……………………<05> …………………………<05> $1………<05><5E><05> えと… あの… わたし…<05> なんていったらいいか……<05> …………………………」<05>
0EBE	a2916f2072769d20019006780d9a990f2105200e9d729d2080728b7d990f21a305	「むっ いかん 塔がくずれるぞ!<05> ぜんいん たいひするぞ!」<05>
0EC0	a2243101fe05208f1020807d798393976f8020759a72660520726f8385766f809c8801fe01fe055e0520719806847305207185808a209c807c8972898166208f936f83789a809c055e05209373208a859a1a859a868a208598807885728905200d736f8420726f7c6e8672838801fe0520243101fe01fe055e052071a55e2072a55e207c01fe05	「$1…<05> まだ たすけてもらった おれいを<05> いってなかったわね……<05><5E><05> ありがとう<05> あなたは わたしのいのちを まもってくれたわ<05><5E><05> もう はなればなれには なりたくないの<05> ずうっと いっしょにいてね…<05> $1……<05><5E><05> あ・<5E> い・<5E> し…<05>
0EC2	a28a72208a7220758c809886052075729c7289208a85801a06208414728375988f7d96a305	「はい はい おふたりに<05> おいわいの はなたばが とどいておりますよ」<05>
0EC4	a271986c055e052071986c986c986c2071975b055e0520750c6c8f7c816c6f80767c9701fe01fea305	「ありゃ<05><5E><05> ありゃりゃりゃ あら<5B><05><5E><05> おじゃましちゃったかしら……」<05>
0EC6	a2718976800520147a761301367679800166062085766f80767c973f05208d9d858b848801fe055e0520738c8c201393859d1076208678928572769d0c88055e05207279857205209373207a9d850c769d109c01fe01fe0520077c7706208a0c8f6f816c73052001a601568620727685786f816c01fe01fea305	「あのかた<05> どこかで見かけた事が なかったかしら?<05> へんなひとね…<05><5E><05> うふふ でもなんだか にくめないかんじね<05><5E><05> いけない<05> もう こんなじかんだわ……<05> ぎしきが はじまっちゃう<05> 数会に いかなくっちゃ……」<05>
0EC8	a2716f20243101fe055e052083a59921a305	「あっ $1…<05><5E><05> て・る!」<05>
0ECA	a2748d6f01fe207b6f778982127721a305	「えへっ… さっきのつづき!」<05>
0ECC	a27e9d7e7220750104981076976f8305207f9d858620899d0c6c1092137d96a305	「せんせい お祭りだからって<05> そんなに のんじゃだめですよ」<05>
0ECE	a28e9d0c828a01fe01fe67055e0520cbafb801fe01fe6968055e0520776d737c9d137d01fe01fe67055e0520f7cab0a305	「ほんじつは……ぁ<05><5E><05> ヒック……ぅぃ<05><5E><05> きゅうしんです……ぁ<05><5E><05> プハー」<05>
0ED0	a201fe01febaeeafc4816c67679da305	「……コゼットちゃぁぁん」<05>
0ED2	a23fa305	「?」<05>
0ED4	a2012a01d2667b067c83998976723f05207f9a84932085867673988677808976723fa305253305207672867780052073988677800520859d1393857205	「武器をさがしてるのかい?<05> それとも なにかうりにきたのかい?」<05>%3<05> かいにきた<05> うりにきた<05> なんでもない<05>
0ED6	2b3305	+3<05>
0ED8	2b313005	+10<05>
0EDA	a2859d10208010898b94767c76723f05208f71208f80778375789a96a305	「なんだ ただのひやかしかい?<05> まあ またきておくれよ」<05>
0EDC	a2149a762001068601266f80898a719976723fa3052b3105	「どれか 気に入ったのはあるかい?」<05>+1<05>
0EDE	2a2e3138310523393005a28f8020778375789a96a305	*.181<05>#90<05>「また きておくれよ」<05>
0EE0	a27f9a8a208f7b7c78202432052024304713200e8b20766f837277857b72052014737d99883fa305253105	「それは まさしく $2<05> $0<47>で ぜひ かっていきなさい<05> どうするね?」<05>%1<05>
0EE2	2b3205	+2<05>
0EE4	a27f9a85977c6e730685720601fe01fe05208e7686208e7c7201708a857276723fa3052d3305	「それならしょうがないが……<05> ほかに ほしい物はないかい?」<05>-3<05>
0EE6	23393105a20b9d889d850697207501540601ac98857288055e05208e76868e7c7201708a857276723fa3052d3405	#91<05>「ざんねんながら お金が足りないね<05><5E><05> ほかにほしい物はないかい?」<05>-4<05>
0EE8	23393205a27a9a720c6e73200170669383857296731088a305	#92<05>「これいじょう 物をもてないようだね」<05>
0EEA	2a2e313832054931333905a28f72142071980684730a0b7205208e7686932085867620766f837876723fa3052d3605	*.182<05><49>139<05>「まいど ありがとうござい<05> ほかにも なにか かってくかい?」<05>-6<05>
0EEC	a28f72142071980684730a0b720520149a66736f83789a999d10723fa3052b3105	「まいど ありがとうござい<05> どれをうってくれるんだい?」<05>+1<05>
0EEE	2a2e3138330523393005a28f80778375789a96a305	*.183<05>#90<05>「またきておくれよ」<05>
0EF0	23393105a273b09d01fe05207a9a868a2088109d66208279979a85729605207672849a8572886a055e05208e76867398807201708a857276723fa3052d3105	#91<05>「うーん…<05> これには ねだんを つけられないよ<05> かいとれないねぇ<05><5E><05> ほかにうりたい物はないかい?」<05>-1<05>
0EF2	a224326620736f83789a998976723f05207a9a8597202430471376728499060520147310723fa305253105	「$2を うってくれるのかい?<05> これなら $0<47>でかいとるが<05> どうだい?」<05>%1<05>
0EF4	2a2e313834054931333905a28f72142071980684730a0b7205207f9a0c6c20807c768601fe05208e76867398807201708a857276723fa3052d3305	*.184<05><49>139<05>「まいど ありがとうござい<05> それじゃ たしかに…<05> ほかにうりたい物はないかい?」<05>-3<05>
0EF6	a27f9a85977c6e730685720601fe01fe05208e76867398807201708a857276723fa3052d3405	「それならしょうがないが……<05> ほかにうりたい物はないかい?」<05>-4<05>
0EF8	a27b672073818901c601508a01b6012001e201d00520847a849d2074979d139397757376210520767286778089763f20739886778089763f05207b67b020146f811021a305253305207672867780052073988677800520859d1393857205	「さぁ うちの防具は天下一品<05> とことん えらんでもらおうか!<05> かいにきたのか? うりにきたのか?<05> さぁー どっちだ!」<05>%3<05> かいにきた<05> うりにきた<05> なんでもない<05>
0EFA	2b3305	+3<05>
0EFC	2b313005	+10<05>
0EFE	a2728f208a949889b3b2ddf4b3bcaeaff6dde876723f05208f67013699898ac0f01020956f78987c837785a305	「いま はやりのウインドウショッピングかい?<05> まぁ見るのはタダだ ゆっくりしてきな」<05>
0F00	a2956f789874979d13789a94a3052b3105	「ゆっくりえらんでくれや」<05>+1<05>
0F02	2a2e3138310523393005a28f80207a729621a305	*.181<05>#90<05>「また こいよ!」<05>
0F04	a224322010853f05207f9a0c6c243047868f798476a705207673109b3fa305253105	「$2 だな?<05> それじゃ$0<47>にまけとかァ<05> かうだろ?」<05>%1<05>
0F06	2b3205	+2<05>
0F08	a27f9a85977c6e730685720601fe01fe05208e768693208e7c720170067199109b3fa3052d3305	「それならしょうがないが……<05> ほかにも ほしい物があるだろ?」<05>-3<05>
0F0A	23393105a2b6b0af212001540601ac9888aa940520faafc1d820767e7213208f80207a729621055e05208e768693208e7c720170067199109b3fa3052d3405	#91<05>「カーッ! 金が足りねェや<05> バッチリ かせいで また こいよ!<05><5E><05> ほかにも ほしい物があるだろ?」<05>-4<05>
0F0C	23393205a27a9a720c6e7320017066938388aa8520b1ddc021a305	#92<05>「これいじょう 物をもてねェな アンタ!」<05>
0F0E	2a2e313832054931333905a27573207198068473962105208e76869385867620766f8378109b3fa3052d3605	*.182<05><49>139<05>「おう ありがとうよ!<05> ほかにもなにか かってくだろ?」<05>-6<05>
0F10	a2757320719806847396210520149a66736f83789a999d10723fa3052b3105	「おう ありがとうよ!<05> どれをうってくれるんだい?」<05>+1<05>
0F12	2a2e3138330523393005a28f80207a729621a305	*.183<05>#90<05>「また こいよ!」<05>
0F14	23393105a27a9a766705207a9a868a2088109d8a208279979a88aa960520767284999c79868a20727688aa85055e05208e7689739880720170662074979d13789a96a3052d3105	#91<05>「これかぁ<05> これには ねだんは つけられねェよ<05> かいとるわけには いかねェな<05><5E><05> ほかのうりたい物を えらんでくれよ」<05>-1<05>
0F16	a224322120966f7c6c21207f9d6605207c6e738113202430471376728499060520147310723fa305253105	「$2! よっしゃ! そんを<05> しょうちで $0<47>でかいとるが<05> どうだい?」<05>%1<05>
0F18	2a2e313834054931333905a275732071980684739605207f9d0c6c20807c768601fe05208e76869320739880720170067199109b3fa3052d3305	*.184<05><49>139<05>「おう ありがとうよ<05> そんじゃ たしかに…<05> ほかにも うりたい物があるだろ?」<05>-3<05>
0F1A	a27f9a85977c6e730685720601fe01fe05208e76869320739880720170067199109b3fa3052d3405	「それならしょうがないが……<05> ほかにも うりたい物があるだろ?」<05>-4<05>
0F1C	a272976f7c6c5b72052001e00150662076728677808976723f05207f9a84932085867673988677808976723fa305253305207672867780052073988677800520859d1393857205	「いらっしゃ<5B>い<05> 道具を かいにきたのかい?<05> それとも なにかうりにきたのかい?」<05>%3<05> かいにきた<05> うりにきた<05> なんでもない<05>
0F1E	2b3305	+3<05>
0F20	2b313005	+10<05>
0F22	a2b1d701fe01fe7f01fe01fea305	「アラ……そ……」<05>
0F24	a2956f789874979d13207277857b7285a3052b3105	「ゆっくりえらんで いきなさいな」<05>+1<05>
0F26	2a2e3138310523393005a28f8020778301207b7288a305	*.181<05>#90<05>「また きて下さいね」<05>
0F28	a2243220137d7605207f9a0c6c2430478685988f7d85670520769c9a8f7d763fa305253105	「$2 ですか<05> それじゃ$0<47>になりますなぁ<05> かわれますか?」<05>%1<05>
0F2A	2b3205	+2<05>
0F2C	a27f9a85977c6e73068572856701fe01fe05208e7686208e7c7201708a71988f7d763fa3052d3305	「それならしょうがないなぁ……<05> ほかに ほしい物はありますか?」<05>-3<05>
0F2E	23393105a2b5db207501540601ac988572856705200b72c3b87c8376978f80778301207b7296055e05208e7686208e7c7201708a71988f7d763fa3052d3405	#91<05>「オロ お金が足りないなぁ<05> ざいテクしてからまたきて下さいよ<05><5E><05> ほかに ほしい物はありますか?」<05>-4<05>
0F30	23393205a27a9a720c6e732001706693838f7e9d8567a305	#92<05>「これいじょう 物をもてませんなぁ」<05>
0F32	2a2e313832054931333905a271980684730a0b728f7d05208e7686932085867671988f7e9d763fa3052d3605	*.182<05><49>139<05>「ありがとうございます<05> ほかにも なにかありませんか?」<05>-6<05>
0F34	a271980684730a0b728f7d0520149a66736f8301207b993fa3052b3105	「ありがとうございます<05> どれをうって下さる?」<05>+1<05>
0F36	2a2e3138330523393005a28f8020778301207b7288a305	*.183<05>#90<05>「また きて下さいね」<05>
0F38	23393105a22432137d7601fe01fe05207a9a8a207b0f767c2010720c85938905208b7784999c79868a208f72988f7e9d05200a769d1d9d66055e05208e76867398807201708a71988f7e9d763fa3052d3105	#91<05>「$2ですか……<05> これは さぞかし だいじなもの<05> ひきとるわけには まいりません<05> ごかんべんを<05><5E><05> ほかにうりたい物はありませんか?」<05>-1<05>
0F3A	a224326620736f8301207b9989137d763f05207a9a85972024304713767284988f7d05201473137d3fa305253105	「$2を うって下さるのですか?<05> これなら $0<47>でかいとります<05> どうです?」<05>%1<05>
0F3C	2a2e313834054931333905a271980684730a0b728f7d05207f9a0c6c20807c768601fe05208e76867398807201708a71988f7e9d763fa3052d3305	*.184<05><49>139<05>「ありがとうございます<05> それじゃ たしかに…<05> ほかにうりたい物はありませんか?」<05>-3<05>
0F3E	a27f9a85977c6e730671988f7e9d886a01fe01fe05208e7686207398807201708a71988f7e9d763fa3052d3405	「それならしょうがありませんねぇ……<05> ほかに うりたい物はありませんか?」<05>-4<05>
0F40	a27a9a8a207a9a8a2001dc9414948d96737a7f0520859d890a9673137c6e733fa30525330520848f990520779b78667d990520859d1393857205	「これは これは 当やどやへようこそ<05> なんのごようでしょう?」<05>%3<05> とまる<05> きろくをする<05> なんでもない<05>
0F42	2b3305	+3<05>
0F44	2b313005	+10<05>
0F46	a29673938572898620941494867899859d830520b5c0b89320cbcf85013a1088aaa305	「ようもないのに やどやにくるなんて<05> オタクも ヒマな人だねェ」<05>
0F48	2a2e313938052a2e31333705233930052b3205	*.198<05>*.137<05>#90<05>+2<05>
0F4A	a282730c6e73137d84208b841a9d243047137d060520b4c6afb8bdb8d7fc89207672729d7b8f137d8913052a2e31333805209c981b77892024304786207b7e83728010778f7d052075848f988685988f7d763fa3052b3205	「つうじょうですと ひとばん$0<47>ですが<05> エニックスクラブの かいいんさまですので<05>*.138<05> わりびきの $0<47>に させていただきます<05> おとまりになりますか?」<05>+2<05>
0F4C	a28b841a9d243047137d0620969b7c72137d763fa3052b3105	「ひとばん$0<47>ですが よろしいですか?」<05>+1<05>
0F4E	253105	%1<05>
0F50	2b3205	+2<05>
0F52	a2015c79728a20946f8385729d137d0601fe01fe05208f80890a98967366a305	「休けいは やってないんですが……<05> またのごりようを」<05>
0F54	3e0523393005a27501540685729673137d85670520cacaca01fe76746f8076746f80a305	><05>#90<05>「お金がないようですなぁ<05> ハハハ…かえったかえった」<05>
0F56	2a2e313836054931333905a27f9a0c6c207a89209414816e7386bbb2dd6601fe05208d6a8d6a207272758d94137d96200a956f7898a3052a333905	*.186<05><49>139<05>「それじゃ この やどちょうにサインを…<05> へぇへぇ いいおへやですよ ごゆっくり」<05>*39<05>
0F58	a27b837b83207f9a138a05207a7a8f1389801b6620779b787b7e83728010778f7d96055e0520969b7c72137d76853fa305253105	「さてさて それでは<05> ここまでのたびを きろくさせていただきますよ<05><5E><05> よろしいですかな?」<05>%1<05>
0F5A	2a2e31383705a27c6f76988420779b787c8375778f7c80769788a3055e052059e9b0d16620011c01b07d9984778a052020d8beafc4fec0dd6620757c850697052020139d099d66776f8378107b72052020fec0dd6620757d8420e9b0d166821279979a8f7d5a05	*.187<05>「しっかりと きろくしておきましたからね」<05><5E><05> <59>ゲームを 中断するときは<05>  リセットボタンを おしながら<05>  でんげんをきってください<05>  ボタンを おすと ゲームをつづけられます<5A><05>
0F5C	a28e7686208586760a967313933fa305	「ほかに なにかごようでも?」<05>
0F5E	a20a9896732071980684730a0b728f7c800520726f83976f7c6c728f7ea305	「ごりよう ありがとうございました<05> いってらっしゃいませ」<05>
0F60	a27a7a8a1b6e73729d01fe0520937c20b1c5c006770d82728084770520b1c5c08a7a7a862001f60198890a760a130520829a93147b9a055e05207f7c832081986e736673798305208f80201e73799d668a0c9299137c6e7301fea305	「ここはびょういん…<05> もし アナタがきずついたとき<05> アナタはここに 宝石のごかごで<05> つれもどされ<05><5E><05> そして ちりょうをうけて<05> また ぼうけんをはじめるでしょう…」<05>
0F62	a275942024317b9d05209810827c6c89208c6f77137d76055e052014858066208c6f777b7e8f7d76853fa3052b3105	「おや $1さん<05> りだつしゃの ふっきですか<05><5E><05> どなたを ふっきさせますかな?」<05>+1<05>
0F64	2a2e3138350523393005a27f73137d7605207f9a138a2014730f207510720c86a305	*.185<05>#90<05>「そうですか<05> それでは どうぞ おだいじに」<05>
0F66	2a2e3139300523393005a224317b9d2121200c6e73109d8a7a8f988f7d8571052024327b9d8a2080807674990c6c8572137d7621210520727276099d867c8301207b729621a305	*.190<05>#90<05>「$1さん!! じょうだんはこまりますなあ<05> $2さんは たたかえるじゃないですか!!<05> いいかげんにして下さいよ!」<05>
0F68	2a2e31393905a224327b9d66208c6f777b7e9989868a05202430477676988f7d0620768f728f7e9d853fa305253105	*.199<05>「$2さんを ふっきさせるのには<05> $0<47>かかりますが かまいませんな?」<05>%1<05>
0F6A	2b3205	+2<05>
0F6C	a27f73137d7601fe01fe207510720c8601fe01fea305	「そうですか…… おだいじに……」<05>
0F6E	3e0523393005a2147394977501540601ac9885729673137d85a70520dcc0bc9320fed7ddc3a8b1138a85728913052075015406808f6f8097208f8072976f7c6c72a305	><05>#90<05>「どうやらお金が足りないようですなァ<05> ワタシも ボランティアではないので<05> お金がたまったら またいらっしゃい」<05>
0F70	2a2e313932054931333905a29c76988f7c8020b1c5c006207a890110660114997a9b868a052024327b9d66208c6f777b7e8301367e8f7c6e73a3052f05a28e768976808a2010720c6e731c137d76a3052d3605	*.192<05><49>139<05>「わかりました アナタが この町を出るころには<05> $2さんを ふっきさせて見せましょう」<05>/<05>「ほかのかたは だいじょうぶですか」<05>-6<05>
0F72	a271712024317b9d01fe052093737d6f76982072729673137d857105207a9a85978072729d7c83728010728320796f7a73137d05207d08861393200116711a9a13778f7d96055e05207f737f732081986e738b847c830520243047728010778f7c80769701fe052014730f207510720c86a3052f05	「ああ $1さん…<05> もうすっかり いいようですなあ<05> これならたいいんしていただいて けっこうです<05> すぐにでも 大あばれできますよ<05><5E><05> そうそう ちりょうひとして<05> $0<47>いただきましたから…<05> どうぞ おだいじに」<05>/<05>
0F74	a271712024317b9d01fe052093737d6f76982072729673137d857105207a9a85978072729d7c83728010728320796f7a73137d05207d08861393200116711a9a13778f7d96055e05207f737f732081986e738b8a052024304720859d137d0605209381719c7e83207285766f80967385891305200e9d06782072801072832075778f7c80055e052014730f207510720c86a3052f05	「ああ $1さん…<05> もうすっかり いいようですなあ<05> これならたいいんしていただいて けっこうです<05> すぐにでも 大あばれできますよ<05><5E><05> そうそう ちりょうひは<05> $0<47> なんですが<05> もちあわせて いなかったようなので<05> ぜんがく いただいて おきました<05><5E><05> どうぞ おだいじに」<05>/<05>
0F76	a271712024317b9d01fe052093737d6f76982072729673137d857105207a9a85978072729d7c83728010728320796f7a73137d05207d08861393200116711a9a13778f7d96055e05207f737f732081986e738b8a052024304720859d137d0605209381719c7e83207285766f809673858913055e05200e9d067884207672729d7c6e7366052072801072832075778f7c80055e052014730f207510720c86a3052f05	「ああ $1さん…<05> もうすっかり いいようですなあ<05> これならたいいんしていただいて けっこうです<05> すぐにでも 大あばれできますよ<05><5E><05> そうそう ちりょうひは<05> $0<47> なんですが<05> もちあわせて いなかったようなので<05><5E><05> ぜんがくと かいいんしょうを<05> いただいて おきました<05><5E><05> どうぞ おだいじに」<05>/<05>
0F78	a1b2d7afbcacb2cfbe0520c5c6a620b5b6b2b1e920b8f0bbb2cfbdb6a4052b3105	『イラッシャイマセ<05> ナニヲ オカイアゲ クダサイマスカ』<05>+1<05>
0F7A	2a2e3138310523393005a1cfc0c920ead8d6b3a6a405	*.181<05>#90<05>『マタノ ゴリヨウヲ』<05>
0F7C	a12432ca20243047f3bd0520b5d3c4d2c6c5d8cfbdb63fa40525320520cab20520b2b2b405	『$2ハ $0<47>デス<05> オモトメニナリマスカ?』<05>%2<05> ハイ<05> イイエ<05>
0F7E	2b3205	+2<05>
0F80	a1ceb6c6ca20eaebb2cfbeddb6a4052d3305	『ホカニハ ゴザイマセンカ』<05>-3<05>
0F82	23393105a1b5b6c8e620c0d8cfbedda405	#91<05>『オカネガ タリマセン』<05>
0F84	23393205a1badab2ecaeb320d3c9a620d3c3cfbedda405	#92<05>『コレイジョウ モノヲ モテマセン』<05>
0F86	49313838052a2e31383205a1b1d8e6c4b320eaebb2cfbcc0a40549313837052d3605	<49>188<05>*.182<05>『アリガトウ ゴザイマシタ』<05><49>187<05>-6<05>
0F88	a1badaca20ecf4b3b6b2c4d8b720f3bd0520cbb7c4d920bcaeb3cbdda620eabcc3b220b8f0bbb2a4052b3105	『コレハ ジドウカイトリキ デス<05> ヒキトル ショウヒンヲ ゴシテイ クダサイ』<05>+1<05>
0F8A	2a2e3138330523393005a1cfc0c920ead8d6b3a6a405	*.183<05>#90<05>『マタノ ゴリヨウヲ』<05>
0F8C	23393105a1bac920bcaeb3cbddca20c8f0dda60520c2b9d9bac4e620f3b7cfbedd0520b1bcb6d7ed20ead8aeb3bcaeb3a6055e0520fdc2c9d3c9a620eabcc3b2b8f0bbb2a4052d3105	#91<05>『コノ ショウヒンハ ネダンヲ<05> ツケルコトガ デキマセン<05> アシカラズ ゴリョウショウヲ<05><5E><05> ベツノモノヲ ゴシテイクダサイ』<05>-1<05>
0F8E	a12432c920b6b2c4d8b7dde6b8ca052024304720c4c5afc3b2cfbd20d6dbbcb2f3bdb63fa40525320520cab20520b2b2b405	『$2ノ カイトリキンガクハ<05> $0<47> トナッテイマス ヨロシイデスカ?』<05>%2<05> ハイ<05> イイエ<05>
0F90	2a2e31383405a1b1d8e6c4b320eaebb2cfbcc00520ceb6c6ca20eaebb2cfbeddb63fa4052d3305	*.184<05>『アリガトウ ゴザイマシタ<05> ホカニハ ゴザイマセンカ?』<05>-3<05>
0F92	a1d3b3bcdcb920eaebb2cfbedd0520ceb6c6ca20eaebb2cfbeddb63fa4052d3405	『モウシワケ ゴザイマセン<05> ホカニハ ゴザイマセンカ?』<05>-4<05>
