id	it
0000	<05><59>Nessuno risponde...<5A><05>
0002	<05><59>...... Non succede niente<5A><05>
0004	<05><59>Non c'è niente di strano<5A><05>
0006	<49>255<05><49>198<05><05><59>$2 non si può usare qui<5A><05>
0008	<49>255<05><49>198<05><05><59><4D><50> insufficienti<5A><05>
000A	<49>255<05><49>198<05><05><59>$0 non può<05> equipaggiare $2<5A><05>
000C	<49>255<05><49>198<05><05><59>$2 è colpito da<05> paralisi<5A><05>
000E	#!91<05>“Che vergogna... $1!<05> Scusami”<05><05><59>$2 lascia la battaglia<5A><05>
0010	#!92<05>“Maledizione... Signor $1,<05> il resto è nelle tue mani”<05><05><59>$2 lascia la battaglia<5A><05>
0012	#!93<05>“Capo<5B> Ahi, che male!<05> Mi hanno battuto...”<05><05><59>$2 lascia la battaglia<5A><05>
0014	#!94<05>“Uffa! Io, $2,<05> battuto da un mostro...”<05><05><59>$2 lascia la battaglia<5A><05>
0016	#!95<05>“$1, scusa se non<05> sono stata utile...”<05><05><59>$2 lascia la battaglia<5A><05>
0018	<59>$2 lascia la battaglia<5A><05>
001A	<59>La squadra di $2<05> lascia la battaglia<5A><05>
001C	<59>Hai trovato $2<5A><05>#!93<05>*.248<05>+1<05>
001E	#!92<05>
0020	<59>Ma lo zaino è pieno.<05> Vuoi buttare qualcosa?<5A><05>+1<05>
0022	%1<05>
0024	+2<05>
0026	<59>Hai lasciato $2<5A><05>
0028	*.183<05>#90<05>-1<05>
002A	#91<05><59>Non puoi buttarlo via.<05> Vuoi buttare altro?<5A><05>-4<05>
002C	*.189<05><59>Hai buttato $2<5A><05>.92<05>
002E	<59>Il pavimento si apre!<05> Cadi in una botola!!<5A><05>
0030	<05><59>$1 e i compagni hanno<05> annientato i nemici<5A><05>
0032	<05><59>Su $2 $0<05> non ha effetto<5A><05>
0034	<59>Gioco sospeso.<05> Tenendo premuto RESET<05> spegni la console<5A><05><49>224<05>
0036	<59>Ripresa del gioco sospeso.<05> Premendo RESET qui torni<05> all'ultimo salvataggio,<05> quindi fai attenzione<5A><05>
0038	<05><59>Nel forziere non<05> c'era niente<5A><05>
003A	“Sei più impaziente<05> della gente normale?<05><5E><05> Oppure, al contrario,<05> sei tipo rilassato?”<05>%4<05> Impaziente<05> Normale<05> Rilassato<05> Nessuno dei due<05>
003C	.48<05>.!49<05>“Allora anche la velocità<05> dei messaggi la vuoi alta?<05> Capito, ci penso io”<05><5E><05><05><59>Velocità dei messaggi:<05>       “Veloce”<5A><05><05>
003E	.!48<05>.!49<05>“Alla fine, la cosa<05> normale è la migliore!”<05><5E><05><05><59>Velocità dei messaggi:<05>       “Normale”<5A><05><05>
0040	.!48<05>.49<05>“Allora anche i messaggi<05> lenti vanno bene.<05> Non c'è fretta”<05><5E><05><05><59>Velocità dei messaggi:<05>       “Lento”<5A><05><05>
0042	“Beh, va bene anche così”<05>
0044	<05><49>255<05><49>198<05><59>La dinamite si può usare<05> solo più a destra<5A><05>
0046	<05><49>255<05><49>198<05><59>La dinamite si può usare<05> solo più a sinistra<5A><05>
0048	<05><59>La dinamite...<05><5E><05><49>255<05><49>198<05> Uffa<5B><5B> Quasi!<5A><05>
004A	<05><59>Nessuno su cui<05> usare la magia<5A><05>
004C	<05><59>Loran non sa ancora<05> usare la magia<5A><05>
004E	<05><59>Zaino pieno: non puoi<05> toglierlo adesso<5A><05>
0050	<05><49>255<05><49>198<05><59>Usare $2 qui<05> non serve a nulla<5A><05>
0052	<05> <59>$1 indossa il diadema<05>  di Zaffiro di Filis<5A><05><05>
0054	<05><59>$1 stava per partire<05> da solo a salvare Filis...<5A><05>
0056	“$1, se parti per un viaggio<05> ti consiglio di comprare<05> un sacco di erbe medicinali”<05>
0058	“Rapire la sacerdotessa!<05> Che sarà di Astholm?”<05>
005A	&6<05>“Quelli che hanno rapito Filis<05> usano una magia potente, no?<05> $1, ce la farai davvero?”<05>
005C	“Ho sentito che hai un mago<05> tra i compagni! $1, conto<05> su di te!”<05>
005E	“La sacerdotessa è come il sole<05> per questa città. Salvala presto<05> e ridai luce ad Astholm!”<05>
0060	“Ti prego, salva Filis!”<05>%1<05>
0062	“Lo sapevo, sei proprio $1!”<05>
0064	“Vigliacco! Ti odio, $1!<05> Stupido<5B>”<05>
0066	&6<05>“Quel tizio che ha rapito Filis...<05> Gel de Rei o come si chiama!<05> Maledetto! Non lo perdonerò!!”<05>
0068	“Dicono che i rapitori di Filis<05> siano volati verso il cielo<05> del sud”<05>
006A	“Ahi, la festa dello Zaffiro<05> doveva essere bellissima...<05> e invece finisce così”<05>
006C	“I mostri hanno portato la<05> sacerdotessa da quella parte!<05> $1, fai qualcosa alla svelta”<05>
006E	&6<05>+4<05>
0070	*.137<05>#!90<05>“Oh! Hai il distintivo<05> di membro!<05><5E><05> Sei già un guerriero<05> di prim'ordine”<05>
0072	&8<05>#42<05>.42<05>“Hai trovato buoni compagni, $1<05> ma con quell'equipaggiamento<05> sei ancora poco protetto.<05><5E><05> Prendi questo.<05><5E><05><05><49>255<05><49>218<05> <59>Hai ottenuto una<05>  vecchia armatura<5A><05><05><05><5E><05> Riporta Filis sana e salva<05> $1, conto su di te...”<05>*112<05><05><05>
0074	“Riporta Filis sana e salva!”<05>
0076	&!1<05>“Cerca il mago che vive<05> a ovest della città.<05><5E><05> Di certo ti sarà<05> di grande aiuto”<05>
0078	“Oh! Sei qui, $1. Ascolta prima me.<05><5E><05>Il sangue della sacerdotessa passa di madre in figlia fin dai tempi leggendari...<05><5E><05>Proprio quando il rito di successione era concluso, i mostri hanno rapito Filis...<05>+1<05>
007A	<5E><05>Non può essere un caso. I mostri ti ostacoleranno di certo.<05><5E><05>Allora, $1: vuoi ancora andare a salvare Filis?”<05>%1<05>
007C	“Bene, hai deciso! Ma da solo non ce la farai.<05><5E><05>A ovest di Astholm vive un mago, mio vecchio amico e compagno di viaggio.<05><5E><05>Vai da lui: ti aiuterà di sicuro.”<05><40>01<05>
007E	“Anche questo è comprensibile.<05> Nessuno può biasimarti, $1...”<05>
0080	“Fuori città è pieno di mostri!<05> Stai attento”<05>
0082	“$1, sei mai stato a Shoros,<05> la città vicina?”<05>%1<05>
0086	*.137<05>#90<05>“A Shoros vendono armi e armature.<05> Faresti bene a equipaggiarti”<05>
0088	“Bugiardo!<05> Hai perfino il distintivo di membro!”<05>
008A	&8<05>“Bugiardo!”<05>
008C	*.137<05>#90<05>“Beh, ce la stai mettendo tutta, eh”<05>
008E	“Oh<05> hai il distintivo di membro.<05> Che figata!”<05>
0090	“Filis è la tua fidanzata<05> e l'unico che può salvarla<05> sei proprio tu”<05>
0092	“Capitaaan<5B>o!”<05><42>1 3<05>
0094	“Portaci con te”<05>
0096	“Capitano! Noi quattro<05> ti accompagneremo a salvare<05> la sacerdotessa Filis”<05>
0098	“Fin da quando siamo entrati<05> nella guardia di Astholm<05> abbiamo affidato la vita al capitano”<05>
009A	“Partire da solo?<05> Non è da amici!<05> Ci lasci venire, vero?”<05>+1<05>
009E	“Noi quattro della guardia di Astholm,<05> Marei, Gilan, Elk e Lenny,<05> da ora ti accompagneremo<05> nel salvataggio della sacerdotessa Filis...<05><5E><05> Saluto al capitano $1!”<05><40>02<05><46>3 13<05><46>4 14<05><46>5 15<05><46>6 16<05>
00A0	“Non dirlo! Ci lasci venire, vero?”<05>-2<05>
00A2	&06<05>“L'anziano ha ordinato<05> di non aprire questo cancello.<05> Anche se sei $1,<05> qui non posso proprio aprirlo”<05>
00A4	&07<05>“L'anziano ha dato il permesso.<05> Prego, passa”<05><49>173<05><40>07<05><41>3 8 1<05><41>4 7 1<05>
00A6	“$1, fai attenzione...”<05>
00A8	“Hai visto l'anziano?”<05>%1<05>
00AA	“Aiuta Filis, ti prego...”<05>
00AC	“L'anziano era in pensiero”<05>
00AE	“Se solo sapessi usare la magia<05> ti accompagnerei, $1...”<05>
00B0	“Una chiesa senza la sua sacerdotessa<05> è terribilmente triste...”<05>
00B2	“Oh, $1! Che disgrazia!<05> Proprio nel giorno della festa dello Zaffiro<05> hanno rapito mia figlia... Filis!<05><5E><05> Ormai non sono più una sacerdotessa,<05> ma solo una madre...<05><5E><05> Porta con te il diadema di Zaffiro.<05> Ti guiderà da Filis...<05><5E><05> Ti prego, $1!!<05> Salva Filis!!”<05>
00B4	&6<05>“La festa era così bella...<05> ma se Filis non torna<05> l'anno prossimo la sospendono?<05> Che brutto...”<05>
00B6	“Wow<5B>, $1!<05> Dicono che hai un mago<05> super<5B>potente tra i compagni!<05><5E><05> Così riporterai Filis<05> prima della festa dell'anno prossimo”<05>
00B8	“Se sali su questo palco e chiudi gli occhi<05> vedrai la sacerdotessa<05> apparire...”<05>
00BA	“Se potessi farei io<05> la sacerdotessa, ma<05> serve il sangue giusto,<05> sai...”<05>
00BC	“Ce la farai, $1<05> Riporterai la sacerdotessa”<05>
00BE	“S-scusa,<05> sono entrato in casa tua, $1...<05><5E><05> È che... ero preoccupato per $1,<05> e volevo vedere come stavi!”<05>
00C0	&100<05>“I maghi sanno fare magie, che bello.<05> Anch'io mi eserciterò”<05>
00C2	#!<4C>2<05>“Guarda! Guarda! Che forza, eh?”<05>
00C4	“Ho imparato una magia.<05> Vuoi vederla?”<05>%1<05>
00C6	.<4C>2<05>“Ecco!”<05>*110<05>
00C8	“Uffa! Che rabbia, dopo averla imparata<5B>”<05>
00CA	&6<05>“$1, capisco come ti senti<05> ma è troppo pericoloso!”<05>
00CC	“$1...<05> ti auguro buona fortuna”<05>
00CE	“Piazza di tutti<05>  Non fate giochi pericolosi<05>          Astholm ”<05>
00D0	“Benvenuto al villaggio di Shoros”<05>
00D2	“Nessuno del villaggio si avvicina,<05> hanno troppa paura.<05><5E><05> Pare che un mostro pericoloso<05> abiti sulla montagna qui vicino”<05>
00D4	“Ah<5B>, vorrei andare al pub...<05> ma è ancora presto per lo spettacolo.<05><5E><05> e se torno a casa mia madre<05> mi rompe le scatole.<05><5E><05> Che dilemma, accidenti!”<05>
00D6	“Che faccia da funerale!<05> Ti ha piantato una ragazza?”<05>
00D8	“Ehi<5B>, sei di Astholm?<05> Io non ci vado da un secolo.<05> Ma tra poco c'è la festa dello Zaffiro, no?”<05>
00DA	“Hai mai sentito parlare<05> di un certo Loran di Segaltea?”<05>%1<05>
00DC	“Certo che sì.<05> Bello e abile con la spada,<05> si dice in giro”<05>
00DE	“Mah, magari ce n'è qualcuno così”<05>
00E0	“L'altro giorno ho cacciato sui monti a est<05> e ho visto un mostro mai visto<05> con una donna vestita da sacerdotessa”<05>
00E2	“Vicino a Segaltea, la città qui accanto,<05> da poco si è insediato<05> un mostriciattolo.<05><5E><05> Dicono che vada matto per le donne.<05> Che sia stato lui a rapire<05> la sacerdotessa di Astholm?”<05>
00E4	#1<05>“Tu sei quello che stava<05> con la sacerdotessa dello Zaffiro!!<05> Sei venuto a riprendertela, eh!”<05>
00E6	“Stavolta è un'altra storia.<05> Ragazzi, fateli fuori”<05>
00E8	“Ehi!... Eh?...<05> Non doveva andare così...<05><5E><05> Non era previsto, ecco, sì”<05>
00EA	“Scusaaa<5B>te, perdonaaa<5B>temi,<05> abbi pietààà<5B> ti pregooo<5B>”<05>+1<05>
00EE	“Io non so niente.<05><5E><05> Mi hanno solo ordinato<05> di rapire la sacerdotessa.<05> Anzi, io ero contrario”<05>+2<05>
00F0	“$1<5B>, dai, non dire così...”<05>-2<05>
00F2	“$1, perdonamiii<5B>i”<05>
00F4	“Oh<5B>, un soldato,<05> era un pezzo che non ne vedevo!<05><5E><05> Tu sei di Segaltea, la città vicina,<05> vero?<05><5E><05> La loro guardia è forte, eh”<05>
00F6	“Mio marito è andato<05> di nuovo a svagarsi da qualche parte...<05><5E><05> Spero non stia a fare il cascamorto<05> con le ballerine del pub”<05>
00F8	“Ultimamente i mostri<05> girano perfino dentro il villaggio<05> che brutta storia”<05>
00FA	“Non calpestare il mio campo!!”<05>
00FC	“Come? La sacerdotessa dello Zaffiro,<05> Filis, è stata rapita?<05> Ma dai, scherzi!<05><5E><05> Chi vive da queste parti<05> è protetto dallo Zaffiro<05> per questo possiamo vivere<05> così tranquilli”<05>
00FE	#!27<05>#!14<05>“Oh! Un umano che parla!<05><5E><05> In verità<05> io sono stato trasformato da un mago cattivo...<05><5E><05> Che c'è? Perché mi guardi così?<05>+2<05>
0100	<49>192<05>“Mmmhh<5B>!”<05>
0102	<5E><05> Basta, ho capito, uffa.<05><5E><05> E io che volevo<05> dirti del pozzo di Susandna”<05>
0104	#14<05><49>153<05>“Coccodè, cocco cocco”<05>
0106	#23<05>“Ho sentito che il mago cattivo<05> vive al pozzo a ovest<05> di Segaltea”<05>
0108	“Anche tu hai il tuo da fare, $1”<05>
010A	#14<05><49>153<05>“Coccodè, cocco cocco”<05>
010C	#23<05>“Ingannato da un mago cattivo<05> sono finito in questa forma......”<05>.24<05>
010E	“Evviva, che gioia!”<05>*72<05>
0110	“Salvare un vecchio ridotto così...<05> Sei proprio famoso, $1,<05> e hai un gran cuore”<05>
0112	“Nuova apertura<05>   Vietato ai mostri<05><05>   Taverna di Shoros”<05>
0114	“Spettacoli raffinati<05>      per momenti incantevoli<05><05>       Pub  Zaffiro   ”<05>
0116	&!8<05>“Su, su, ragazze!<05> Lezione per lo spettacolo di stasera!”<05>
0118	“Vuoi fare anche tu<05> l'audizione?”<05>%1<05>
011A	“Allora oggi<05> resta lì a guardare,<05> senza disturbare la lezione”<05>*8<05><40>8<05>
011C	“Allora fuori di qui,<05> disturbi la lezione!”<05>
011E	&!8<05>“Noi seguiremo il maestro Pierre<05> qualunque cosa accada”<05>
0120	“Le lezioni del maestro Pierre<05> sono durissime”<05>
0122	&!8<05>“Anche tu, non disturbare<05> la lezione”<05>
0124	“Stiamo provando<05> lo spettacolo di stasera”<05>
0126	&!8<05>“Ihih, non siamo mica male, eh?”<05>
0128	“Il maestro Pierre<05> ha un'aria da artista,<05> è fantastico!”<05>
012A	“Ehi, ehi, ehi.<05><5E><05> Ehiii<5B><5B><5B> ragazze!<05> Svenire per così poco<05> è il colmo<5B><05><5E><05> Su, su, guardate qui.<05><5E><05><42>2 3<05><42>3 3<05><42>4 3<05> Ragazze!<05><5E><05> Nel vostro ballo<05> non sento passione!<05> Ci vuole passione!”<05>
012C	“Hic<5B>! Sono ubriaco fradicio<5B>ooo”<05>
012E	“Oh, si balla<5B>? Ah ah.<05> Il ballo lo so fare io, tranquilli<5B>lli!”<05>
0130	“Aaah! Aiuto!”<05>
0132	“Tu sei quello che stava<05> con la sacerdotessa dello Zaffiro!!<05> Sei venuto a riprendertela, eh!”<05>
0134	“Ma guarda, ce l'avete fatta!<05><5E><05> Questo è ardore!<05><5E><05> Questa è passione!”<05>
0136	“Maledetto, me la pagherai”<05>
0138	“Suu<5B>u, dai, riprendiamo<05> da dove eravamo”<05>
013A	“Musica, partenza!”<05>
013C	“Ehi! Fuori dai piedi, muro!”<05>
013E	“Eh, figurati se mi sposto”<05>
0140	“Ehi ehi, lo sai?<05> A Segaltea ci sono Elen e Karen,<05> sorelle sacerdotesse che ereditano<05> lo Smeraldo!<05><5E><05> Ma anche noi abbiamo Filis, che da Astholm<05> ci concede la protezione dello Zaffiro<05> quindi non siamo mica invidiose, nah!”<05>
0142	#!<4C>7<05><49>255<05><49>185<05>“Sciò, sciò!”<05>
0144	&13<05>“La città di Segaltea<05> è in una situazione difficile.<05> Non possiamo far passare i sospetti...<05><5E><05> ...........<05> ...........<05> ...........<05> ...........<05><5E><05> Per fortuna non sembri sospetto.<05> Bene, puoi passare”<05>
0146	“Karen è stata salvata<05> e ora siamo un po' più tranquilli.<05><5E><05> Eppure chi l'ha salvata<05> è stato scambiato<05> per un sospetto...<05><5E><05> $1, l'altra volta<05> ti chiedo davvero scusa”<05>
0148	#!<4C>7<05><49>255<05><49>185<05>“Sciò, sciò!”<05>
014A	&10<05>“Ora sono occupato<05> non parlarmi”<05>
014C	&13<05>“Sono un po' meno occupato<05> ma non parlarmi lo stesso”<05>
014E	“Sono così commosso che non trovo le parole.<05> Non parlarmi ora”<05>
0150	#!<4C>7<05><49>255<05><49>185<05>“Ah! Che succede?”<05>
0152	&13<05>“Elen, la sacerdotessa dello Smeraldo,<05> e sua sorella Karen<05> sono state rapite da qualcuno”<05>
0154	“Dicono che la sorella Karen sia stata salvata.<05><5E><05>&14<05> ...Oh, quello dietro di te<05> è forse...?”<05>
0156	 Se incontro chi ci ha aiutate<05> vorrei ringraziarlo”<05>
0158	#!<4C>7<05><49>255<05><49>185<05>“Il gallo mi parla......<05><5E><05> Eh?”<05>
015A	&13<05>“Il bastone di Smeraldo<05> dona a chi lo impugna poteri magici.<05><5E><05> Speriamo che i mostri<05> non ne abusino...”<05>
015C	“$1, ti prego, proteggi<05> Karen.<05><5E><05> Vedrai, $1, che la magia di Karen<05> ti sarà d'aiuto”<05>
015E	#!<4C>7<05><49>255<05><49>185<05>“Loran è in verità un uomo gentile.<05><5E><05> Ah, era solo un gallo?”<05>
0160	&!13<05>“Accanto a Elen e Karen<05> il bastone di Smeraldo potenzia<05> la magia di chi lo impugna.<05><5E><05> Loran usa la magia del ghiaccio ma,<05> da quando il bastone è stato rubato,<05> ha perso il suo potere.<05><5E><05> Per lui sarà il viaggio più duro”<05>
0162	“Loran, capitano della guardia, è il fidanzato<05> della sacerdotessa Elen...<05><5E><05> Soffre molto: ha perso il bastone di Smeraldo,<05> tesoro della città, e la promessa sposa<05> è stata rapita.<05><5E><05> Ti prego, $1, aiutalo<05> senza farti notare?”<05>%1<05>
0164	“Ti ringrazio...<05> Avevo sentito dire che il capitano di Astholm<05> è una persona eccellente...<05><5E><05> Sì, è proprio come si dice”<05>
0166	“Loran in verità è un uomo gentile.<05> Anche se sembra freddo, in realtà<05> ha riguardo per gli altri...”<05>
0168	#!<4C>7<05><49>255<05><49>185<05>“............<05> ............<05> ............<05><5E><05> Chiacchierare con un gallo<05> è vietato”<05>
016A	&!20<05>“Il capitano di Astholm $1<05> e Loran, il nostro capitano di Segaltea...<05><5E><05> Se due persone così valide uniscono le forze<05> la sacerdotessa sarà di certo salvata.<05><5E><05> $1,<05> ti auguro buona fortuna”<05>
016C	&!16<05>“Secondo le ultime informazioni<05> Loran si trova ad Albani,<05> il villaggio a sud di Segaltea.<05><5E><05> Fai attenzione”<05>
016E	#!1<05>“............<05> ............<05> ............<05><5E><05> Chiacchierare è vietato”<05>
0170	&10<05>“Finché Loran non sarà partito<05> questo cancello non si apre.<05><5E><05> Loran vuole seguire le orme<05> lasciate dai mostri.<05> Se passa gente, si perdono”<05>
0172	“Loran è partito.<05> Prego, passa”<05>.1<05>*11<05>
0174	#!<4C>7<05><49>255<05><49>185<05>“Un gallo... Dire a un gallo<05> di salvare Elen<05> sarebbe inutile”<05>
0176	&10<05>“Viandante... in questo momento la città<05> è in grave difficoltà.<05><5E><05> La nostra sacerdotessa Elen<05> e sua sorella Karen sono state<05> rapite dai mostri.<05><5E><05> Abbiamo appena formato<05> una squadra di soccorso<05> per salvarle”<05>
0178	&13<05>“Loran salverà di certo Elen”<05>
017A	&14<05>“Karen! Stai bene?<05> Non ho parole per ringraziarti, $1...<05><5E><05> Se ora Loran salvasse Elen<05> non ci sarebbe altro da desiderare...”<05>
017C	“Se ora Loran salvasse Elen<05> non ci sarebbe altro da desiderare...”<05>
017E	#!<4C>7<05><49>255<05><49>185<05>“Sciò, sciò!”<05>
0180	&!13<05>“Che gioia che Karen sia tornata sana e salva.<05><5E><05> Ma ora, più che mai,<05> temo per Elen”<05>
0182	“Proprio qui vicino<05> le hanno rapite entrambe<05> e io non ho potuto aiutarle...<05><5E><05> Quei tizi<05> non sembravano affatto<05> esseri umani”<05>
0184	#!<4C>7<05><49>255<05><49>185<05>“Va' via!”<05>
0186	&13<05>“In città c'è un gran fermento<05> come a una festa.<05> Che sarà successo?”<05>
0188	&14<05>“Wow, la signorina Karen!<05> Allora è davvero una festa!”<05>
018A	“In città c'è ancora aria di festa.<05> Fino a quando durerà?”<05>
018C	#!<4C>7<05><49>255<05><49>185<05>“Ah, un gallo.<05><5E><05> Fatti coraggio anche tu”<05>
018E	&16<05>“Senza la sacerdotessa Elen<05> a cosa serve questa chiesa...<05><5E><05> E in più hanno rubato<05> il bastone di Smeraldo...<05> Forse questa città è finita”<05>
0190	“Speravo che Karen<05> resistesse fino al ritorno<05> della sacerdotessa Elen...”<05>
0192	#!<4C>7<05><49>255<05><49>185<05>“Sciò, sciò!”<05>
0194	&10<05>“Al piano di sopra<05> Loran, capitano della guardia di Segaltea,<05> è in riunione per il salvataggio<05> di Elen e Karen”<05>
0196	&13<05>“Loran è l'uomo più coraggioso<05> e abile di questa città.<05> Di certo riuscirà<05> a salvarle entrambe...”<05>
0198	&!16<05>“$1,<05> prego per il tuo viaggio”<05>
019A	“Chi ha rapito la sacerdotessa Filis<05> della tua città e la sacerdotessa Elen<05> non sarà lo stesso gruppo?<05><5E><05> Che ne dici,<05> ti unisci alla squadra di Loran?”<05>%1<05>
019C	“Davvero? Allora<05> parla con Karen.<05> Vuole seguire Loran.<05><5E><05> Ti prego, andate insieme fino da Loran...”<05>
019E	“Capisco... non voglio costringerti<05> ma pensavo che così sarebbe stato più facile<05> raccogliere informazioni sul nemico... Non vuoi?”<05>
01A0	“Oh, Karen!<05> Meno male che sei tornata sana e salva!”<05>
01A2	“Karen...<05><5E><05> Loran è già partito<05> per salvare la sacerdotessa Elen”<05>
01A4	“Cosa! Che imprudenza!<05> Senza il bastone di Smeraldo<05> Loran non può usare la magia...<05><5E><05> Partire senza un mago...<05><5E><05> Devo seguirlo subito...<05><5E><05> Ho capito, mi preparo anch'io”<05>;7 0<05><40>14<05>
01A6	#!<4C>7<05><49>255<05><49>185<05>“Un gallo mi ha parlato.<05> Non mi era mai successo”<05>
01A8	&13<05>“Vivo in questa città da tanto<05> ma una cosa così grave non l'avevo mai vista.<05> Ho sempre pregato la pietra sacra, lo Smeraldo,<05> per la pace”<05>
01AA	“Karen sa usare la magia<05> che cura le ferite di battaglia.<05><5E><05> Ora che Elen non c'è<05> chi può accompagnare Loran<05> se non Karen?”<05>
01AC	#!<4C>7<05><49>255<05><49>185<05>“Consolami, dai... gallo!”<05>
01AE	“Accidenti! A me piaceva tanto Elen<05> e i mostri l'hanno rapita.<05> Buaaa”<05>
01B0	#!<4C>7<05><49>255<05><49>185<05>“Non ho niente da dire a un gallo!”<05>
01B2	&!20<05>“$1, mi raccomando, prenditi cura di Karen”<05>
01B4	&!13<05>“Karen partirà con Loran<05> per salvare Elen.<05> Ti prego, aiuta quella ragazza”<05>
01B6	&10<05>“Che disgrazia...<05><5E><05> Il bastone di Smeraldo<05> proteggeva la città con il suo potere sacro.<05><5E><05> Senza di esso il popolo di Segaltea<05> è come un bambino senza guida...<05><5E><05> E per di più hanno portato via<05> la dolce Elen...<05><5E><05> Ora posso solo pregare”<05>
01B8	“Loran è il fidanzato di Elen<05> e capisco come si sente...<05><5E><05> Ma senza un mago<05> non so se riusciranno a salvarle”<05>
01BA	“È una riunione importantissima.<05> Non parlarmi!”<05>
01BC	“...E dire che a Segaltea<05> abbiamo la guardia<05> e ci hanno rapito le sacerdotesse...”<05>
01BE	“...Chissà come stanno adesso<05> la signorina Elen e la signorina Karen...”<05>
01C0	“...Senza il bastone di Smeraldo<05> che ne sarà mai<05> di Segaltea...”<05>
01C2	“...Anche il capitano Loran<05> sicuramente stanotte<05> non avrà chiuso occhio...”<05>
01C4	“Elen... Karen...<05> Vi salveremo di sicuro noi!”<05>
01C6	“Bene, si parte!!”<05>
01C8	<42>6 1<05><42>7 1<05><42>5 1<05><42>4 1<05>“Hah!!”<05>
01CA	#<4C>1<05>“Fate largo!!”<05>.<4C>1<05>
01CC	“Ho detto fate largo, non capite?<05> Fate largo!”<05>
01CE	“Sono pronta.<05><5E><05> $1, non ti sarò mai d'intralcio.<05> Ti prego, lasciami accompagnare<05> te, $1, finché non troviamo Loran”<05>+1<05>
01D2	“Grazie.<05> Allora, partiamo”<05><44>2<05>;7 8<05><40>16<05>
01D4	“Ti prego!<05> Loran e gli altri viaggiano<05> senza un mago.<05><5E><05> Portami da Loran,<05> ti supplico”<05>-2<05>
01D6	#!<4C>7<05><49>255<05><49>185<05>“Oh gallo,<05> anche tu vuoi sentire<05> le mie deduzioni?”<05>
01D8	“Io l'ho capito!!<05> Chi ha rapito le sacerdotesse<05> non lo ha fatto per i soldi.<05><5E><05> Che ne dici? Che deduzione, eh?”<05>
01DA	#!<4C>7<05><49>255<05><49>185<05>“Oh!<05> Il gallo mi sta parlando!”<05>
01DC	&13<05>“Che rapiscano una sacerdotessa<05> non era mai successo a Segaltea.<05><5E><05> Ho il presentimento<05> che stia per accadere qualcosa di peggio...”<05>
01DE	“Da quando Karen è tornata<05> la gente di Segaltea<05> si sente molto sollevata.<05><5E><05> $1, per quanto<05> ti ringraziamo, non basterebbe mai”<05>
01E0	#!<4C>7<05><49>255<05><49>185<05>“Gallo, lo sai<05> che hanno rapito Elen?<05><5E><05> Ci arrivi?”<05>
01E2	&13<05>“Elen era il simbolo<05> della pace di questa città...”<05>
01E4	&14<05>“Signorina Karen! Che bello rivederti sana e salva!”<05>
01E6	“Ti prego,<05> prenditi cura di Karen”<05>
01E8	#!<4C>7<05><49>255<05><49>185<05>“Ma che roba è questo gallo?”<05>
01EA	“Da quando la sacerdotessa Elen non c'è<05> tutti hanno perso<05> ogni entusiasmo.<05><5E><05> Ora capisco anch'io<05> quanto la rispettassero tutti...”<05>
01EC	#!24<05>#23<05><05><49>255<05><49>200<05> <59>$1 scivola<05>  e cade nel pozzo!!<5A><05>*88<05>
01EE	<59>Niente di strano<5A><05>
01F0	#!23<05>“Non sopporto i sapientoni come te.<05> Torna indietro, torna indietro!”<05>
01F2	#!<4C>7<05>“Oh oh oh, prova a fare coccodè”<05><49>153<05>
01F4	“Che vuoi?<05><5E><05> Se non rispondi bene<05> alla mia domanda<05> trasformo in gallo anche te!<05><5E><05> Allora, si comincia!<05><5E><05> Dove è stato programmato questo gioco?”<05>%4<05> Tokyo<05> Saitama<05> Kanagawa<05> Chiba<05>
01FE	<49>255<05><49>197<05>“Ding dong.<05> Come previsto, $1, risposta esatta.<05> Magnifico!<05><5E><05> Ah, quel gallo lì.<05> Farò in modo che il tuo bacio<05> spezzi l'incantesimo”<05>.23<05>
0200	<49>255<05><49>198<05>“Bzzzz.<05> Sei un gallo!<05> Ah ah ah”<05>.<4C>7<05>*133<05>
0202	<49>255<05><49>185<05>“Ai galli non vendo niente”<05>
0204	<49>255<05><49>185<05>“Questo non è<05> un ospedale per animali!”<05>
0206	<49>255<05><49>185<05>“Aah! Dottore, aiuto!”<05>
0208	<49>255<05><49>185<05>“Un gallo non si può fermare”<05>
020A	<49>255<05><49>185<05>“L'arco può colpire<05> i nemici lontani<05> ma la spada ha più potenza.<05><5E><05> Ormai parlo da solo<05> perfino con i galli”<05>
020C	&13<05>“Andando a est da qui<05> abitano dei boscaioli, marito e moglie.<05> Chissà come fanno a vivere là<05> senza farsi attaccare dai mostri.<05><5E><05> Loro forse hanno visto<05> chi ha rapito Elen”<05>
020E	#<4C>7<05>“Andando sempre a sud da Segaltea<05> c'è un villaggio, Albani.<05> Dicono sia un posto un po' strano”<05>
0210	<49>255<05><49>185<05>“Sembra buono”<05>*213<05>
0212	“Gh! Non resisto!”<05>
0214	“Gnam gnam! Ciac ciac!”<05>
0216	“Ah, l'hai mangiato?<05><5E><05> Se hai altre storie interessanti<05> raccontamele pure”<05>
0218	<49>255<05><49>185<05>“Ritirarsi, a volte,<05> è un atto di coraggio.<05><5E><05> Quando la battaglia sembra persa<05> prima che i disertori aumentino<05> tanto vale allenarsi a volare...<05><5E><05> Sciò, sciò!”<05>
021A	“Rutto! Ah, che buono.<05><5E><05> Sarà un'impressione<05> ma sapeva un po' di $1”<05>
021C	“Oh?”<05>
021E	“Eh? Che roba è questa?”<05>
0220	“Guarda un po'<05> c'è una ragazza per terra!<05><5E><05> Ehi! Che ti succede? Ehi!<05> ...............<05><5E><05> Mmh, non si sveglia, che faccio!<05> Su, forza!”<05>
0222	“Non hai informazioni<05> su chi ha rapito Elen e Karen?”<05>
0224	“Nel bosco a est di Segaltea<05> c'è una casetta<05> e io credo che sia sospetta!”<05>
0226	“Pare che sia stata rapita<05> anche la sacerdotessa di Astholm.<05> Che ci sia un collegamento?”<05>
0228	“Vicino all'uscita della città<05> sono rimaste delle impronte<05> che non sono umane”<05>
022A	“Il bosco a est è un posto<05> dove un comune essere umano<05> non riuscirebbe nemmeno a camminare.<05> Se i mostri si nascondono<05> deve essere lì...”<05>
022C	&16<05>“Aspettate!<05> Devo tornare a Segaltea...<05><5E><05> Devo dire subito alla gente<05> che sto bene”<05>
022E	“Ho saputo che Loran è ad Albani.<05> Cerchiamo Loran”<05><40>17<05>
0230	“Aspettate!<05> Devo tornare a Segaltea...”<05>
0232	“Vuoi sapere come si chiama questo villaggio?<05> È Albani”<05>
0234	&!20<05>“Quel Loran era proprio un bell'uomo.<05> Chissà se tornerà”<05>
0236	“All'ospedale ci sono i soldati<05> della guardia di Segaltea.<05> Li conoscete?”<05>%1<05>
0238	“Dicono che non hanno tra loro<05> un mago che li curi.<05><5E><05> Sono tutti feriti<05> potreste andare a trovarli”<05>
023A	“Ma pagheranno<05> il conto dell'ospedale?”<05>
023C	“Anche qui intorno al villaggio<05> da poco compaiono mostri.<05> Che sta succedendo?<05> Ho paura a uscire”<05>
023E	“Quel Loran che era all'ospedale<05> con l'armatura e tutto<05> era proprio figo.<05><5E><05> L'armatura di mio fratello<05> in confronto è proprio scialba”<05>
0240	“Che fai in casa altrui?”<05>
0242	“Questo villaggio è scavato<05> nella montagna di roccia.<05> Anch'io ho scavato la roccia<05> per costruire casa.<05><5E><05> Qui il problema<05> della mancanza di terreno non esiste”<05>
0244	“Questo è l'ospedale...<05> ma ora è pieno...<05><5E><05> Perché io, il direttore,<05> devo ripetere sempre le stesse cose”<05>
0246	&!20<05>“Questo è l'ospedale...<05> Se ti ferisci<05> la magia delle gemme<05> ti riporterà qui.<05><5E><05> e dopo le cure<05> potrai riprendere l'avventura...”<05>
0248	&!18<05>“Una visita? Prego”<05>
024A	“Non accetto visite<05> se non di conoscenti”<05>&17<05>
024E	“Ti prego!<05> Fammi vedere Loran!”<05>
0250	“Sembra che ci siano dei motivi...<05> Va bene, ma solo un momento”<05><40>18<05>
0252	“Cerchi la sacerdotessa rapita?<05> Ah, che spasso.<05><5E><05> Ehi, non arrabbiarti<05> era solo una battuta”<05>
0254	&19<05>“Oh, Karen.<05> Stai bene!”<05>
0256	&20<05>“Con Karen qui<05> ci sentiamo molto più sicuri”<05>
0258	“$1! Combattiamo insieme”<05>
025A	&20<05>“Ahi ahi ahi ahi ahi”<05>
025C	“A questo punto non posso<05> lamentarmi delle ferite.<05> Combatterò! $1!”<05>
025E	&20<05>“Mmm mmm... signorina Elen...<05> sta bene... mmm... zzz”<05>
0260	“Salveremo di sicuro<05> Elen e Filis<05> $1!”<05>
0262	&20<05>“Zzz... zzz... zzz...”<05>
0264	“$1, conto su di te...”<05>
0266	“Già, $1...<05> Ma mia sorella Elen è ancora<05> nelle mani dei mostri...<05><5E><05> Lasciate che aiuti anch'io<05> a salvare mia sorella”<05>
0268	“Non se ne parla! Questo viaggio è pericoloso.<05> Non posso portarti con me!”<05>
026A	“È proprio perché il viaggio è pericoloso<05> che serve un mago.<05><5E><05> Non vedi che senza qualcuno che curi<05> le ferite state soffrendo tutti?<05><5E><05> Ti prego, lasciami<05> unire a voi!”<05>
026C	“Va bene, hai vinto...<05><5E><05> Puoi venire”<05>
026E	&19<05>“Karen! Ma sei Karen!<05> ...............<05> È stato lui a salvarti?”<05><40>19<05>*20<05>
0270	&!20<05>“Ci prepariamo subito<05> a partire.<05> Aspettateci fuori!”<05>
0272	#<4C>1<05>“Mi ero dimenticato<05> di ringraziarti per aver salvato Karen...<05> Grazie.<05> Ti sono in debito.<05><5E><05> $1, ho saputo che anche la sacerdotessa<05> della tua città è stata rapita dai mostri.<05><5E><05> Che ne dici?<05> Uniamo le forze per salvare<05> Elen e le altre sacerdotesse”<05>+2<05>
0274	“Te lo chiedo ancora.<05> Vuoi combattere con noi<05> per salvare le sacerdotesse?”<05>+1<05>
0278	“Combattiamo insieme, $1!”<05>*21<05>
027A	“Ah... capisco Anche questa<05> è una scelta di vita...<05> Non posso costringerti”<05>.<4C>1<05>
027C	<05> <59>La squadra di Loran si è unita a te!!<05>  Lo Zaffiro di $1 ha brillato!!<5A><05><05>*.122<05><40>20<05>
027E	“Con la mia magia<05> sarò sicuramente utile a Loran”<05>
0280	&20<05>“Quel Loran ha detto che più avanti è pericoloso<05> e di non far passare nessuno...<05><5E><05> Non serviva dirlo<05> tanto nessuno esce di qui”<05>
0282	“Ti dico che è pericoloso.<05> Vuoi andare lo stesso?”<05>%1<05>
0284	“Nella città vicina, Grachesca,<05> pare che il bere sia una meraviglia.<05><5E><05> Ma se i mostri li attaccano<05> non è il momento, direi”<05>
0286	“Già, in tempi come questi<05> è meglio restare tranquilli a casa!”<05>
0288	“Albani, quartiere dei negozi”<05>
028A	“Interrato 1: Locanda<05><05>   Hotel La Tana<05>    Dormi da questa parte”<05>
028C	“I feriti aumentano.<05> Non uscite dal villaggio<05> senza abbastanza forza<05>            Il direttore”<05>
028E	“Da quando i mostri<05> girano intorno al villaggio<05> non vado più a bere.<05><5E><05> Vorrei andare a Grachesca, qui accanto<05> a bere fino a scoppiare”<05>
0290	“Ah, ora che ci penso, l'altro giorno<05> un mostro fortissimo<05> con due ragazze in braccio<05> volava oltre Grachesca”<05>
0292	“Anche tu sei venuto a Grachesca<05> a bere?<05> Hic! Che bella città, eh”<05>
0294	“Urp, ho bevuto troppo.<05> Mi sento male”<05>
0296	“Soldato, non vuoi bere con noi?”<05>%1<05>
0298	“Che maniaco!”<05>
029A	“Che rigido che sei!!”<05>
029C	“Che felicità, che felicità”<05>
029E	“Ehi!<05> Noi due ci stiamo divertendo<05> e vieni a disturbare?<05> Che maleducato!”<05>
02A0	“Tesoro<5B>, ma quando arriviamo<05> a casa tua<5B>?”<05>
02A2	“Ehiii, già a casa?<05><5E><05> Devi goderti di più<05> la città di Grachesca.<05> Non ti la-scio an-da-re”<05>
02A4	“Un altro locale! Andiamo!!<05> Vieni anche tu<5B>!!”<05>
02A6	“Oh, giovanotto, ti coccolo per bene.<05> Vuoi bere qualcosa<05> al mio locale?”<05>%1<05>
02A8	“Allora seguimi!!”<05>*25<05>
02AA	“Hmpf, e va bene!”<05>
02AC	.<4C>1<05>“Prima beviamo questo...<05><5E><05> Dimmi, non ti interessa<05> una donna matura?”<05>%4<05> Le prendi la mano<05> Le tocchi la gamba<05><05> Non mi interessa<05>
02AE	.<4C>6<05>.!<4C>7<05>“Ehi ehi, seguimi”<05>
02B0	.!<4C>6<05>.<4C>7<05>“Ihih, seguimi”<05>
02B2	.<4C>6<05>.<4C>7<05>“Però, che tipo.<05><5E><05> Seguimi”<05>
02B4	.!<4C>6<05>.!<4C>7<05>“Ah, capisco...”<05>
02B6	“Uh, sei ingenuo...”<05><5E><05><05>/5<05><49>139<05> <59>5<47> pagati<5A><05><05><05><5E><05>“Non prenderla sul serio!”<05>
02B8	“Ah, mi fai il solletico”<05><5E><05><05>/8<05><49>139<05> <59>8<47> pagati<5A><05><05><05><5E><05>“Nel locale non si va oltre”<05>
02BA	“...................<05> ...................<05><5E><05> Sei giovane ma bravo...”<05><5E><05><05>/12<05><49>139<05> <59>12<47> pagati<5A><05><05><05><5E><05>“Potrei prenderla sul serio...”<05>
02BC	“Uffa, torna a trovarmi!”<05>
02BE	“Da quando i mostri compaiono<05> perfino qui<05> se non bevo non ce la faccio<5B>!!”<05>
02C0	“Accidenti! Anch'io vorrei<05> una ragazza<05> da farmi rapire, no!<05> Maledizione<5B>!!”<05>
02C2	“I miei genitori<05> vanno sempre a bere<05> e non tornano più.<05> Rischio di diventare un teppista...”<05>
02C4	“Mamma, torna presto<5B>”<05>
02C6	“Non parlarmi.<05> Sto litigando!<05><5E><05> Mio nonno mi ha detto<05> che il padrone dell'Harem<05> in fondo è un brav'uomo”<05>.<4C>2<05>
02C8	“Uffa, quello che ho davanti<05> non capisce niente!<05><5E><05> Il padrone dell'Harem è uno dei mostri.<05> Si dice che ultimamente giovani sacerdotesse<05> vengano rapite ovunque!<05><5E><05> Secondo me il colpevole<05> è il padrone dell'Harem”<05>.<4C>3<05>
02CA	“Accidenti<05> per oggi può bastare”<05>
02CC	“Me la pagherai”<05>
02CE	&30<05>#3<05>“Ah, che disastro<05> il locale è tutto a soqquadro.<05><5E><05> Vi prego, mettetevi in mezzo<05> e fermate la rissa”<05>
02D0	&30<05>#<4C>4<05>“Grazie mille<05> ...Ah! Quei due<05> se ne sono andati senza pagare.<05><5E><05> Maledetti!”<05>
02D2	#<4C>4<05>“Un locale chic come questo<05> ogni tanto ci sta, no?”<05>
02D4	#<4C>5<05>“Meno male che non hai baciato<05> quella donna.<05><5E><05> È un famoso travestito”<05>
02D6	“Te lo dico chiaro: la donna<05> che stavi baciando...<05><5E><05> è un famoso travestito”<05>*231<05>
02D8	#3<05>“Presto, ferma quella lite!”<05>
02DA	“Oh<5B>! Che uomo forte!!<05> Mi hai fatto perdere la testa.<05><5E><05> Baciami, baciami!!”<05>.<4C>4<05>.33<05>%1<05>
02DC	<49>255<05><49>193<05>“Smack<5B><5B><5B><5B><5B><5B><5B><5B>”<05><05>*.232<05><5E><05>“Mmh<5B>mm, agrodolce!”<05>.<4C>5<05>
02DE	“Uffa! Che uomo freddo!!”<05>
02E0	&30<05>“Lo sai?<05> C'è uno che raduna giovani donne<05> e si fa un harem.<05><5E><05> Chissà come le porta là.<05> Non ti sembra sospetto?”<05>
02E2	“Lo sai?<05> Dicono che il padrone dell'Harem<05> sia in realtà un bravo tipo.<05><5E><05> Ah, lo sapevi già...”<05>
02E4	“Hai sentito dell'Harem?”<05>%1<05>
02E6	“Sembri il tipo<05> che vorrebbe farsi un harem, eh”<05>
02E8	“Uhuhuh, non te lo dico!”<05>
02EA	&30<05>“Che invidia!<05><5E><05> Chi si fa un harem<05> deve essere davvero un tombeur”<05>
02EC	“Che invidia!<05><5E><05> Ma anche chi si fa un harem<05> non avrà solo cose belle, immagino”<05>
02EE	&30<05>“Cosa? Hanno rapito una donna?<05> Sarà finita nell'Harem, no?<05> Non ho prove, però”<05>
02F0	“In fondo anche il padrone dell'Harem<05> non sarà poi così cattivo, no?<05> Non ho prove, però”<05>
02F2	“Che canzone vuoi?”<05>%5<05> Grachesca a notte fonda<05> Grachesca al tramonto<05> Grachesca malinconica<05> Viaggio all'Harem<05> Nessuna richiesta<05>
02F4	<49>255<05><49>156<05>“Lalala<5B> Grachesca<5B><05> Di notte è tutto buio<5B><05> Ah<5B>, chissà perché, che strano<5B>”<05><5E><05>“In realtà l'ho inventata ora”<05>
02F6	<49>255<05><49>157<05>“Il sole cala su Grachesca<5B><05> La città accende le luci, fufu<05> fufufu fufu fu fufufu”<05><5E><05>“In realtà non ricordo il testo”<05>
02F8	<49>255<05><49>158<05>“Ahhh malinconia<5B><5B><5B>!”<05><5E><05>“In realtà la canzone è solo questa”<05>
02FA	<49>255<05><49>159<05>“Ah<5B>, che bello l'Ha<5B>rem.<05> Nessuno c'è ancora stato<5B><05> Vorrei andare all'Harem<5B><05> Ha<5B>, Harem, Harem”<05><5E><05>“L'ho imparata da un viandante<05> venuto da ovest”<05>
02FC	“Uff<5B>! Che tirchio!!”<05>
02FE	“Uffa uffa uffa uffa.<05><5E><05> uffauffauffauffauffa.<05><5E><05> Sto smettendo di bere.<05> Uffa uffa uffa...<05><5E><05> Sei ancora qui?! Uffa...”<05>
0300	<42>2 3<05><42>1 2<05>“Deve essere questo l'Harem...<05><5E><05><42>2 1<05> Elen è rinchiusa qui?...<05><5E><05><42>2 3<05> Comunque incontriamo il padrone di questa villa”<05><42>1 1<05><40>24<05>
0302	“Siete viaggiatori?”<05>%1<05>
0304	“Allora sarete stanchi...<05> Riposate pure.<05> Nella stanza in fondo a destra al secondo piano.<05><5E><05> I feriti li curiamo noi”<05><41>2 2 1<05>*32<05>
0306	“Volete un tè?<05> Accomodatevi nella stanza in fondo a destra<05> al secondo piano.<05><5E><05> I feriti li curiamo noi”<05><41>2 2 1<05>*32<05>
0308	“Benvenuti alla villa di Orlov”<05>*33<05>
030A	“Orlov...<05> È un uomo di nome Orlov<05> ad aver rapito Elen!!”<05>
030C	“Ah... sono in pensiero per Tifa.<05> Starà bene?...<05> Signor Orlov, che ne pensa?...<05><5E><05> Oh! Erano ospiti.<05> Scusate.<05> Accomodatevi pure”<05>
030E	“Benvenuti, accomodatevi”<05>*34<05>
0310	“...Strano...<05> Per essere donne rapite<05> sono stranamente sorridenti...”<05>
0312	“Benvenuti.<05> Sto preparando da mangiare.<05><5E><05><42>3 1<05> Ma il fornello non va bene<05> e non riesce...<05><5E><05> Su! Comportati bene!”<05>*41<05>
0314	“Oh oh...”<05>
0316	“Scusate, mi sto cambiando<05> ma per cortesia.<05><5E><05> Benvenuti alla villa di Orlov”<05>
0318	“Dove saranno mai<05> i miei genitori...”<05>
031A	“Per un certo motivo<05> ci stiamo allenando a combattere”<05>
031C	“Non avvicinatevi, è pericoloso”<05>
031E	“Fate pure con comodo<05> a guardare”<05>
0320	“Quando penserà di partire<05> il signor Orlov...”<05>
0322	“Attendete in questa stanza”<05>*43<05>
0324	“Accidenti, siamo chiusi dentro!”<05>
0326	#<4C>2<05>“Che situazione... Che si fa, $1?”<05>*37<05>
0328	#<4C>3<05>“Potrebbe essere una trappola! $1<05> Ah... credi che io possa cadere<05> in un tranello così banale?”<05>
032C	“Forse non è di vostro gusto<05> ma vi ho portato un piatto di pollo.<05> Il signor Orlov<05> ne va matto...”<05>
032E	“Si è un po' bruciato...<05> Prego, mangiate.<05><5E><05> Il signor Orlov sta per arrivare<05> di sicuro”<05>.<4C>2<05>
0330	&25<05>“Vi piace?”<05><40>25<05>
0332	“Signor Orlov... ”<05>
0334	“Fate uscire il padrone di questa villa!<05> Sappiamo che ha rapito Elen.<05> Anche voi siete state rapite, vero?<05><5E><05> Sconfiggerò questo Orlov<05> io stesso!”<05>
0336	“No! Che assurdo malinteso.<05> Noi tutte siamo senza famiglia...<05><5E><05><42>5 0<05> Stavamo per morire di fame quando<05> il signor Orlov ci ha raccolte e cresciute.<05><5E><05><42>5 2<05> Ma in città lo invidiano<05> perché è ricco e lo accusano.<05> Una persona così gentile...”<05>
0338	<42>5 0<05>“Ah... signor Orlov!”<05>
033A	“Benvenuti... tutti voi.<05><5E><05> Viaggiare in luoghi come questi<05> deve essere successo qualcosa di grave...<05><5E><05> In realtà anch'io ho intenzione<05> di partire presto<05> perché...<05><5E><05> Accolgo e cresco ragazze senza famiglia<05> ma...<05><5E><05> una di loro, Tifa,<05> è stata rapita da dei mostri!”<05>
033E	“Anche noi cerchiamo delle donne rapite.<05> La gente della città ci ha detto che questa villa<05> è sospetta e siamo venuti...<05><5E><05><42>2 3<05> ma pare che ci fossimo sbagliati”<05>.<4C>3<05>
0340	“Ho capito subito<05> che cercate delle donne...<05><5E><05> Quel diadema che portate...<05> è un oggetto da donna.<05><5E><05> Che ne dite? Se il viaggio ha lo stesso scopo<05> unite le forze con noi?”<05>+1<05>
0344	“Grazie.<05><5E><05> Allora festeggiamo: pollo per tutti!<05><5E><05><42>5 2<05><42>4 3<05> Su, portate altri piatti!”<05><5E><05><05> <59>La squadra di Orlov si è unita a te!<05>  Lo Zaffiro di $1 ha brillato!!<5A><05><05>*.122<05><40>26<05><46>13 3<05><46>14 9<05><46>15 21<05><46>16 22<05><46>17 23<05><46>18 24<05><5E><05>“Ehi, non sento odore di bruciato?”<05><05><05><05>*38<05>
0346	“Ma il nemico è una banda misteriosa.<05> Da soli non ce la faremo...<05> Vi prego, combattete con noi”<05>-2<05>
0348	“Disastro!! Un incendio!!<05> Il fornello della cucina ha preso fuoco!”<05>
034A	“C-cosa!!”<05>
034C	“Bene, allo spegnimento<05> ci penso io!<05><42>2 1<05> $1, metti in salvo le donne!”<05>
034E	“Ah, il signor Orlov non c'è!”<05>
0350	“Aaah, il signor Orlov<05> è alla finestra di sinistra<05> del secondo piano!”<05>
0352	“Quest'anello di lapislazzuli<05> volevo assolutamente portarlo via...<05> Meno male, meno male...”<05><40>30<05>
0354	“Ah, anche la villa è bruciata.<05> Sarà il volere del cielo<05> che io cerchi con voi<05> Tifa, la rapita.<05><5E><05> Su, andiamo a Grachesca<05> a prepararci per il viaggio...”<05>*178<05>
0356	“Ah, meno male, signor Orlov”<05>
0358	“Da ora anche noi<05> siamo compagni di $1<05> Vi prego, prendetevi cura di noi”<05>
035A	“Che siamo tutti sani e salvi<05> è una fortuna in mezzo alla sventura...”<05>
035C	#<4C>3<05>“Questo villaggio si chiama Milton.<05> È sotto la protezione del lapislazzuli”<05>
035E	“Ehi, ti sono cresciute le gambe?<05><5E><05> Come? Sono stivali segreti?<05> Non me n'ero accorta”<05>
0360	&33<05>“A Milton, per divertirsi<05> c'è solo il bar Milton”<05>
0362	#!<4C>3<05>“Oh, sei irriconoscibile.<05> Così nessuno se ne accorge”<05>
0364	.<4C>3<05>“Sei un bell'uomo<05> ma sei un po' bassino.<05><5E><05> Prova a metterti questi”<05><5E><05><05><49>255<05><49>155<05> <59>$1 ha ricevuto<05>  gli stivali segreti<5A><05><05>
0366	#<4C>3<05>“Ultimamente mi sembra che la protezione<05> del lapislazzuli si sia indebolita...<05><5E><05> Ma sarà solo un'impressione”<05>
0368	“Fufu.<05> Non me ne sono accorta affatto”<05>
036A	#<4C>3<05>“Ora vado al bar Milton.<05><5E><05> Lì il sake è buonissimo<05> e finisco sempre per bere troppo”<05>
036C	“$1, eri alto.<05> Non sembra affatto innaturale”<05>
036E	#<4C>3<05>“L'altro giorno dei mostri<05> andavano verso la città di Dalbia.<05> Li abbiamo visti nascosti, tutti insieme”<05>
0370	“Oh<05> non ci siamo accorti di niente!”<05>
0372	“Il sake del bar Milton è buono, vero?”<05>%1<05>
0376	#<4C>3<05>“Sei venuto fino a Milton<05> e non bevi il sake di qui? Che stupido”<05>
0378	“Sei venuto fino a Milton<05> e non bevi il sake di qui? Che stupido.<05><5E><05> A proposito, non è affatto innaturale”<05>
037A	#<4C>3<05>“Quello lo vado a comprare io<05> nella città di mare, Dalbia”<05>
037C	“Quello lo vado a comprare io<05> nella città di mare, Dalbia.<05><5E><05> A proposito, non è affatto innaturale”<05>
037E	#<4C>3<05>“Milton è la città dove vive<05> la sacerdotessa del lapislazzuli.<05><5E><05> Ma la sacerdotessa del lapislazzuli<05> di solito non ha una chiesa e la sua fama<05> si tramanda in sordina.<05><5E><05> Dove sia, nemmeno io lo so.<05> Ah ah”<05>
0380	“Ti sta proprio bene.<05><5E><05> No, niente Oh oh oh”<05>
0382	#<4C>3<05>“Ehi, signora!<05> Non sono più bello io?<05><5E><05> ...fai un po' attenzione a me<5B>!”<05>
0384	“Uhi<5B><05><5E><05> Credevo fosse Jumbo Max<05> e invece sei $1”<05>
0386	#<4C>3<05>“Però, che bel tipo<5B><05> C'era uno così bello in città?”<05>
0388	“Sei irriconoscibile.<05> Non me ne sono accorta”<05>
038C	#!<4C>1<05>“Filis... Tifa e poi Elen...<05><5E><05> I mostri hanno rapito tre sacerdotesse<05> ma per fare cosa...<05><5E><05> ......  Hic ......<05> Che cosa vogliono fare?”<05>
038E	&30<05>“$1, Elen e Filis<05> sono sicuramente nell'Harem.<05><5E><05> Non è troppo tardi.<05> Torniamo indietro verso l'Harem?”<05>
0390	“Avevo sospettato di Orlov...<05> Ero fuori di me.<05><5E><05> Orlov, perdonami.<05><5E><05> ...... Hic! ......”<05>
0392	#<4C>3<05>“A quanto pare oggi ho bevuto troppo...”<05>
0394	“Ah<05> non me ne sono accorto, $1”<05>
0396	&!33<05>“Sarà l'ubriachezza ma $1 mi sembra<05> più alto...<05><5E><05> No no, non me ne accorgo”<05>
039C	“In realtà anche la rapita Tifa<05> è figlia di una sacerdotessa.<05><5E><05> Sua madre era la sacerdotessa di questa città<05> ma è morta molto tempo fa<05> e da allora mi sono occupato io di lei...<05><5E><05> ...... Hic ......<05><5E><05> Ah, guardate questo.<05> Non potevo perderlo<05> nell'incendio...<05><5E><05>+1<05>
039E	 L'anello che si tramanda<05> nella famiglia di Tifa: il lapislaz...<05> Hic ......<05><5E><05> Lapis... Hic!...... anzi.<05><5E><05> È l'anello di lapislazzuli<05> della famiglia di Tifa”<05>.<4C>1<05>
03A0	#<4C>3<05>“Oggi ho bevuto troppo, davvero...”<05>
03A2	“Aaaah $1!<05> Sono io! Ci siamo visti a Grachesca<05> la trans-sexy tutta per te!<05><5E><05>#!<4C>3<05> Anche da alto sei splendido, $1!<05> Ma no, non ci hai notata<05>+1<05>
03A4	*.212<05> Ti ho seguito fino a qui<05> non ti la-scio più”<05><44>3<05>.<4C>2<05>
03A6	#<4C>3<05>“Oggi sto alla grande<05>   Il sake è squisito.<05> Per bere, vieni<05>         al bar Milton”<05>
03A8	“Oggi sto alla grande<05>   Non ci siamo accorti!<05> Per bere, vieni<05>         al bar Milton”<05>
03AA	#12<05>“Eh?”<05>
03AC	“Capo! Buongiorno”<05>
03AE	“Ehi, di là ci vai<05> tra dieci anni!”<05>
03B0	#12<05>“Mmh.<05> In effetti è un distintivo di membro.<05><5E><05> E va bene, entra”<05>
03B2	“Capo! Prego!”<05>
03B4	#12<05>“Il distintivo ce l'hai<05> ma.<05><5E><05> le donne non sono ammesse”<05>
03B6	“Capo!<05> La prossima volta senza donne, per favore”<05>
03B8	“Oh! Tu parli con le mucche!<05><5E><05><42>2 0<05> Ah, il sogno di conquistare il mondo<05> si avvererà finalmente?<05><5E><05><42>2 2<05> Comunque, vieni qui!”<05>
03BA	“Questo è il nostro Boss.<05> Mi raccomando, niente mancanze di rispetto.<05><5E><05> Quando l'ho incontrato per la prima volta<05> mi è bastato guardarlo negli occhi.<05><5E><05> 'Costui è colui che può conquistare il mondo<05>  Costui sarà il nostro Boss'<05> ho pensato.<05><5E><05>+1<05>
03BC	 E così per ora l'abbiamo portato qui<05> ma purtroppo non capiamo la sua lingua.<05><5E><05> Il Boss ci ha parlato più volte<05> ma nessuno capisce<05> e non sappiamo cosa fare<05> siamo davvero disperati.<05><5E><05> Guarda gli occhi del Boss”<05>
03BE	“Non mi piace qui<5B><05> Riportatemi subito<05> in campagna<5B><05><5E><05> Eh? Conquistare il mondo?<05> Che roba è?<05><5E><05> Il mio sogno è mangiare<05> fino a scoppiare erba fresca<5B>”<05>*226<05>
03C0	“Cosa? Non voleva conquistare il mondo?<05><5E><05> Assurdo, era una semplice mucca.<05><5E><05> Ma senza il Boss noi...<05><5E><05> Ecco, maestro $1!”<05>
03C2	“Ah<5B> Che classe, Boss! Magnifico!<05> Davvero rassicurante.<05><5E><05> Anche noi ci impegneremo<05> per il sogno di conquistare il mondo.<05><5E><05> Se passate da queste parti<05> fateci un fischio”<05>*.16<05>#92<05>
03C4	<5E><05>“Ora vi consegno<05> la 'Prova del Boss'<05> Provatela in un luogo<05> poco affollato”<05><5E><05><05> <59>Hai ottenuto la Prova del Boss<5A><05>*.236<05><05>
03C6	“Prima<05> avevate lo zaino pieno<05> perciò non ve l'avevo data.<05><5E><05> Vi consegno la 'Prova del Boss'<05> Provatela in un luogo<05> poco affollato”<05><5E><05><05> <59>Hai ottenuto la Prova del Boss<5A><05>*.236<05><05><05>
03C8	“Ah, sei ancora un pivello”<05>
03CA	“Che cattiveria, $1!”<05>
03CC	“Fratello<5B>, non scherzare<5B>”<05>
03CE	“Uffaa<5B><5B><5B><5B>”<05>
03D0	“Ah”<05>
03D2	“Mi raccomando, niente mancanze di rispetto”<05>
03D4	“Vorremmo tanto che diventassi il nostro Boss”<05>+1<05>
03DA	“Eh<5B>, è inutile rifiutare.<05> Conosciamo lo svolgimento del gioco.<05><5E><05> Massacro dopo massacro!<05> Combatti senza pietà!<05> Non sembra proprio uno in cerca di qualcuno.<05><5E><05> Abbiamo fiducia in te, $1, e ti preghiamo.<05> Ti prego! Diventa il nostro Boss!”<05>-2<05>
03DC	.12<05>“Davvero? Grazie.<05> D'ora in poi ti chiameremo Boss!<05><5E><05> Subito, Boss! Vorremmo<05> vedere la tua abilità.<05><5E><05> Rapisci per noi una donna<05> di nome Filis della città di Astholm.<05><5E><05> Ce la fai subito?”<05>
03DE	<49>255<05><49>198<05> La Prova del Boss non si può usare qui<05>
03E0	“Kyaa! Sekol!”<05>
03E2	“Eheh, scusa.<05> Mi prendo la sacerdotessa dello Zaffiro!”<05>
03E4	 <59>Di Filis è rimasto solo<05>  il diadema di Zaffiro...<05><5E><05>  Illuminato dalla luce della luna<05>  lo Zaffiro sembrò brillare<05>  per un istante...<5A><05>
03E6	“Ehi, Sekol...<05> Da piccoli, noi due<05> siamo andati alla festa dello Zaffiro<05> ti ricordi?”<05>%1<05>
03E8	“Ihih... Da allora Sekol<05> non mi sembra cambiato per niente...”<05><05>
03EA	“Quello che disse allora Sekol<05> me lo ricordo tutto...”<05><5E><05> <59>Filis è un po' offesa<5A><05>
03EC	“Scusa! Hai aspettato?<05> Sono venuta ancora con l'abito del rito<05> perché volevo mostrartelo...<05><5E><05> Guarda, sono carina, vero?”<05>
03EE	“Ultimamente in ogni posto l'economia va male.<05> Andando a ovest da qui<05> c'è una città chiamata Dalbia<05> dove i prezzi sono alti e vivere è difficile”<05>
03F0	“Questa è Dalbia.<05> Anche tu vuoi partire<05> passando per il tunnel sottomarino?”<05>
03F2	&36<05>“Tsk, per un po' il tunnel sottomarino<05> non si potrà attraversare”<05>
03F4	“Il tunnel sottomarino è attraversabile?<05> Beh, l'hanno fatta bene”<05>
03F6	“Per andare più avanti<05> non c'è altro che il tunnel sottomarino”<05>
03F8	&36<05>“Io sono un vagabondo...<05> ma qui il cammino finisce!”<05>
03FA	“Io sono un vagabondo...<05> ma ogni tanto vivere tranquillo<05> in un posto è una bella cosa!”<05>
03FC	&36<05>“Da queste parti il tunnel sottomarino<05> è chiuso al transito<05> e il prezzo del cibo è salito.<05><5E><05> Vivere è diventato duro”<05>
03FE	“Da queste parti il tunnel sottomarino<05> è chiuso al transito<05> e il prezzo del cibo è salito.<05><5E><05> Come, vi fanno passare<05> per il tunnel sottomarino?<05> Allora potrei chiedervi di fare la spesa”<05>
0400	“Il permesso di passare<05> per il tunnel sottomarino<05> lo decide il grande mercante Borne”<05>
0402	#26<05>“Borne non ci fa passare per il tunnel<05> perché vuole alzare i prezzi<05> del cibo che importa.<05> Che canaglia!!”<05>
0404	“Pare che Borne, un tempo, abbia chiesto soldi<05> a un ricco che vive vicino a Grachesca<05> per scavare il tunnel e costruire il suo patrimonio.<05><5E><05> Ma non li ha ancora restituiti<05> e con quell'uomo non può alzare la testa”<05>
0406	“Sembra che per andare avanti<05> non ci sia che il tunnel sottomarino.<05> Però è chiuso al transito...<05> Che facciamo, $1?”<05>
0408	&36<05>“Cosa? Vuoi passare per il tunnel?<05> Allora chiedilo al signor Borne.<05> Al signor Borne”<05>
040A	“Il signor Borne ha aperto il tunnel<05> sottomarino?<05><5E><05> Mah, chissà com'è andata”<05>
040C	“Ah, mi manca<05> mia madre rimasta a Rutom...”<05>
040E	“Nei giorni senza lavoro non c'è di meglio che oziare.<05> Anche tu, non fare quella faccia seria<05> oziare è la cosa migliore”<05>
0410	“Oltre il mare, dalle parti<05> della città di Rutom, il cielo<05> bruciava di rosso.<05><5E><05> Non sarà che i mostri l'hanno distrutta...”<05>
0412	“Qui è la Borne Trasporti Marittimi.<05> Chi ha bisogno<05> salga al piano di sopra”<05>
0414	&36<05>“Il tunnel sottomarino non si può passare<05> per un po'”<05>
0416	“Ti hanno fatto passare<05> nel tunnel sottomarino?<05> Che sorpresa...”<05>
0418	&36<05>“Oltre al tunnel sottomarino<05> non c'è altro modo per andare<05> nella città vicina, Rutom”<05>
041A	“Come, Borne ha aperto<05> il tunnel sottomarino?<05> Che sorpresa.<05><5E><05> Gli avevi prestato dei soldi?”<05>
041C	&!36<05>“Se me lo avessi detto subito<05> ti avrei fatto passare<05> $1, sei un tipo cattivo”<05>
041E	&!34<05>“No, no, non si passa.<05> Nel tunnel sottomarino<05> se porti 1000000<47> è un'altra storia”<05><40>36<05>*45<05>
0420	#26<05>“Sei tu quello che vuole passare per il tunnel?<05> No no no! Non si passa!<05> Chi non ha soldi non passa.<05><5E><05> Sono un povero diavolo che non riesce<05> a restituire nemmeno un prestito.<05><5E><05> E vuoi rovinare l'unico affare<05> di un povero vecchio? Demonio!!”<05>.26<05>
0422	“Il demonio se n'è andato, se n'è andato!!”<05>
0424	“Eh eh, sei proprio un furfante”<05>
0426	“Ah! Quel suo volto è...!?”<05>
0428	“Sono Orlov, quello che ti ha prestato i soldi<5B>!!”<05>
042A	“S-subito!<05> Vi concedo il passaggio<05> nel tunnel sottomarinoooo!!”<05>
042C	“Che bello, che bello.<05> Andate avanti, io vi aspetto”<05>
042E	#26<05>“In realtà in questa città<05> dovrebbe abitare<05> un uomo che conoscevo da tempo”<05>
0430	“Ah ah, un certo Borne...<05><5E><05> Ho capito.<05> Glielo chiederò io”<05><40>34<05><44>3<05>
0434	*.137<05>#90<05>“Senza il permesso del signor Borne<05> nel tunnel sottomarino non si passa”<05>
0436	“Anche con il distintivo di membro<05> senza il permesso del signor Borne<05> nel tunnel sottomarino non si passa”<05>
0438	&37<05>“Ah, ma siete ospiti<05> del signor Borne<05> $1, sei un tipo cattivo”<05>*46<05><40>37<05>
043A	“Ti prego, basta<5B>”<05>*46<05>
043C	“Glu glu glu......”<05>
043E	<05> <59>L'uomo affondò<5A><05>
0440	“Questo tunnel sottomarino<05> è del grande mercante Borne.<05> Chi lo usa senza permesso<05> le prende”<05>
0442	“Tunnel sottomarino: info<05><05>   Amata da tutti<05>     <59>Borne Trasporti<5A>  ”<05>
0444	“Dicono che Rutom sia una bella città<05> con tanto cibo squisito...<05><5E><05> Ora che ci penso, ultimamente non se ne parla.<05> Chissà cosa succede”<05>
0446	&36<05>“Ora che ci penso, è da un po'<05> che non mangio i piatti di Rutom...<05><5E><05> Ah, voglio andare a Rutom, a Rutom!<05> Ah, voglio andare a Rutom, a Rutom!<05> Ah, voglio andare a Ru<5B>tom.<05><5E><05> Capisci come mi sento?”<05>
0448	“Tu vai a Rutom?<05> Che invidia.<05><5E><05> Ah, voglio andare a Rutom, a Rutom!<05> Ah, voglio andare a Rutom, a Rutom!<05> Ah, voglio andare a Ru<5B>tom.<05><5E><05> Voglio andarci anch'io!”<05>
044A	&36<05>“Ti dico una cosa, ma resta tra noi<05> ultimamente dal tunnel sottomarino<05> ogni notte si sentono lamenti umani.<05><5E><05> Che storia spaventosa, brrr”<05>
044C	“Ti dico una cosa, ma resta tra noi<05> ultimamente dal tunnel sottomarino<05> ogni notte si sentono lamenti umani.<05><5E><05> Ti do un consiglio, non pensare<05> di passare per il tunnel<05> sottomarino, brrr”<05>
044E	“La nostra città, Rutom, è stata attaccata<05> e distrutta dai mostri.<05> Siamo scappati a stento<05> e ci siamo rifugiati in questo tunnel”<05>
0450	“Ti prego, prega<05> per chi non c'è più”<05>
0452	“Ho fame<5B>! Datemi qualcosa da mangiare<5B>”<05>
0454	“Ora perfino il cibo per i feriti<05> scarseggia.<05> Se potessi, quel mostro<05> lo sistemerei subito!”<05>
0456	“Nella base dei mostri<05> c'è una signora vestita da sacerdotessa<05> prigioniera! Io e i miei amici l'abbiamo visto!”<05>&!39<05>
045A	“Ehi tu! È vero?”<05>
045C	“Sì, è vero.<05> Dicono che la portano in un altro posto”<05>
045E	“$1, io vado avanti.<05> Voi seguitemi dopo!!<05><5E><05> Elen...... aspettami...”<05><40>39<05>
0460	“Qui i sani<05> si contano sulle dita.<05> Io non sono ferito, ma...<05><5E><05> in realtà ho le emorroidi, uffa”<05>
0462	“La mia casa e la mia famiglia<05> non ci sono più...”<05>
0464	<05>“Ahi ahi ahi, che male”<05>
0466	&39<05>“A quanto pare da queste parti<05> i mostri hanno costruito una base.<05><5E><05> Chissà quale sia lo scopo.<05> Che cose orribili fanno...”<05>
0468	“Loran è andato da solo alla base nemica?<05> Male, molto male.<05> Gli sarà salito il sangue alla testa.<05><5E><05> Dobbiamo seguirlo subito”<05>
046A	&39<05>“Dottore, so che è occupato<05> ma non mi lasci qui.<05><5E><05> Sono un ferito, io...”<05>
046C	“Uhi, ahi...<05> Sono stato spinto<05> da un tizio elegante che ha cambiato sguardo...<05><5E><05> Io che sono ferito...”<05>
046E	“La città di Rutom è ridotta come vedi.<05> Un mostro con due donne in vesti bianche<05> è arrivato all'improvviso e ha fatto piovere<05> fulmini a ripetizione.<05><5E><05> Maledetti! Che cosa<05> abbiamo fatto noi?!”<05>
0470	“In realtà qui doveva esserci<05> la casa mia e di mio marito...<05><5E><05> Ah, caro... dove sei?<05> Se scherzi, esci subito...”<05>
0472	“Solo questo edificio<05> si è salvato dalla distruzione...<05><5E><05> A proposito, di sotto c'era il locandiere?”<05>%1<05>
0474	“Ah, mio padre sta bene.<05> Allora gestiva la locanda in salute, no?”<05>
0476	“Ah, papà...<05> Anche papà è stato ucciso dai mostri”<05>
0478	“Tunn... sottom... info<05><05>   Am... da tu...<05>     <59>Bo...ti<5A>  ”<05>
047A	“Questa è Irondel.<05> Da quando i mostri hanno fatto<05> una base qui vicino<05> nessuno esce di casa”<05>
047C	“Tu con quella spada<05> sei un compagno dei mostri?<05> Gente pericolosa<05> andate via subito da questa città!”<05>
047E	“Poco fa dei tizi armati<05> sono piombati nella base dei mostri.<05> Che pazzi.<05> Che brutta storia!”<05>
0480	“Elen!!”<05>
0482	“............<05> Dove sono... In ospedale a Irondel...<05><5E><05> Scusa, $1...<05> ho agito d'impulso...<05><5E><05> Quel mostro di fuoco<05> non l'ho scalfito...<05><5E><05> Fillossera... è il suo nome.<05><5E><05> Con il bastone di Smeraldo<05> potrei usare la magia...<05><5E><05> Il ghiaccio<05> forse lo sconfiggerebbe...”<05>
0484	“$1... non sottovalutare Fillossera.<05><5E><05> Senza una magia potente<05> non puoi fargli nemmeno<05> un graffio”<05>
0486	&49<05>“In quella base ho visto Elen!<05> E anche Filis e Tifa!”<05>
0488	“Con la mia magia del ghiaccio, Kurnas,<05> forse lo sconfiggo.<05><5E><05> Su, all'attacco della base!”<05>
048A	“Aspetta, $1<05><5E><05> ...Vengo anch'io”<05><40>43<05>
048C	“La gente della città è commossa<05> dal vostro coraggio di sfidare il nemico.<05> Ormai non c'è più nessuno che taccia”<05>
048E	&43<05>“Che gente sconsiderata”<05>
0490	“Loran, già riesci a camminare!<05> Che guarigione miracolosa”<05>
0492	“Ah<5B>, il vostro coraggio<05> mi ha davvero conquistato.<05> Stringetemi la mano”<05><5E><05><05> <59>$1 e gli altri gli hanno stretto la mano<5A><05><05><05>
0494	&52<05>“Ehi, tornati vivi!<05> Un miracolo, un miracolo!!”<05>
0496	“Avete sconfitto i mostri?<05> Altro che miracolo!!”<05>
0498	“Grazie a Loran tutta la città<05> ci chiede di stringerci la mano.<05><5E><05> Per il bene di questa gente<05> dobbiamo sconfiggere presto Fillossera”<05>
049A	&44<05>“Anche tra i miei amici<05> c'è uno coraggioso!<05> Si chiama Marle...<05><5E><05> È entrato di nascosto in quella base<05> e ha trovato una signora!<05><5E><05> Lei gli ha affidato<05> un bastone con una pietra verde!!<05><5E><05> Forse Marle gioca a nascondino<05> in piazza”<05>*50<05>
049E	“È il bastone di Smeraldo di Elen!<05> Bene, cerchiamo questo Marle”<05><40>44<05>
04A0	&44<05>“Pro<5B>n<5B>to<5B><5B><5B>?”<05>
04A2	&45<05>“Dove si saranno nascosti tutti”<05>
04A4	&46<05>.37<05>*49<05>“Eh? Mi hanno trovato.<05> Credevo che con il travestimento non mi riconosceste”<05>
04A6	&49<05>“...Eh? Dov'è Marle?<05> Peccato, oggi non è venuto.<05><5E><05> Casa sua è un negozio di attrezzi.<05> Perché non provi a passare?”<05>
04A8	“Evviva! Gente coraggiosa!<05> Stringimi la mano, stringimi la mano!”<05>
04AA	&45<05>“Dove mi nascondo... ah!<05> Mi hanno trovato!”<05>.<4C>4<05>*51<05>
04AE	#<4C>1<05>*49<05>“Sono un albero...<05> Sono un albero, non parlarmi”<05>.36<05>.<4C>1<05>
04B0	“Mi hanno trovato...<05> Pensavo di essere un albero...”<05>
04B2	<40>46<05>“...Eh? Dov'è Marle?<05> Peccato, oggi non è venuto.<05><5E><05> Casa sua è un negozio di attrezzi.<05> Perché non provi a passare?”<05>
04B4	&45<05>“Uh!<05> Mi hanno trovato!”<05>.<4C>5<05>*26<05>
04B8	*49<05>“Uh!<05> Mi hanno trovato!<05>.38<05><5E><05> Ero dietro un tipo grosso<05> pensavo di non essere visto”<05>
04BA	“Fratello, sei bravo a trovarci.<05> Ora giochiamo a nascondino in tutta la città!<05> Fratello, ora sei tu che conti”<05>
04BC	“Pro<5B>n<5B>ti<5B><5B>!”<05><40>45<05>
04BE	&46<05>“Zzz... mmm mmm...”<05>
04C4	“Mmm mmm...<05><5E><05> Chi siete, signori?”<05>
04CA	“Uaaa! Uaaa!”<05>
04CC	“Uè... hic...<05><5E><05> Quel signore<05> mi fa i dispetti, non mi piace...”<05>
04CE	“Uè... hic...<05><5E><05> Mio fratello è andato<05> in ospedale a cercare<05> gente coraggiosa, hic!”<05>
04D0	“Sei Marle, vero?<05> Dov'è il bastone? Dammelo!”<05><40>47<05>
04D2	“Sono io Marle, vero?”<05><40>49<05>
04D4	“$1, che succede?<05><5E><05> Come? Hai fatto piangere il bambino<05> che ha il bastone di mia sorella?<05> Loran, sei incorreggibile...<05><5E><05> Lascia che mi occupi io<05> del bambino”<05><40>48<05>
04D6	&!52<05>“Avete sconfitto i mostri.<05> Siete davvero<05> gente coraggiosa”<05>
04D8	&!50<05>“Gente coraggiosa,<05> fatevi forza!”<05>
04DA	“Vi cercavo!<05> Ero sicuro che foste qui.<05><5E><05> Questo bastone me l'ha affidato<05> una signora, Elen, dicendo<05> di darlo a un certo Loran...”<05><5E><05>*.16<05>#92<05>“Ma avete lo zaino pieno<05> non posso darvelo”<05>
04DC	<05><49>255<05><49>218<05>*.236<05> <59>Hai ottenuto il bastone di Smeraldo<05>  Loran può usare la magia!<5A><05><05><40>50<05>*57<05>
04DE	“Il potere sacro del bastone di Smeraldo<05> ci guiderà di sicuro<05> da mia sorella”<05>
04E0	“Accidenti!<05> Mi hanno trovato”<05>*78<05>
04E2	“Al ladro! Al ladro!”<05>
04E4	“Cari bambini,<05> non fate chiasso in piazza”<05>
04E6	&52<05>“Volete tornare alla base dei mostri?<05><5E><05> Lasciate stare<05> quelli vi stanno tendendo un'imboscata!”<05>
04E8	“Avete sconfitto quei mostri?<05><5E><05> Sapevo che non eravate gente comune<05> ma davvero<05> siete coraggiosi!”<05>
04EA	&52<05>“Anche le ragazze chiuse nella base<05> avranno una famiglia.<05><5E><05> Da qualche parte<05> sicuramente soffrono”<05>
04EC	“Dove vorranno portare<05> quelle ragazze i mostri?<05> Poverette”<05>
04EE	&52<05>“Nella base dei mostri qui vicino<05> hanno portato tre ragazze.<05><5E><05> Dicono che se tardano<05> le portano altrove”<05>
04F0	“Pare che le ragazze<05> della base dei mostri siano state portate via...<05><5E><05> Da quella direzione<05> le avranno portate alla Muraglia di Banyuls?”<05>
04F2	&52<05>“Nella base nemica c'è poco spazio<05> quindi combatterà solo il capitano.<05><5E><05> Sarà una battaglia dura...”<05>
04F4	“Li avete sconfitti in tre?!<05> Incredibile...<05><5E><05> Beh, altrimenti<05> non sareste capitani”<05>
04F6	“L-Loran...<05> Ma è terribile.<05><5E><05> Ritiriamoci<05> per ora a Irondel”<05>+1<05>
04FA	“Su, $1, sbrighiamoci”<05><40>42<05>
04FC	“$1, ora la cosa più urgente<05> è aiutare Loran.<05> Su, ritiriamoci”<05>-2<05>
04FE	“Argh!......<05> Elen...... Elen!”<05>
0500	“Aiuto, aiutatemi!”<05>
0502	&!51<05>“Siete tornati, sciocchi...<05> Fatevi pure avanti quante volte volete.<05> Da qui non passerete<05> nemmeno di un passo!”<05>
0506	“Fufufu.<05> Siete un po' in ritardo!<05><5E><05> Le ragazze sono già state<05> portate da Lui!<05><5E><05> In ogni caso, voi<05> non farete un passo oltre!”<05>
0508	“Stolti...<05> Il mondo presto sarà nostro...<05> ......Gwahahaha......”<05><5E><05><05> <59>Fillossera è morto...<5A><05><05><05><40>52<05>
050A	“Quel tizio una volta gestiva<05> una locanda da queste parti.<05> Ora che i mostri se ne sono andati<05> vuole riaprirla.<05><5E><05> Ma verranno davvero clienti?”<05>
050C	&57<05>“Ah ah, nel nostro villaggio di Susandna<05> è da quanti anni che un giovane<05> non ci fa visita?”<05>
050E	&60<05>“Questo villaggio<05> è Susandna, villaggio di petrolio e di povertà.<05> Un giovane che ci visita<05> è da quanti anni che non succede?”<05>
0510	“Questo villaggio<05> è Susandna, ricco dell'umidità dell'oasi.<05><5E><05> Ora che abbiamo acqua e petrolio<05> vorrei che giovani dal cuore ardente<05> rinnovassero il villaggio”<05>
0512	&57<05>“Il pozzo del villaggio è secco”<05>
0514	&60<05>“Il petrolio esce dal terreno, eh”<05>
0516	“$1, l'oasi è proprio<05> una bella cosa, eh”<05>
0518	“Tu sei mio figlio Penta!<05> Penta, vero? Guarda bene!<05> Io sono tuo padre, Scapan!<05> Che gioia, che gioia!”<05>
051A	“Hai incontrato il vecchio Scapan?”<05>%1<05>
051C	“Questo è un villaggio spopolato.<05> Anche il figlio di Scapan<05> ha lasciato il villaggio.<05> Come far tornare i giovani?”<05>
051E	“Beh, se incontri quel vecchio<05> capirai quanto<05> sia spopolato questo villaggio”<05>
0520	&66<05>“Cerchi i mostri?<05> Allora è la Muraglia di Banyuls.<05><5E><05> Lì da poco<05> si sono insediati dei mostri”<05>
0522	“Siete voi che avete cacciato<05> i mostri dalla Muraglia di Banyuls?<05><5E><05> Siete davvero in gamba”<05>
0524	&57<05>“Ai confini del deserto da sempre<05> c'è una grande fortezza<05> la Muraglia di Banyuls.<05><5E><05> Grazie a lei noi del deserto<05> vivevamo in pace.<05><5E><05> Ma da un po' di tempo<05> ci sono dei mostri<05> e hanno distrutto anche il pozzo del villaggio”<05>
0526	&66<05>“L'oasi va bene<05> ma finché i mostri girano qui intorno<05> non c'è vecchiaia serena”<05>
0528	“Ultimamente i mostri<05> mi sembrano diminuiti<05> o è solo un'impressione?”<05>
052A	&66<05>“In questo deserto<05> vivono persone che vagano con tutta la città.<05><5E><05> Li chiamano<05> il popolo di Winga”<05>.<4C>7<05>
052C	“La città di Winga<05> pare sia completamente distrutta.<05> Che cosa sarà successo?”<05>
052E	&!60<05>“Ormai che siamo arrivati<05> dobbiamo incontrare il popolo di Winga<05> e farci dire come entrare nella Muraglia”<05>
0530	&!59<05>“Dopo la scorta per lo scavo del pozzo, ora lo scavo di un canale?<05> Beh, a viaggiare a lungo<05> ne capitano di tutti i colori”<05>
0532	“Hai sentito parlare<05> del popolo di Winga?”<05>%1<05>
0536	“Anch'io non lo so<05> e sono in difficoltà”<05>
0538	“Un popolo che vaga nel deserto con tutta la città...<05><5E><05> Se Tifa e le altre sono prigioniere<05> nella Muraglia, forse<05> dovremmo incontrarli.<05><5E><05> Il popolo di Winga potrebbe conoscere<05> un modo per entrare nella Muraglia...”<05>
053A	&53<05>“Per incontrare il popolo di Winga<05> serve il sigillo di Winga.<05> Ce l'ha l'anziano<05> di questo villaggio”<05><40>53<05>
053C	&66<05>“Già, il popolo di Winga<05> forse conosce il modo<05> per entrare nella Muraglia”<05>
053E	“Anche voi, così giovani,<05> sembrate aver sofferto molto.<05><5E><05> Preghiamo anche noi qui<05> che troviate le persone che cercate.<05> Fatevi coraggio”<05>
0540	&60<05>“Il popolo di Winga non si mostra<05> nemmeno a chi non ha<05> il sigillo di Winga, segno di amicizia”<05>
0542	&66<05>“Il popolo di Winga<05> è orgoglioso<05> del proprio coraggio.<05><5E><05> Sarà molto amareggiato<05> che dei mostri si siano insediati nella Muraglia”<05>
0544	“Uhm, avete inseguito una ragazza rapita<05> fino alla Muraglia di Banyuls.<05><5E><05> Come siete riusciti a entrare?”<05>
0546	&54<05>“Hai sentito, $1? Filis e le altre<05> sembrano essere alla Muraglia di Banyuls.<05><5E><05> Ma la Muraglia di Banyuls<05> è circondata da mura alte<05> e solide...<05><5E><05> Come facciamo a entrare<05> nella Muraglia?!”<05>
0548	&59<05>“Elen...<05> Io, capitano della guardia di Segaltea, ho finito<05> per fare perfino la scorta<05> agli scavatori di pozzi...”<05>
054A	“Per sapere come entrare nella Muraglia<05> dovremo incontrare il popolo di Winga...<05><5E><05> Allora, finché non avremo il sigillo di Winga<05> scaveremo petrolio, acqua<05> qualsiasi cosa!”<05>
0554	“Cosa? Vuoi il petrolio?<05> Prendilo, prendilo! Di petrolio<05> ne abbiamo quanto ne vuoi!<05> Ecco il petrolio”<05><5E><05>*.16<05>#92<05>“Ah, $1 non può portare altro.<05> Devi vendere qualcosa”<05>
0556	<05><49>255<05><49>218<05> <59>$1 ha ottenuto il petrolio<5A><05><05><05>*169<05><40>90<05>
0558	&!55<05>“A sud-ovest di questo villaggio<05> c'è un cantiere di scavo del pozzo.<05> Andate lì.<05><5E><05> Basta che proteggiate<05> la nostra gente dai mostri.<05><5E><05> Vi prego, se esce l'acqua<05> il sigillo di Winga è vostro”<05>
055A	&53<05>“Ah<5B>, beato te che sei giovane.<05> Io sono l'anziano, per questo<05> ho già 119 anni”<05>
055C	&!54<05>“Se non fate bene la scorta<05> il sigillo di Winga non ve lo do.<05><5E><05> Volete riprovare la scorta?”<05>+3<05>
055E	#<4C>1<05>“Vuoi il sigillo di Winga?<05> Mmh<5B>, non si dà gratis.<05><5E><05> Ecco! Volete farci<05> da scorta mentre<05> scaviamo il pozzo?”<05>+2<05>
0560	“Dai, fare da scorta allo scavo<05> è facile, no? Provaci?”<05>+1<05>
0564	“Bene, allora subito<05> a sud-ovest di questo villaggio<05> c'è un cantiere di scavo.<05> Andate lì.<05><5E><05> Basta che proteggiate<05> la nostra gente dai mostri.<05><5E><05> Quando uscirà l'acqua<05> vi darò il sigillo di Winga”<05><40>55<05>
0566	“Ah, capisco.<05> Non sai rispettare i vecchi?<05> Allora il sigillo di Winga<05> non ve lo do”<05>.<4C>1<05>
0568	&59<05>“Il sigillo di Winga?<05> No no! Se non esce l'acqua non lo do.<05> Dal pozzo è uscito petrolio!<05> E il petrolio non si beve!<05><5E><05> Ecco! Invece del pozzo<05> portate l'acqua dall'oasi?”<05>+2<05>
056A	“Con il piccone, scava<05> partendo dalla terra incolta accanto<05> all'oasi a nord-est.<05><5E><05> Usa il piccone con <59>Equip<5A> e<05> attacca il terreno incolto.<05> Facile, no?”<05>
0570	“Che peccato, se lo facevate<05> vi davo il sigillo di Winga...<05> Allora, non vi va di provare?”<05>-2<05>
0572	“Oh, accettate?<05> Allora se riuscite, questa volta<05> vi darò il sigillo di Winga.<05><5E><05> Ecco, vi do questo piccone<05> scavate un canale dall'oasi a nord-est<05> fino al villaggio, vi prego”<05><5E><05>*.16<05>#92<05>“Ah, $1 non può portare altro.<05> Devi vendere qualcosa”<05>
0574	*171<05><05><49>255<05><49>218<05> <59>$1 ha ricevuto il piccone<5A><05><05><05><5E><05><40>59<05>-5<05>
0576	&!61<05>“Che buona che è l'acqua”<05>
0578	“Ce l'avete fatta.<05> Ecco il sigillo di Winga”<05><5E><05>“Se lo usate nel deserto<05> il popolo di Winga si mostrerà...”<05><5E><05>*.16<05>#92<05>“Ah, $1 non può portare altro.<05> Devi vendere qualcosa”<05>
057A	<05><49>255<05><49>218<05> <59>$1 ha ricevuto il sigillo di Winga<5A><05><05>*170<05><40>61<05>
0580	“Ah, $1<05> c'è una cosa per te.<05> Guarda!”<05><5E><05><05><49>255<05><49>218<05> <59>Hai ottenuto l'Acqua buona di Susandna<5A><05><05><5E><05>.28<05>>10<05>#90<05>“In realtà costa 10<47><05> ma se ne hai meno va bene”<05>*.160<05><5E><05><05><49>139<05> <59>Hai pagato quanto avevi<5A><05><05><05>*85<05>
0582	/<05>“In realtà costa 30<47><05> ma per $1 mi bastano 10<47>”<05><5E><05><05><49>139<05> <59>Hai pagato 10<47><5A><05><05><05>*85<05>
0584	“Sei un uomo straordinario”<05>
0586	“Tra 4 turni<05> uscirà l'acqua, oh oh<5B>”<05>
0588	“Tra 3 turni<05> uscirà l'acqua, oh oh<5B>”<05>
058A	“Tra 2 turni<05> uscirà l'acqua, oh oh<5B>”<05>
058C	“Tra 1 turno<05> uscirà l'acqua, oh oh<5B>”<05>
058E	“Esce<5B>! Esce<5B>! Oh oh<5B><05><5E><05> Ehi<5B>, non è acqua.<05> È petrolio<5B> Oh oh<5B>”<05>
0590	“Petrolio, petrolio, non si beve!<05><5E><05> Comunque ritiriamoci tutti<5B><05> Oh oh<5B>”<05>
0592	“Ahi ahi... ci hanno fregati<5B><05> Tutti al villaggio, scappate<5B> Oh oh<5B>”<05>
0594	“La Muraglia di Banyuls<05> è molto antica.<05> Si dice che esista fin dall'antichità<05> dall'epoca di Rambulvil”<05>
0596	<59>Hai portato l'acqua dall'oasi!<5A><05>*.236<05>
0598	“Noi, il popolo di Winga,<05> diamo il benvenuto a voi<05> che possedete il sigillo di Winga”<05>
059A	“Benvenuti nella città di Winga!<05><5E><05> Quanti anni che non arriva<05> un ospite con il sigillo di Winga.<05><5E><05> Una città come questa è rara<05> quindi guardatevi pure intorno”<05>
059C	“Da tempi remoti, noi<05> cerchiamo terre in cui vivere bene<05> nel deserto e ci spostiamo<05> con le stagioni”<05>
059E	“Sei stato nella sala di comando<05> di questa città mobile?<05> È fighissima!<05><5E><05> Ma se entriamo noi bambini<05> ci sgridano”<05>
05A0	“Da un po' nella Muraglia di Banyuls<05> si sono insediati dei mostri<05> di cui non si sa niente.<05><5E><05> Da allora sono preoccupata”<05>
05A2	“Noi, coraggioso popolo di Winga,<05> non lasceremo certo in pace<05> i mostri insediati<05> nella Muraglia di Banyuls!”<05>
05A4	“Pare che nella Muraglia di Banyuls<05> siano prigioniere<05> tre giovani sacerdotesse<05> rapite da chissà dove...”<05>
05A6	&64<05>“Ah, vorrei piacere alle donne.<05> Pur di piacere alle donne io<05> farei di tutto...”<05>
05A8	“Accidenti, sarà una buona idea?<05> Contro quei mostri.<05> Mamma mia.<05><5E><05> Ma pur di piacere<05> io lo faccio”<05>
05AA	“Guarda il mio orgoglio<05> il generatore che accumula<05> la forza del vento!<05> Oggi va alla grande, eh!”<05>
05AC	&63<05>“In questo momento stanno facendo<05> il consiglio di guerra<05> per attaccare la Muraglia di Banyuls”<05>
05AE	“Ah... è la battaglia decisiva.<05> Facciamo vedere di che pasta siamo fatti... Fufu”<05>
05B0	&63<05>“Quando ho detto che la sacerdotessa<05> che cerchiamo era stata rapita dai mostri<05> mi hanno invitato a combattere insieme.<05><5E><05> Certo, anche noi<05> combatteremo con loro!”<05>
05B2	“È arrivato il momento della battaglia!”<05>
05B4	“Su, combattiamo insieme.<05> Mi viene il tremito da guerriero.<05> Brrrrrrrrrrrrrr!”<05>
05B6	“Voi e noi<05> odiamo quei mostri<05> allo stesso modo.<05><5E><05> Facciamoli fuori!!”<05>
05B8	&!63<05>“Su, alla sala di comando!”<05>
05BA	&!62<05>“Ora vi spiego<05> il piano d'assalto.<05> Sedetevi sulle sedie libere”<05>
05BC	“$1, ho saputo da Loran<05> e da Orlov.<05><5E><05> Combatterete con noi, vero?”<05>+1<05>
05C0	“Grazie, ora vi spiego<05> il piano d'assalto.<05> Sedetevi sulle sedie libere”<05><40>62<05>
05C2	“No, tu non sei una persona<05> senza coraggio.<05> Combatterai con noi, vero?”<05>-2<05>
05C4	“Questa è la Muraglia di Banyuls”<05>
05C6	“L'assalto naturalmente<05> lo faremo con questa città mobile<05> speronando la Muraglia”<05>
05C8	“Il punto d'attacco è<05> proprio sotto la torre centrale<05> della Muraglia”<05>
05CA	“Quando la città mobile si conficca<05> nella Muraglia, le truppe di Winga<05> entreranno e attaccheranno.<05><5E><05> Ma il vostro scopo, $1, salvare<05> le sacerdotesse, è un problema.<05> Secondo i nostri esploratori<05> le celle in fondo alla Muraglia<05> sono protette da barriere difensive”<05>
05CC	“Per passare<05> occorre aprire le 3 barriere difensive<05> una squadra per ciascuna”<05>
05CE	“Inoltre, nello stesso tempo<05> un'altra squadra dovrà andare<05> a salvarle dentro le celle...”<05>
05D0	“Ma siamo 3 squadre!<05> Se abbattiamo le barriere<05> in tre punti<05> non resta nessuno per il salvataggio!”<05>
05D4	“Ah, scusate il ritardo...<05> Che c'è? Che c'è?<05> Perché avete tutti quelle facce?”<05>
05D6	“Sciocco! Ti avevo detto<05> di non arrivare tardi al consiglio!<05><5E><05><42>7 1<05> Ah, scusate tutti.<05><5E><05> Allora noi di Winga<05> vi presteremo una squadra.<05><5E><05><42>7 3<05> Perfetto... Hans!<05> Vai tu con la tua squadra?”<05>
05D8	“I-io?”<05>
05DA	“Hans, se porti a termine<05> questa missione<05> piacerai alle donne!”<05>
05DC	“Davvero? Davvero?<05> Allora ci sto”<05>
05DE	“Allora è deciso<05> $1, vi va bene?”<05>+1<05>
05E2	“Ora devo preparare<05> la squadra d'assalto.<05><5E><05> $1, la guida di questa città mobile<05> la affido a te Vai nella sala<05> di comando e siediti al posto di guida”<05><40>63<05>
05E4	“Ma non c'è altro modo.<05> Vi prego, accettate”<05>-2<05>
05E6	“Pur di piacere, io lo faccio”<05>
05E8	&63<05>“Questa è la sala di comando di Winga”<05>
05EA	“Su! Siediti al posto di guida<05> e pilota Winga”<05>
05EC	“All'assalto!”<05>
05EE	“Abbiamo sconfitto i mostri!<05> Viva Winga!”<05>
05F0	#<4C>1<05>“Non sono mai stata così felice.<05> Oggi bevo fino allo stremo!”<05>.<4C>1<05>
05F2	“Hic! Ehi, tu!<05> A guardarti bene<05> sei proprio un bel tipo!<05> Mi sa che mi innamoro... hic!”<05>
05F4	“I guerrieri di Winga<05> erano fortissimi, eh!”<05>
05F6	“Chi ha sorretto<05> questa vittoria da dietro le quinte<05> è il sottoscritto<05> che si occupa del generatore! Ah ah!”<05>
05F8	&77<05>“Per il popolo di Winga<05> questa forse è una vittoria...<05><5E><05> Ma finché le sacerdotesse non saranno salve<05> per noi non c'è vittoria!”<05>
05FA	“Ma c'è davvero un passaggio<05> nella Muraglia, $1?”<05>%1<05>
05FC	“Se lo dici tu, $1<05> il passaggio ci sarà...<05> Ci fidiamo del tuo fiuto, $1”<05>
05FE	“Lo pensi anche tu, $1?<05> Quel Hans<05> sembra un tipo esaltato”<05>
0600	&77<05>“Chissà come stanno adesso<05> Tifa e le altre”<05>
0602	“Su, riprendiamo anche noi il viaggio”<05>
0604	“$1, capisco il tuo rammarico<05> per non aver salvato<05> le sacerdotesse...”<05>
0606	“Su, festeggiamo<05> aver spazzato via il nemico.<05> Bevete quanto volete!”<05>
0608	“Ehi $1!<05> Ho fatto colpo davvero.<05> Vale la pena di combattere<5B>”<05>
060A	#<4C>2<05>“Ehi, sei tu il famoso $1?<05> Mi piacciono gli uomini forti<5B>”<05>.<4C>2<05>
060C	“Un uomo deve essere forte<05> eh<5B>, beviamo insieme?”<05>
060E	&72<05>“Ha<5B>ns, mi sa che<05> ho bevuto trop<5B>po”<05>
0610	“Ehi<5B>, Ha<5B>ns<05> dove sei andato<5B><05> Ehi<5B>!”<05>
0612	&72<05>“...$1, sei tu...<05> Abbiamo sconfitto i mostri della Muraglia<05> ma Winga per lo shock dell'assalto<05> non si muoverà per un po'...<05><5E><05> Toccherà ricostruire la città da capo...”<05>*62<05>
0614	“Quel Hans<05> è un pasticcione ma è un bravo ragazzo.<05> Sembra fifone ma ha un buon braccio.<05><5E><05> Ti prego di prenderti cura di lui, $1”<05>
0616	“Se dobbiamo ricostruire la città<05> potrei viaggiare con $1<05> e vedere tante città?<05> Sarà un'ottima fonte di ispirazione”<05>
0618	“Per essere te, è una bella idea.<05> Ottimo, Hans!”<05>
061A	“Allora vado subito<05> a preparare la partenza di sotto”<05><40>72<05>
061C	“Su, la nostra squadra<05> è pronta<05> $1, andiamo!!<05><5E><05> Se da adesso combattiamo insieme<05> in giro per tanti posti<05> piaceremo a tutto il mondo, no?<05> Su, facciamoci amare insieme!”<05>+1<05>
0620	“Evvivaaa<5B>!!”<05><5E><05><05> <59>La squadra di Hans si è unita a te!<05>  Lo Zaffiro di $1 ha brillato!!<5A><05><05>*.122<05><5E><05>“Le sacerdotesse sembrano portate<05> oltre la Muraglia.<05><5E><05> Secondo me dall'interno<05> si arriva dall'altra parte...<05><5E><05> Capo! Alla sala di comando!”<05><40>76<05>*61<05>
0622	“Che crudeltà, Capo!<05> Combatterò bene, giuro.<05> In realtà voglio rendermi utile.<05> Mi porterai con te, vero?”<05>-2<05>
0624	“Ecco qua, un attimo e fatto”<05>
0626	“Dai, Capo, andiamo!!”<05><40>77<05>
0628	&77<05>“Capo! Andiamo alla sala di comando,<05> alla sala di comando!”<05>
062A	“Secondo me dall'interno della Muraglia<05> si può arrivare dall'altra parte...<05><5E><05> Su, Capo! Dirigiamoci alla Muraglia”<05>
062C	“La Muraglia di Banyuls<05> è l'orgoglio di noi del deserto!<05><5E><05> Non possiamo lasciare a quei mostri<05> la libertà di fare ciò che vogliono!”<05>
062E	“Fate fuori i mostri!”<05>
0630	“Che disgrazia, dei mostri<05> insediati nella Muraglia di Banyuls...<05><5E><05> Per il popolo di Winga<05> non c'è vergogna più grande”<05>
0632	&!78<05>&99<05>“Voi, da dove venite<05> per arrivare in questa città, Messalia?”<05>
0634	“Questa è la città di Messalia”<05>
0636	&78<05>“Oh cielo, non sarete mica venuti<05> a piedi attraverso il deserto?”<05>
0638	“Sei tu quello che è piombato<05> di colpo fuori dalla città?”<05>
063A	&85<05>“Oltre la Muraglia<05> c'è una città, Cassalia.<05> Se potessimo commerciare con loro, che affari”<05>
063C	&99<05>“Ho pensato a un buon modo<05> per commerciare con Cassalia.<05> Portare la merce con un piccione gigante!<05> Ma il piccione gigante...<05><5E><05> Nessuno ne alleva uno?”<05>
063E	“Ho pensato a un altro affare.<05> Vendere frammenti del muro crollato<05> come souvenir”<05>
0640	&99<05>“Che oltre il muro<05> ci sia la città di Cassalia<05> lo sanno tutti.<05><5E><05> Ma che città sia<05> nessuno l'ha mai vista”<05>
0642	“Finalmente si può andare e venire<05> dalla città di Cassalia”<05>
0644	&78<05>“Vorrei volare nel cielo<05> così potrei andare a divertirmi<05> a Cassalia, oltre la Muraglia”<05>
0646	&99<05>“Signore, sai volare, vero?<05> Ti ho visto.<05><5E><05> C'erano altri due che volavano, no?<05> Sono caduti oltre la Muraglia”<05>
0648	“Sei stato tu a fare il buco nel muro?<05> Ti ho visto.<05><5E><05> Io scarabocchio sulle statue<05> ma non faccio scherzi così grossi”<05>
064A	&99<05>“Questo è il muro della Muraglia di Banyuls.<05><5E><05> Dall'altra parte c'è una città<05> di nome Cassalia.<05><5E><05> E nella città di Cassalia<05> dicono che ci sia Lina,<05> la sacerdotessa di Cristallo”<05>
064C	“Che sorpresa!<05> Come hai fatto a fare<05> un buco in questo muro?”<05>
064E	&66<05>“Oh oh oh.<05> Siete venuti attraversando il deserto?<05><5E><05> Attraversare il deserto a piedi.<05><5E><05> Non siete mica del popolo di Winga<05> non fate cose azzardate”<05>
0650	“Ultimamente la Muraglia fa bum bum.<05> Che rumore, che sarà mai?”<05>
0652	“Eheh, io sono uno che ama gli animali.<05> Amare gli animali, che bella frase.<05> Hai visto il piccione gigante al piano di sopra?<05> L'ho allevato io da pulcino!<05><5E><05> Ti piacciono gli animali?”<05>%1<05>
0654	“Bravo, bravo, un giovane<05> con buon cuore Amare gli animali, amare gli animali”<05>
0656	“Vattene, disumano!”<05>
065A	&!99<05>“Il mio piccione gigante<05> ha collegato Messalia e Cassalia!<05> Fantastico, no?”<05>
065C	&!92<05>“Cosa vuoi ancora?<05> Il mio piccione non lo presto più!<05> Amare gli animali, amare gli animali”<05>
065E	&!91<05>“Te lo presto solo una volta”<05>
0660	“Cosa! Vuoi il mio piccione gigante?<05> Per trasportare il petrolio?<05><5E><05> Costringere il mio dolce piccione...<05> Va bene! Doni 80<47> per gli animali?”<05>%1<05>
0664	“Allora non te lo presto, uffa!<05> Amare gli animali, amare gli animali!!”<05>
0666	>80<05>#90<05>“Non hai abbastanza soldi.<05> Allora non te lo presto, uffa!<05> Amare gli animali, amare gli animali!!”<05>
0668	/<05>“Te lo presto...<05> ma solo una volta.<05> Amare gli animali, amare gli animali!!”<05>*.6<05>*64<05><40>91<05>
066A	“Allora, come promesso, solo una volta.<05> Amare gli animali, amare gli animali...”<05>
066C	<05> <59>Hai fatto portare il petrolio<05>  al piccione gigante<5A><05><05><05>*65<05>
066E	&83<05>“Siamo l'unico negozio di piccioni viaggiatori<05> di Messalia! Scriviamo qualsiasi lettera<05> subito! Vi serve qualcosa?”<05>
0672	“Benvenuti, negozio di piccioni viaggiatori.<05> Volete che scriva una lettera?<05> Costa 100<47> D'accordo?”<05>%1<05>
0676	“Ah, sei solo un curioso.<05> Brontolo brontolo...”<05>
0678	>100<05>#90<05>“Ehi, non hai abbastanza soldi”<05>
067A	*.16<05>#92<05>“Ehi, hai lo zaino pieno”<05>
067C	/<05>“Che cosa devo scrivere?...<05> Scriviamo 'Stiamo bene'”<05><5E><05> ......scrivo e...<05><5E><05> Ecco fatto”<05><5E><05><05><49>255<05><49>218<05> <59>$1 ha ricevuto una lettera<5A><05><05><05>*69<05><40>84<05>
067E	&88<05>“Siamo l'unico negozio di piccioni viaggiatori<05> di Messalia! Scriviamo qualsiasi lettera<05> subito! Vi serve qualcosa?”<05>
0680	&96<05>“Cosa? Un piccione gigante che porta il petrolio?<05> Da noi è impossibile.<05> Cercate altrove”<05>
0682	&99<05>“Siamo l'unico negozio di piccioni viaggiatori<05> di Messalia! Scriviamo qualsiasi lettera<05> subito! Vi serve qualcosa?”<05>
0684	“Uffa, con il muro rotto il mio<05> commercio è andato a rotoli”<05>
0686	&99<05>“Per contattare Cassalia<05> non c'è di meglio che qui.<05><5E><05> Questo negozio ti scrive anche<05> una lettera da legare subito a un piccione”<05>
0688	“Va bene che ora si va e si viene<05> liberamente da Cassalia ma.<05><5E><05> che un mestiere di fascino<05> come il negozio di piccioni viaggiatori<05> vada in rovina<05> è davvero un peccato”<05>
068E	&!99<05>“In realtà io scrivo ancora<05> con i piccioni viaggiatori... Strano?”<05>
0690	“In realtà io con una ragazza di Cassalia<05> scrivo lettere<05> con i piccioni viaggiatori Bello, eh?”<05>
0692	&82<05><59>Niente di strano<5A><05>
0694	&83<05><05> <59>Il piccione portava una lettera<05>  Nella lettera c'è scritto<5A><05><05><5E><05>'Siamo Orlov e Loran, viaggiatori.<05> Coinvolti in un'esplosione, siamo finiti<05> a Cassalia.<05><5E><05> Se a Messalia ci sono<05> $1 e Hans<05> diteglielo, che ci scrivano con questo piccione'<05><40>83<05>*13<05>
0696	&87<05><05> <59>Il piccione portava una lettera<05>  Nella lettera c'è scritto<5A><05><05><5E><05>'Siamo Orlov e Loran, viaggiatori.<05> Coinvolti in un'esplosione, siamo finiti<05> a Cassalia.<05><5E><05> Se a Messalia ci sono<05> $1 e Hans<05> diteglielo, che ci scrivano con questo piccione'<05>
069A	<05> <59>Il piccione portava una lettera<05>  Nella lettera c'è scritto<5A><05><05><5E><05>'Per incontrarci<05> non c'è che distruggere la Muraglia<05> e serve dell'esplosivo.<05><5E><05> Qui a Cassalia dal petrolio<05> si può fare l'esplosivo.<05> Procuraci il petrolio e mandacelo<05>  Orlov Loran '<05>
069E	<05> <59>Il piccione portava esplosivo e una lettera<05>  Nella lettera c'è scritto<5A><05><05><5E><05>'L'esplosivo è pronto ma<05> è molto potente: usalo solo dopo<05> il permesso del sindaco della città<05>  Orlov Loran '<05><5E><05>*.16<05>#92<05><05> <59>Ma lo zaino è pieno<05>  e non puoi prendere l'esplosivo<5A><05><05>
06A0	<05><49>255<05><49>218<05> <59>$1 ha ottenuto l'esplosivo<5A><05><05><05><40>96<05>*66<05>
06A2	<05> <59>Il piccione portava una lettera<05>  Nella lettera c'è scritto<5A><05><05><5E><05>'L'esplosivo è pronto ma<05> è molto potente: usalo solo dopo<05> il permesso del sindaco della città<05>  Orlov Loran '<05>
06A4	<05> <59>Hai legato la lettera al piccione<5A><05><05><05>*127<05>
06A6	&83<05>“Ahi ahi ahi...<05> Dove siamo mai?<05> So che siamo vicino alla Muraglia<05> ma Loran e Orlov dove sono?”<05>
06A8	&92<05>“Visto? Come avevo detto io<05> siamo riusciti ad andare oltre la Muraglia, no?<05> Solo noi due, però”<05>
06AA	&96<05>“Capo, un piccione strano<05> continua a seguirmi”<05>
06AC	&99<05>“Capo! Facciamo saltare tutto<05> il prima possibile”<05>
06AE	“Speriamo che nella prossima città<05> siano tutte ragazze”<05>
06B0	&96<05>“Sono il sindaco.<05> Il più importante di questa città.<05> Come prova, hai visto la mia statua<05> in piedi? Wah ah ah”<05>
06B2	&98<05><40>98<05>“Vuoi far saltare il muro con l'esplosivo?<05><5E><05> ...............mmm<5B><05><5E><05> Ottimo! Due città che si danno la mano<05> avanzano verso la pace.<05> Magnifico!!<05><5E><05> Così il mio nome resterà nella storia!<05> Wah ah ah!<05><5E><05> Però!<05> Non rompete la mia statua!”<05>
06B4	&99<05>“Non rompete la mia statua.<05> Piazzate bene l'esplosivo”<05>
06B6	“Ah, l'unione di due città!”<05>
06B8	<49>167<05>“Miao miao”<05>
06BA	<49>166<05>“Bau bau”<05>
06BC	#14<05><49>168<05>“Gyaaaoo.<05><5E><05><49>29<05> Pyuu”<05>
06BE	“Anche amare gli animali<05> è una bella cosa”<05>
06C0	#14<05><49>195<05>“Cru cruu”<05>
06C2	“Ehi!<05> Come va ultimamente?”<05>
06C4	#14<05><49>195<05>“Cru cru”<05>
06C6	“In realtà io<05> sono trans<05> e vorrei scrivere<05> con un piccione trans come me”<05>
06C8	<05> <59>L'esplosivo è stato piazzato<5A><05><05><05>*67<05>
06CA	<49>255<05><49>198<05><05> <59>Se lo faccio esplodere qui<05>  il sindaco si arrabbierà<5A><05>
06CC	<49>255<05><49>198<05><05> <59>Senza il permesso del sindaco<05>  non si può usare l'esplosivo<5A><05>
06CE	<05> <59>La statua del sindaco... che faccia buffa...<5A><05><05><05>
06D0	“Non scarabocchiare sulle statue”<05>
06D2	“Questa è la casa del sindaco, il più importante della città”<05>
06D4	“Davanti al muro della Muraglia<05> quelle statue verdi in fila<05> sono statue del sindaco.<05><5E><05> Basta che siano in numero giusto<05> ma non credo sia bello così.<05> Il nostro sindaco vuole farsi notare.<05> È un problema”<05>
06D6	#!88<05>#89<05>“Cosa? Vuoi il petrolio?<05> A sud di questo deserto<05> basta scavare un pozzo<05> e ne esce quanto ne vuoi”<05>
06D8	“Inviare lettere con i piccioni<05> va bene ma<05> ultimamente i piccioni randagi aumentano.<05><5E><05> Se li controlli<05> a volte hanno ancora una lettera legata”<05>
06DA	“Sei vivo, $1<05> Sei proprio un uomo fortunato.<05><5E><05> ...Meno male che ci siamo incontrati”<05>
06DC	“Quelli di Cassalia<05> vogliono incontrarti, $1”<05>
06DE	“Va bene che le due città siano diventate una<05> ma il divario economico<05> è motivo di preoccupazione”<05>
06E0	“Io vengo da Mare, la città a nord<05> in pellegrinaggio da Lina,<05> la sacerdotessa di Cristallo...<05><5E><05> Ma dicono che Lina sia stata rapita<05> e il muro è crollato all'improvviso.<05> Sono sbalordita”<05>
06E2	“Siete voi che avete sconfitto<05> i mostri della Muraglia?<05> Vi ringrazio molto.<05><5E><05> Se ora tornasse Lina<05> non ci sarebbe altro da desiderare”<05>
06E4	“Ora che il muro è crollato<05> tutti sono euforici<05> ma in realtà dovrebbero essere tristi.<05><5E><05> Perché la sacerdotessa di questa città<05> è stata rapita dai mostri”<05>
06E6	“Ah, fratello<05> sei quello che è caduto oltre la Muraglia, vero?”<05>
06E8	“Con la sacerdotessa Lina rapita<05> la protezione del Cristallo<05> sparirà del tutto...<05><5E><05> No, non devo scoraggiarmi.<05> Il Cristallo è la pietra dei sogni e della speranza<05> Lina non diceva di non perdere mai<05> la speranza qualunque cosa succeda?”<05>
06EA	“L'esplosivo l'ho fatto io.<05> Che ne dici della potenza?<05> Farlo è difficile sotto molti aspetti”<05>
06EC	“Che i mostri si siano insediati nella Muraglia<05> fosse per Lina la sacerdotessa?...<05><5E><05> Quel mostro che si faceva chiamare Gel de Rei<05> diceva: 'Ora ne abbiamo quattro...'”<05>
06EE	“Lina, la sacerdotessa di Cristallo,<05> è stata rapita dai mostri.<05><5E><05> Secondo i viaggiatori, c'erano prigioniere<05> altre tre giovani donne...”<05>
06F0	“Gli antenati di Cassalia vivevano<05> a Bajad, una città a nord<05> con il Cristallo come protettore: era pacifica.<05><5E><05> Dei banditi rubarono il Cristallo<05> la città andò in rovina<05> e siamo arrivati qui.<05><5E><05> Qui si sente la protezione<05> del lapislazzuli”<05>
06F2	“Edizione straordinaria!<05> Cassalia e Messalia<05> sono diventate una sola città.<05><5E><05> Chi è stato l'artefice?<05> Lo dice questo giornale.<05> Ne vuoi una copia, fratello?”<05>
06F4	“Oh oh... Tu hai il volto<05> del salvatore del mondo.<05> Davvero splendido...<05> È la prima volta da quando faccio questo lavoro”<05>
06F6	“Poco fa mi hanno letto la mano.<05> Dicono che mi perderò dietro le donne.<05> Che faccio?”<05>
06F8	“Hai visto lo spettacolo meccanico<05> tipico di Cassalia?”<05>%1<05>
06FA	“È fatto benissimo, no?<05> Recitano tutti dei burattini”<05>
06FC	“Allora è meglio che tu lo veda”<05>
06FE	#!<4C>1<05>“Se vuoi vederlo, sbrigati<05> e vai al piano di sopra!”<05>
0700	“Lo spettacolo di oggi<05> è il tema del momento<05> l'unione di Messalia e Cassalia!<05> Solo 10<47> Vuoi vederlo?”<05>%1<05>
0704	“Uffa, che tirchio questo ragazzo”<05>
0706	>10<05>#90<05>“Ehi, non hai abbastanza soldi”<05>
0708	/<05>“Ecco, allora prendo 10<47>”<05><5E><05><05><49>139<05> <59>Hai pagato 10<47><5A><05><05><05><5E><05>“Su, sali al piano di sopra<05> e guarda dalla finestrella”<05>.<4C>1<05><05><05>
070A	“Chissà che eroe sarà<05> quello che ha unito Messalia e Cassalia”<05>
070C	“Gli eroi del momento<05> $1, Loran, Orlov e Hans.<05><5E><05> Uniti al popolo di Winga<05> hanno attaccato la Muraglia di Banyuls”<05>
070E	“Ma nell'esplosione di allora<05> $1 e Hans sono finiti a Messalia.<05><5E><05> Loran e Orlov a Cassalia!<05> Che guaio!!”<05>
0710	“Ma i quattro sono furbi<05> e hanno fabbricato dell'esplosivo...”<05>
0712	“L'hanno piazzato sulla Muraglia di Banyuls”<05>
0714	“E poi, grande esplosione!!”<05>
0716	“Le due città divennero una sola<05> e vissero felici e contente<05>                Fine”<05>
0718	“Signore, guardate solo<05> dopo aver pagato di sotto”<05>
071A	#!<4C>2<05>“Anche se non guardi<05> i soldi non te li ridò!”<05>
071C	“Lo spettacolo di oggi è il cavallo di battaglia<05> di Cassalia: 'La leggenda di Rambulvil'<05> Solo 20<47>, vuoi vederlo?”<05>%1<05>
0720	“Che rimpianto, non vederlo<05> te ne pentirai a vita”<05>
0722	>20<05>#90<05>“Ehi, non hai abbastanza soldi”<05>
0724	/<05>“Grazie, allora 20<47>”<05><5E><05><05><49>139<05> <59>Hai pagato 20<47><5A><05><05><05><5E><05>“Guarda dalla finestrella al piano di sopra”<05>.<4C>2<05><05><05>
0726	“Tanto tempo fa questo mondo<05> era governato da un paese pacifico<05> chiamato Rambulvil...”<05>
0728	“Rambulvil era guidata<05> da 7 pietre sacre e 7 Saggi...”<05>
072A	“La pace che pareva eterna<05> finì con l'invasione dei mostri”<05>
072C	“Per opporsi ai mostri i Saggi<05> con il potere delle gemme<05> crearono un essere detto il Gigante”<05>
072E	“Ma...<05> uno dei 7 Saggi<05> nutrì un cuore malvagio.<05><5E><05> Il Gigante impazzì<05> e molti innocenti persero la vita”<05>
0730	“...Rambulvil<05> alla fine fu distrutta”<05>
0732	“I 6 Saggi tolsero<05> la gemma al Saggio del Rubino,<05> causa del disastro, e lo esiliarono”<05>
0734	“Poi con il potere rimasto<05> i Saggi sigillarono il Gigante”<05>
0736	“Il pericolo del mondo passò<05> e i Saggi, guidando ciascuno il proprio popolo<05> lasciarono Rambulvil”<05>
0738	“E ora i discendenti del Saggio del Cristallo<05> dopo un lungo e duro viaggio<05> sono giunti qui, a Cassalia.<05><5E><05> Così tramanda la leggenda...<05><05>                 Fine”<05>
073E	“Hai già visto<05> 'La leggenda di Rambulvil'?”<05>%1<05>
0742	“$1, dovresti<05> vederlo almeno una volta”<05>
0744	“Quella storia mi incuriosisce.<05> Ho sentito che in questa città vive<05> la vecchia che ha costruito il meccanismo.<05><5E><05> Andiamo a farci spiegare meglio?”<05>%1<05>
0748	“Capisco, non ti incuriosisce...<05> Forse sto esagerando...”<05>
074A	“Anche a te, $1, incuriosisce.<05> Allora andiamo subito”<05>&101<05><40>101<05>+1<05>
074E	“'La leggenda di Ram-Ram-bulvil'<05> l'hhhai già vi-vi-visto?”<05>%1<05>
0752	“$1, faaarebbe beeene a<05> vevevederlo almeeeno una volta”<05>
0754	“Quella sssstoria mi inc-inc-curiosisce.<05><5E><05> Ho sssentito che in queeesta città vive<05> la vecchia che ha coccostruito il meccccanismo.<05><5E><05> Andiamo a farci spiegare meglio?”<05>%1<05>
0758	“Bebeboguat.<05><5E><05> Non ti inccccuriosisce gggg...<05> Forssse sto esagerandoooo...”<05>
075A	“Anche a te, $1, inccccuriosisce.<05> Allora ancccdiamo subitooo”<05>&101<05><40>101<05>+1<05>
075E	“La Vecchia ora è fuori.<05> Tornate più tardi”<05>
0760	“Nella caverna a est della città,<05> il luogo sacro del lapislazzuli, tanto tempo fa<05> c'era un'arma leggendaria usata<05> dal Saggio del Lapislazzuli!<05><5E><05> Solo chi è guidato dalla pietra<05> di lapislazzuli<05> può prenderla...<05><5E><05> Vi sarà utile, cercatela!”<05>.7<05>
0762	#!50<05>“Su, sbrigatevi.<05><5E><05> Salvate le sacerdotesse<05> prima che succeda qualcosa!”<05>
0766	“La 'Leggenda di Rambulvil'? È tutta vera...<05><5E><05> Rapiscono sacerdotesse anche altrove?!<05> Discendono dai Saggi...<05><5E><05> Allora è grave: qualcuno vuole<05> risvegliare il Gigante sacrificando<05> i discendenti dei Saggi.<05><5E><05> Quello zaffiro sul diadema<05> è di una sacerdotessa?”<05>+1<05>
076A	“È una delle 7 pietre sacre<05> tramandate dai Saggi di Rambulvil.<05><5E><05> Sbrigatevi<05> se il Gigante si risveglia<05> il mondo sarà distrutto”<05>*75<05>
076C	“No, è senza dubbio<05> quello di una sacerdotessa!”<05>-2<05>
076E	&104<05>“Allora anche il lapislazzuli di Tifa...”<05>
0770	“Allooora anccche il<05> lalalapislazzuli di Tifa...”<05>
0772	“Cosa! C'è anche il lapislazzuli qui?!<05><5E><05> I sacerdoti fuggiti da Bajad<05> sono giunti qui grazie alla protezione<05> del luogo sacro del lapislazzuli<05> a est di questa città!<05><5E><05> Là c'è un'arma leggendaria<05> del Saggio del Lapislazzuli.<05> Vi sarà utile, cercatela!”<05>.7<05>
0774	#!50<05>“Preghiamo<05> per il vostro viaggio.<05><5E><05> Fate attenzione”<05>
0776	#7<05>“Oltre è il luogo sacro del lapislazzuli...<05> Lina, senza la pietra del Cristallo,<05> proteggeva Cassalia<05> con la protezione di questo luogo.<05><5E><05> Senza il permesso della Vecchia<05> non posso farvi passare”<05>
0778	“Nella caverna oltre<05> dorme l'arma leggendaria usata<05> dal Saggio del Lapislazzuli<05> l'Alabarda di Giove.<05><5E><05> Fate attenzione”<05>
077A	“Il coraggio supera il muro!<05>   Due città unite<05>   Gli eroi $1 e amici<05>      In proiezione”<05>
077C	“La sacerdotessa Lina è stata rapita<05> dai mostri Ricordiamo la leggenda<05> di Rambulvil e preghiamo<05> per la salvezza di Lina”<05>
077E	<05><59>È buio pesto Non si vede niente<5A><05>
0780	&104<05>“Questa è l'Alabarda di Giove leggendaria...<05><5E><05> Mmm $1<05> sento la forza che scorre in me”<05>
0782	“Quesssta è l'Alabbbarda di Gioooove...<05><5E><05> Mmm $1<05> sento il corpo ccche...”<05>
0784	“Ahi ahi, che disastro.<05> Mi avevano detto che qui c'è<05> un tesoro grandioso.<05><5E><05> Ma c'è un mostro di pietra<05> a fare la guardia!<05> Non si può toccare!”<05>
0786	“Prima di darvi l'Alabarda di Giove<05> per parola del Saggio del Lapislazzuli<05> vi metterò alla prova”<05>
0788	“Chissà dove avrà portato<05> Lina quell'uomo...<05><5E><05> Spero non le faccia<05> cose terribili...”<05>
078A	“Quel giorno all'improvviso il cielo si oscurò<05> cadde un fulmine<05> e apparve un mostro che si faceva chiamare Gel de Rei.<05><5E><05> Lina, senza voce per lo stupore,<05> fu presa per un braccio<05> e sparì nel cielo nero”<05>
078C	“La Vecchia dei meccanismi è una persona eccezionale.<05><5E><05> Sa costruire meccanismi<05> a cui nessuno aveva mai pensato.<05><5E><05> e conosce antichissime leggende<05> su Rambulvil”<05>
078E	“Erede delle pietre di Rambulvil<05> vai e ottieni il potere sacro”<05>
0790	&105<05>“Non sarai mica tu l'eroe di cui si parla<05> che ha sconfitto i mostri e unito due città,<05> $1!<05><5E><05> Benvenuto nella nostra città, Mare!”<05>
0792	“Siete davvero degli eroi.<05> Stavolta rifaremo con le nostre mani<05> le vostre statue di pietra”<05>
0794	&105<05>“Venite nella piazza al centro della città.<05> Resterete di stucco!”<05>
0796	“Ehm, il sindaco è scomparso<05> quindi faccio io le sue veci.<05><5E><05> ...$1, mi dispiace.<05> È stata una pessima festa di benvenuto.<05><5E><05> ...Il primo compito da vice sindaco<05> è chiedere scusa<05> che sfortuna... brontolo brontolo”<05>
0798	&105<05>“Wow wow! Sei il famoso eroe<05> $1, vero!<05> Fammi un autografo<5B>! Kyaa!<05> Che gioia!!!”<05>
079A	“Wow wow! $1, stai bene?<05> Perché! Perché!<05> Il sindaco era un impostore.<05> Che shock<5B>!!”<05>
079C	&105<05>“Pare che tutta la città di Mare<05> organizzi una festa di benvenuto per voi”<05>
079E	“Chi l'avrebbe detto<05> che il sindaco fosse un mostro...”<05>
07A0	&105<05>“Non girare tra i piedi.<05> Sono occupata con i preparativi<05> della festa per $1<05><5E><05>  ...Ah...<05> $1! ...Scusi<5B>”<05>
07A2	“Com'è stata la festa di benvenuto?”<05>
07A4	&105<05>“In questa città ci sono<05> le statue di $1 e compagni.<05> Il sindaco all'improvviso ha detto<05> di volerle fare!”<05>
07A6	“Uaaa! Che paura!!!”<05>
07A8	“Uffa $1!<05> Dal vivo sei molto più bello<05> delle statue!!”<05>
07AA	&105<05>“Grazie alla festa di benvenuto<05> la mia trattoria con i piatti da asporto<05> guadagna un sacco”<05>
07AC	#<4C>4<05>*77<05>.<4C>4<05>“Vi porto ora il vero<05> 'Pollo alla Mare'”<05>
07AE	“Ecco il vero<05> 'Pollo alla Mare'”<05><5E><05><05> <59>Pollo alla Mare, senza veleno<5A><05><05><05>
07B0	 Qui non c'è nessuno<05>
07B4	#!27<05>“Avevi promesso di non mangiare!”<05>
07B6	.27<05>“Non mangiarmi!<05> Ihi ihi!<05><5E><05> Ecco, $1!<05> Ti faccio capire la lingua dei buoi<05> ma lasciami stare”<05>.!<4C>4<05><43>3 0<05><43>4 0<05>
07B8	&105<05>“Da quando il nostro sindaco<05> ha detto di volere le statue<05> ha uno sguardo diverso”<05>
07BA	“Quel sindaco era un impostore.<05> Accidenti, il sindaco era stato ucciso!”<05>
07BC	&105<05>“So che $1 è un eroe ma<05> perché il sindaco all'improvviso<05> ha fatto le statue?<05><5E><05> Forse gli piace apparire”<05>
07BE	#9<05>“Il veleno del pollo va bene?<05> Vai subito all'ospedale”<05>
07C0	“Oh $1<05> ti è passato l'intorpidimento”<05>
07C2	“Oh, $1<05> Oggi per la festa di benvenuto<05> la trattoria è chiusa”<05>
07C4	“Ah<5B>, benvenuto nella città di Mare.<05> Da noi si organizza<05> la festa di benvenuto per l'eroe $1<05><5E><05> I preparativi sono quasi pronti.<05> Venite in piazza...<05> Gli altri sono già riuniti”<05><40>102<05>
07C6	&102<05>“Oh, $1<05> finché i preparativi non sono pronti<05> fate un giro per la città di Mare”<05>
07C8	&105<05>“Ho preparato un banchetto.<05> Mangiate a volontà”<05>
07CA	“Nel villaggio a ovest di questa città,<05> Keafner, il dottor Hausen<05> forse può curare l'intorpidimento”<05>
07CC	&104<05>#!<4C>2<05>#!<4C>3<05>“Che accoglienza,<05> quasi inquietante.<05><5E><05> Beh... non mi dispiace<05> $1, siediti anche tu<05> su un posto libero e aspetta”<05>.<4C>1<05>
07CE	&104<05>“Che accoglienza,<05> quasi inquietante.<05><5E><05> Beh... non mi dispiace”<05>.<4C>1<05>
07D0	&105<05>“Mi sssembra che anche il corpo<05> mi si stia intorpiddddendo”<05>
07D2	“Cccche ccccosa è ststato<05> queeeello...”<05>
07D4	&104<05>#!<4C>1<05>#!<4C>3<05>“La specialità di questa città<05> pare sia il 'Pollo alla Mare'<05><5E><05> Ma io il pollo non lo mangio.<05> Il pollo lo lascio<05> tutto a Orlov.<05><5E><05> Capo, siediti anche tu<05> su un posto libero e aspetta?”<05>.<4C>2<05>
07D6	&104<05>“La specialità di questa città<05> pare sia il 'Pollo alla Mare'<05><5E><05> Ma io il pollo non lo mangio.<05> Il pollo lo lascio<05> tutto a Orlov”<05>.<4C>2<05>
07D8	“Ca-Capo... Orlov...<05> Che vi è successo?”<05>
07DA	&104<05>#!<4C>1<05>#!<4C>2<05>“Questa città di Mare<05> pare sia famosa per il pollo.<05> Io vado matto per il pollo.<05><5E><05> Ho promesso di prendere<05> anche la porzione di Hans.<05> Che spasso!<05><5E><05> $1, siediti anche tu<05> su un posto libero<05> e aspetta, no?”<05>.<4C>3<05>
07DC	&104<05>“Questa città di Mare<05> pare sia famosa per il pollo.<05> Io vado matto per il pollo.<05><5E><05> Ho promesso di prendere<05> anche la porzione di Hans.<05> Che spasso!”<05>.<4C>3<05>
07DE	&105<05>“$1, ehi, è, dav-vero<05> un sapore che ti fa<05> intorpidire tuttoooo”<05>
07E0	“Cccche ccosa ccc<05> bububububu...”<05>
07E2	“Benvenuti nella città di Mare!<05> Qui tutta la città<05> vi dà il benvenuto.<05><5E><05> Ecco il piatto tipico<05> 'Pollo alla Mare'<05> È buono da restare intorpiditi”<05>
07E4	“È dai tempi di Astholm, no, $1?<05> Il veleno starà iniziando a fare effetto”<05>
07E6	“Non pensavamo che dei semplici umani<05> potessero opporsi tanto a noi.<05><5E><05> Ma oggi finisce tutto.<05> Addio... $1<05> Riuscirai a combattere<05> con il corpo intorpidito? Fufufu...<05><5E><05> Non ci rivedremo mai più Addio”<05>
07E8	“Io non ho mangiato il piatto<05> quindi sto benissimo<05> Capo! Ci penso io!”<05><40>105<05>
07EA	“Vietato nuotare: pericolo”<05>
07EC	“Statua dell'eroe $1 e compagni”<05>
07EE	&104<05>“Eroe $1”<05>
07F2	&104<05>“Eroe Loran”<05>
07F6	&104<05>“Eroe Orlov”<05>
07F8	“...??”<05><5E><05> <59>È la più danneggiata<5A><05>*220<05>
07FA	&104<05>“Eroe Hans”<05>
07FC	“...e... i... ”<05><5E><05> <59>È rotta, non si legge bene<5A><05>
07FE	“Vediamo, avete già finito?”<05>
0800	“Eh?! Eh?!<05> State tutti bene?”<05>
0804	“Ah<5B>, complimenti, $1<05><5E><05><42>3 3<05> E anche i tuoi compagni.<05><5E><05> Che bravura...<05><5E><05> No, non avevo cattive intenzioni...”<05>
0806	<05>“Allora, arrive<5B>derci a tut<5B>ti”<05>
0808	“Quello che ha sconfitto i mostri<05> insediati nella Muraglia di Banyuls<05> e ha unito due città.<05><5E><05> L'eroe di cui si parla, $1<05> chissà che tipo sarà...<05><5E><05> Di sicuro non è uno sfigato<05> come te, ragazzo.<05> Ah! Ah! Ah!”<05>
080A	#9<05>“Questo è il villaggio di Keafner.<05> Eh? Che dici?<05> Non capisco cosa dici.<05><5E><05> Non prendermi in giro, eh”<05>
080C	“Questo è il villaggio di Keafner.<05> C'è il dottor Hausen, il miglior medico del mondo.<05><5E><05> Ah, lo sapevi già”<05>
080E	#9<05>“Ma chi è questo!<05> Parla tremando e intorpidito!<05> Che schifo<5B>!”<05>
0810	“Uffa! Non è più intorpidito<5B><05><5E><05> Che noia”<05>
0812	*.63<05>“Eh? Sono un po' sordo.<05> Come?”<05><5E><05>+1<05>
0814	*.44<05>#90<05>“Come?”<05><5E><05>-0<05>
0816	“Grazie a Dio”<05>
0818	#9<05>“Sono occupato, sai.<05> Non ho tempo<05> per i nuovi giochi<05> di voi giovani!!”<05>.<4C>1<05>
081A	#!<4C>1<05>“Una persona importante come te<05> che prima faceva battute.<05> Non prendermi in giro, sono un campagnolo”<05>
081C	“Il dottor Hausen è un grande medico, vero?”<05>
081E	#9<05>“Cos'è quel 'Aaaaah'?<05> Mi credi un campagnolo<05> e mi prendi in giro.<05><5E><05> Il nostro sarà un villaggio di campagna<05> ma abbiamo il dottor Hausen<05> il miglior medico del mondo”<05>.<4C>2<05>
0822	#!<4C>2<05>#<4C>3<05>“Scusa per prima.<05> Per farmi perdonare ti do queste erbe.<05> Poi sistema chi fa i dispetti”<05><5E><05><05><49>255<05><49>218<05> <59>$1 ha ricevuto Erba<5A><05><05><05>*28<05>.<4C>3<05>
0824	“Il dottor Hausen è un grande medico, vero?”<05>
0826	#9<05>“Ah! Ecco lui!!<05> Il famoso tizio intorpidito!<05> Evviva! Il tizio intorpidito!”<05>*118<05>
0828	“Ah! Ecco lui!!<05> Il famoso eroe $1<05> Evviva! Evviva $1!”<05>*118<05>
082A	“Evviva! Evviva!”<05>
082C	“Poverini, anche voi<05> siete stati feriti dai mostri?<05> Quelli se la prendono con i deboli”<05>
082E	#9<05>“Dobiiii?<05> Ivjjjjjj.<05> Miqqqqq?”<05>
0830	#10<05>“Ivjjjjjjab.<05> Mizzzzzzz?”<05><5E><05>“C-Capito!”<05>*81<05>
0832	&107<05>“Io sto già bene.<05> Piuttosto, presto, Orlov...”<05>
0834	“Sarà un peccato per Orlov<05> ma per ora andiamo avanti.<05> Con la protezione delle gemme<05> ci rivedremo di sicuro!”<05>
0836	#9<05>“Dobbbyaaaabi bbbbybbb<05> bibabbbbbbyo bai!!”<05>
0838	&107<05>“Dobbbyaaaabi bbbbybbb<05> bibabbbbbbyo bai!!<05><5E><05> Bbbya!!”<05>*82<05>
083A	“Scusa, $1...........<05> .......................<05> .......................<05><5E><05> Lo giuro sull'anello di lapislazzuli<05> lasciato da Tifa<05> ti raggiungerò...<05><5E><05> Scusa, $1...”<05>
083C	“Noi qui aspetteremo<05> la guarigione del signor Orlov”<05>
083E	“Dopo essere arrivati fin qui<05> è un peccato separarci.<05> Fate del vostro meglio anche per noi”<05>
0840	“Ti prego, salva Tifa”<05>
0842	“Che la protezione delle gemme<05> sia con voi...”<05>
0844	“Anche noi la pensiamo come il capitano.<05> Un giorno combatteremo di nuovo insieme”<05>
0846	#9<05>“Capo!! Ecco, è qui<05> il grande medico!”<05>
0848	&!107<05>“Fino a quando non ci rivedremo con Orlov<05> io farò la sua parte.<05> Fatevi coraggio!”<05>
084A	*.27<05>#90<05>“Bene, Capo! Sei guarito!<05> Meno male, meno male... che bello!!”<05>
084C	“Ah, Capo!<05> Vai dal dottor Hausen!”<05>
084E	“Volevo andare a Jarmy, la città vicina<05> ma i mostri mi hanno conciato.<05> Che vergogna e che dolore”<05>
0850	*.63<05>“Ultimamente ho un po' di vuoti di memoria.<05><5E><05> Eh? Ma cosa avrò mai<05> per essere venuto qui?”<05>
0852	“In sala d'attesa, silenzio...”<05>
0856	#43<05>“Eh? Non capisco cosa dici.<05> Ma è certo che<05> hai bisogno di una visita<05> del dottor Hausen”<05>
0858	#!<4C>5<05>“Su, se sei intorpidito anche tu<05> zitto e seguimi, ragazzo”<05>*101<05>
085A	“Hm? Non ti ha ancora visitato<05> il dottor Hausen?<05> Lasciare uno così<05> senza cure...<05><5E><05> Forse posso fare qualcosa io.<05> Vuoi che ti accompagni?”<05>%1<05>
085E	“Non capisco niente<05> di quello che dici.<05> Beh, seguimi, ragazzo”<05>*101<05>.<4C>5<05>
0860	#9<05>“Ancora non ci capisco niente<05> di quello che dici.<05> Ti ha visitato il dottore?”<05>
0862	“Oh, capisco, capisco.<05> Parla come si deve.<05> Grande dottor Hausen<05> è proprio bravo”<05>
0864	“Su, su<05> seguimi in silenzio”<05>
0866	“Quest'infermiera è la moglie<05> di mio figlio.<05> Di solito non si viene visitati.<05><5E><05> ma le ho chiesto<05> di visitarti in via speciale”<05>
0868	“Prego, entrate.<05> Attenzione a dove mettete i piedi”<05>
086A	“Le visite del dottor Hausen<05> sono al completo per le prenotazioni Scusate”<05>.43<05>
086C	#9<05>“Siediti buono davanti al dottore”<05>
086E	“Riguardatevi”<05>
0872	*.27<05>#!90<05>“Tu sembri in salute...”<05>*80<05>
0874	&107<05>“Se ci sono altri<05> che hanno mangiato il fungo Bari<05> portateli qui.<05> Riguardatevi!”<05>
0876	&118<05>“Il fungo Bari mangiato<05> da Orlov era il doppio<05> di quello degli altri.<05> Per un po' deve stare a riposo”<05>
0878	“Oh, sei tu, ultimamente<05> non mangi più cose troppo strane”<05>
087A	“Sei stato avvelenato dal fungo Bari.<05><5E><05> Ecco! Un'iniezione.<05> Su, dammi il braccio<5B><05><5E><05><05><49>255<05><49>194<05> <59>Smack<5B><5B><5B><5B> Puf<5A><05><05><05>*.232<05><5E><05> Ecco, guarito! Portami altri intossicati.<05> Riguardatevi!<05><5E><05> ...Poi, le cure costano 50<47>”<05><49>139<05>>50<05>#!90<05>/<05><05> <59>Hai pagato 50<47><5A><05><05>
087C	*.160<05>*.63<05><5E><05> Eh? Forse non hai soldi?<05>+1<05>
087E	*.44<05>#90<05> Eh? Eh? Eh?<05><5E><05>-0<05>
0880	 <59>Ti hanno preso tutto<5A><05>
0882	“Anche questo è avvelenato<05> dal fungo Bari Vi piace, eh.<05><5E><05> Ti faccio un'iniezione.<05> Su, dammi il braccio<5B><05><5E><05><05><49>255<05><49>194<05> <59>Smack<5B><5B><5B><5B> Puf<5A><05><05><05>*.232<05><5E><05> Ecco, guarito! Portami altri<05> intossicati Riguardatevi!<05><5E><05> ...Poi, le cure costano 50<47>”<05><49>139<05>>50<05>#!90<05>/<05><05> <59>Hai pagato 50<47><5A><05><05>
0886	“Vediamo... Ah<5B>, è grave.<05> È incredibile che sia arrivato fin qui.<05> Va ricoverato subito”<05>
0888	“S-scusate... colpa mia<05> che ho mangiato con ingordigia...<05> Chi l'avrebbe detto.<05><5E><05> Vi raggiungerò di sicuro...<05> Davvero... scusate...”<05><5E><05><05> <59>La squadra di Orlov se n'è andata<5A><05><05><05><40>107<05>
088A	#9<05><49>209<05>“Uuh? Uuh?”<05>
088C	<49>166<05>“Uuh! Uuh!”<05>
088E	“Qualsiasi malattia guarisce all'istante<05> qualsiasi ferita guarisce subito.<05> Chi non ci crede è malato<05>      Ospedale Hausen ”<05>
0890	#9<05>“Non capisco cosa dici<05> ma la gemma che porti<05> sembra avere una storia”<05>
0892	“Cosa? Cerchi la sacerdotessa rapita?<05><5E><05> Allora chiedi a un certo Duval<05> nella città di Jarmy, a ovest.<05><5E><05> Di quanto accade da queste parti<05> quell'uomo sa tutto, credo”<05>
0894	“Il nome di questa città è Jarmy”<05>
0896	“Anche tu sei un soldato?<05> Bella la guardia di questa città, eh.<05> Serve a proteggerci dai mostri.<05><5E><05> Ehi, se parli troppo con gli stranieri<05> ci rompono le scatole”<05>
0898	“La guardia di questa città è severissima, no?<05><5E><05> Una volta c'era un pezzo grosso, Duval<05> che disse: 'Questa truppa non serve!'<05> e ne fondò una sua.<05><5E><05> Di quella ci si può fidare.<05> Per questo anche la guardia di Jarmy<05> si impegna al massimo”<05>
089A	“Tu sei uno straniero, no?<05> Conosci quel vecchio Duval<05> che si dà da fare con quell'armatura logora?<05><5E><05> Quell'ostinato alla sua età<05> non dovrebbe esagerare”<05>
089C	“In realtà io vorrei andare da Duval.<05> Ma è un segreto!”<05>
089E	“Le sacerdotesse rapite?<05> Io non ne so niente!<05> Da un po' sono comparsi dei mostri<05> e non c'è tempo per queste cose!”<05>
08A0	“In questa zona<05> si tramandano molte storie<05> sulle pietre sacre di Rambulvil.<05><5E><05> Duval sembra aver fatto ricerche.<05> Se ti interessa, perché non vai da Duval?”<05>.11<05>
08A2	“Duval ha il suo rifugio<05> nel bosco a sud<05> Henyamul dovrebbe sapere dov'è”<05>.11<05>
08A4	“Henyamul, che un tempo era<05> il superiore di Duval, vive<05> oltre il fossato ma<05> è debole e fa ancora il gradasso”<05>.11<05>
08A6	#10<05>“Baaaaya.<05> Doootttoore.<05> Ahiahiahi”<05>
08A8	“Quanti soldati in questa città...<05> Anche la mia Segaltea, in fondo,<05> non è da meno”<05>
08AA	“Che paura<5B> questa città<05> è piena di soldati.<05> Andiamo via subito da qui”<05>
08AC	“Almeno non dovrò più vedere<05> la faccia di Henyamul, che sollievo!”<05>
08AE	“Chi siete voi?<05> Tremate intorpiditi, che schifo!<05> Fuori di qui subito!”<05>
08B6	“Vuoi sapere il mio nome?<05> Sono l'ex generale che comandava la guardia<05> della città, con la medaglia d'onore di Jarmy.<05> Sono Henyamul!”<05>
08BA	“Cosa? Vuoi che ti accompagni da Duval?<05> Mmm<5B>, mmm mmm... però...<05><5E><05> Puoi pagare 10<47>?”<05>%1<05>
08BE	“Ka<5B>! Non se ne parla.<05> Su, tornatevene a casa”<05>
08C0	“Mmm<5B>... però.<05> Quello è in mezzo a un bosco fitto...<05><5E><05> Puoi aggiungere altri 20<47>?”<05>%1<05>
08C4	“Ka<5B>! Non se ne parla.<05> Su, tornatevene a casa”<05>
08C6	“Però... mmm<5B><05> Anch'io non sono più giovane<5B><05><5E><05> Altri 50<47> non ne hai?”<05>%1<05>
08CA	“Ka<5B>! Non se ne parla.<05> Su, tornatevene a casa”<05>
08CC	“Bene! Se insisti<05> da ex generale non faccio il tirchio!<05> Ti accompagno per 100<47>!”<05>%1<05>
08D0	“Ka<5B>! Non se ne parla.<05> Su, tornatevene a casa”<05>
08D2	>180<05>#90<05>“Uffa, non hai abbastanza soldi.<05><5E><05> Ka<5B>! Non se ne parla.<05> Su, tornatevene a casa”<05>
08D4	/<05>“Allora io vado avanti e aspetto.<05> Seguimi, sbrigati!”<05><5E><05><49>139<05> <59>Hai pagato 180<47><5A><05><05><05><40>111<05>.20<05>*84<05>
08D6	#<4C>1<05>“Silenzio<5B>!!<05> Non parlare durante l'addestramento<5B>!”<05>.<4C>1<05>*100<05>
08D8	“Silenzio<5B>!!<05> Non parlare durante l'addestramento<5B>!”<05>
08DA	“Uno-due, uno-due, uno-due...<05><5E><05> Stiamo facendo l'addestramento,<05> signore”<05>
08DC	“Ah, vorrei riposare”<05>
08DE	“Bene.<05> Da qui il comando è mio!<05><5E><05> Qui i mostri sono tanti<05> non allontanatevi da me.<05><5E><05> Vi accompagno al rifugio di Duval.<05> Tutti<5B> avanti<5B>, marsc!”<05>
08E0	“Qui ci riposiamo<5B>!! Uff<5B>, che stanchezza”<05>
08E2	“Riposo finito<5B>!<05> Tutti<5B> avanti<5B>”<05>
08E4	“Vent'anni fa<05> la strada era questa, credo.<05> Bene<5B>, è giusta, è giusta.<05> Ah<5B>, meno male che non ho sbagliato”<05>
08E6	“Da qui in poi<05> c'è un supplemento di 100<47><05> Paghi?”<05>%1<05>
08E8	/100<05>“Riposo finito<5B>!<05> Tutti<5B> avanti<5B>”<05>
08EA	“Riposo<5B> eterno finché non escono i soldi!”<05>.90<05>
08EC	“Ecco<5B> è qui, qui, qui!!<05> Bene, io torno indietro.<05> Parlare con quello mi fa venire il torcicollo.<05><5E><05> Verrà anche a te... il torcicollo.<05> Sciogli i muscoli adesso”<05>
08EE	“Che fai, ti attardi.<05> Dove stai andando.<05> Non allontanarti da me”<05>
08F0	“Anche Duval da giovane<05> pare fosse molto focoso.<05><5E><05> Ma dal suo aspetto calmo<05> non si direbbe proprio”<05>
08F2	“Ultimamente Duval<05> è interessato alla leggendaria<05> Rambulvil.<05><5E><05> Se ne interessa uno come Duval<05> allora sotto c'è di certo qualcosa”<05>
08F4	“Mi chiamo Penta.<05> Sono nato a Susandna,<05> un piccolo villaggio del deserto.<05><5E><05> Anch'io voglio allenare la spada in questa città<05> e comandare una mia squadra”<05>
08F6	“Bene, annientato il nemico<5B><05> Ora fino al rifugio di Duval<05> tutti avanti<5B>”<05>
08F8	“Questo è il villaggio di Bajad...<05> Tanto tempo fa fu attaccato dai banditi<05> abbandonato e dimenticato”<05>
08FA	#13<05>“La pietra sacra che proteggeva Bajad, il Cristallo,<05> pare sia stata rubata dai banditi.<05><5E><05> I sacerdoti e gli abitanti, persi il Cristallo,<05> dopo un lungo vagare si sono stabiliti<05> in una città chiamata Cassalia”<05>
08FC	“Cosa! Il tuo compagno<05> ha trovato il Cristallo?...<05><5E><05> È la guida delle gemme.<05><5E><05> Preghiamo anche noi<05> che voi possiate concludere<05> il viaggio sani e salvi”<05>
08FE	#13<05>“I banditi, senza capire l'importanza del Cristallo,<05> lo gettarono nella caverna di cristallo<05> e ne fecero crollare l'ingresso...<05><5E><05> Noi ci abbiamo messo centinaia d'anni<05> a scavare e a riaprire<05> la caverna di cristallo”<05>
0900	“Oh, che fortuna!<05> Il Cristallo si mostra di nuovo<05> al mondo...<05><5E><05> Le centinaia d'anni<05> di scavo sono valse la pena!”<05>
0902	#10<05>“Kekekeke Babunafunaabo<05> iiiiigiiigiiiiaddddebe”<05>
0904	#!13<05>“Hans e il Cristallo?<05> Sogni e speranza...<05><5E><05> Ah... In effetti a Hans<05> forse si addice...”<05>
0906	#!5<05>“Chi è quel vecchio!”<05>
090A	#!4<05>“Un uomo pieno di sogni e speranza!<05> Non sarò forse io,<05> $1?”<05>.<4C>4<05>.!<4C>5<05>*230<05>
090C	“Un villaggio... come dire...<05> con un'aria buona...<05> Insomma, è di campagna”<05>
090E	#<4C>5<05>“Mmm... questo giovane<05> è pieno di sogni e speranza.<05> Che bello”<05>
0910	“Anche tu hai un buon aspetto.<05> Che bello davvero”<05>
0914	“Mi sa che io<05> piaccio ai vecchi di qui.<05> Ma no... vero, Capo?”<05>
0916	#!4<05>“C'è qualcuno che vuole vedermi?<05> Chi, chi? Una ragazza? Una ragazza?”<05>.<4C>5<05>.!<4C>4<05>*90<05>
0918	“Mi sa che io<05> piaccio ai vecchi di qui.<05> Ma no... vero, Capo?”<05>
091A	“Hans ha degli occhi splendidi.<05> Il Saggio del Cristallo<05> doveva essere una persona così”<05>
091C	“Non è che si chiama Hans?<05> Ma che fisico splendido!<05><5E><05> Anche la pelle è perfetta.<05> Che ne dici, vuoi essere<05> adottato da me?”<05>
091E	“Hans è un giovane<05> allegro e simpatico.<05> Mi ricorda la mia gioventù”<05>
0920	“Hans è proprio un bravo ragazzo.<05> Vorrei averlo come genero”<05>
0922	#!13<05>“Che una luce splendente illumini il mondo!<05> E che la protezione del Cristallo<05> sia con voi...”<05>
0924	#4<05>“Mmm... i cristalli della caverna<05> risuonano come se chiamassero qualcosa...<05><5E><05> Siete guidati dalle 7 gemme di Rambulvil.<05><5E><05> Se il Cristallo ti guida, si mostrerà<05> davanti a te...<05><5E><05> ....................<05> Bene, proviamo con te.<05><5E><05> Fatti vedere bene in faccia”<05>*234<05>
0926	“Sei tornato.<05><5E><05> Mmm, anche tu<05> sei guidato dalle 7 gemme<05> tramandate da Rambulvil.<05><5E><05> Se il Cristallo ti guida<05> di certo il Cristallo<05> si mostrerà davanti a te...<05><5E><05> ....................<05> Va bene, proviamo<05> a vedere.<05><5E><05> Fatti vedere bene in faccia”<05>*234<05>
0928	“Allora cominciamo!<05><5E><05> Oh sacro Cristallo<05> se costui è guidato dalle 7 pietre sacre<05> apri tu stesso la via<05> e mostrati a noi...<05><5E><05> Mmm sì, ho capito!<05> Scaviamo! Seguitemi”<05>
092A	“Allora cominciamo!<05><5E><05> Oh sacro Cristallo<05> se costui è guidato dalle 7 pietre sacre<05> apri tu stesso la via<05> e mostrati a noi...<05><5E><05> ...............<05><5E><05> pensavo... ma...<05><5E><05> L'hai già fatto poco fa!”<05>
092C	“Ah<5B><5B><5B><05> Il Cristallo non c'è, pare”<05><5E><05>+1<05>
092E	“Però i cristalli della caverna<05> non smettono di agitarsi.<05><5E><05> Di sicuro in questo villaggio c'è<05> qualcuno guidato dal Cristallo<05> una persona piena di sogni e speranza!”<05>
0930	“Che una luce splendente illumini il mondo!<05> E che la protezione del Cristallo<05> sia con voi...”<05>
0932	“Oooh!! Questo è il sacro Cristallo!”<05>.6<05>
0934	“Incredibile! Il Cristallo<05> si è mostrato!<05><5E><05> Mmm<5B>, sta per succedere<05> qualcosa di grosso.<05><5E><05> Hans, questo sacro Cristallo<05> lo affidiamo a te...”<05>
0936	<05>*.236<05> <59>Hans ha ottenuto il Cristallo<5A><05><05><05>
0938	“Capo... il Cristallo<05> è una cosa importante, no?<05><5E><05>*.16<05>#!92<05> Ehi, Capo!<05> Se lo porto con me<05> potrei piacere<05> un sacco alle donne, no?”<05>
093A	 Ehi, Capo!<05> Se lo porto con me<05> potrei piacere<05> un sacco alle donne, no?<05><5E><05> Eh? Capo, non è che<05> hai lo zaino pieno?”<05><5E><05>+1<05>
093C	“Che cattiveria, Capo!<05> Butta via qualcosa e prendilo<5B>”<05><5E><05>+1<05>
0940	#91<05>“Ma che scelta.<05> Sicuramente è invidia<05> perché piaccio alle donne<5B><5B><5B>”<05><5E><05>-2<05>
0942	*.189<05>“Ah<5B>, meno male.<05> Da vero Capo!”<05>
0944	“Ehhh<5B><5B><5B><5B><5B><5B><5B><5B><5B>!”<05><5E><05>-4<05>
0946	“Una recluta... Lavora come se dovessi morire”<05>
0948	#!<4C>7<05>“Disturbi il lavoro, vattene!”<05>*100<05>
0950	.<4C>7<05>“Chi siete voi...<05> Volete sfidarmi?”<05>%1<05>
0952	“S-scherzavo, idiota.<05> Disturbi il lavoro, vattene!”<05>*100<05>
0954	“Ah ah ah, lo sapevo, lo sapevo.<05> Disturbi il lavoro, vattene!”<05>*100<05>
0956	.!<4C>7<05>“Una recluta... fatti guardare<05> ..............Che faccia da scemo... eh?<05> Tu... assomigli a $1<05> Non sarai mica quello vero?”<05>%1<05>
095A	“In realtà io sto dalla parte degli umani.<05> Vuoi scappare con me?”<05>%1<05>
095C	“Idiota!! Ovvio che è una bugia!<05> Un pressapochista come te<05> qui non serve!<05> Fuori subito!”<05>.<4C>7<05>*100<05>
095E	“Tsk... mi ha risposto male.<05> Ma va bene, $1 non si vestirebbe<05> con questi stracci!<05><5E><05> Bene, puoi entrare!<05> Imita gli altri lavoratori<05> e porta i materiali!”<05>*94<05>.<4C>1<05>
0960	“Uff, sto morendo di stanchezza”<05>
0962	“Ehi, sono stanco<05> lasciami dormire!”<05>
0964	“Vietato chiacchierare”<05>
0966	“Lo sapete?<05> L'ametista di Esencia<05> l'hanno data in pasto<05> ai Sandworm i mostri.<05> Ormai Esencia è finita<5B>”<05>
0968	“Sono io... Loran...<05> Perché devo fare queste cose...”<05>
096A	“Sono io... Loran!<05> Mi hanno sfruttato all'osso.<05> La mia rabbia non è normale!!”<05>.<4C>2<05>
096C	“Sono io! Duval!<05> Nelle azioni segrete conta la pazienza...<05> Ora resisti”<05>
096E	“Sono io! Duval!<05> Bene, cominciamo, $1!<05> Nelle azioni segrete<05> conta cogliere il nemico di sorpresa!”<05>.<4C>3<05>
0970	“Sono io, Hans.<05> Sono stanchissimo”<05>
0972	“Sono io, Hans.<05> Già l'inizio dell'operazione? Uff...”<05>.<4C>4<05>
0974	“Uff<5B>, uff<5B>, uff<5B>”<05>
0976	“Gnaaa! Gnaaa!”<05>
0978	“Shh! Sono un compagno di Lidia!<05> Stanotte porteremo via<05> la barriera che sigilla la magia.<05> Dettagli più tardi...<05><5E><05> Ora aspettiamo la notte...”<05>*96<05>
097A	#!<4C>2<05>#!<4C>3<05>#!<4C>4<05>“Andiamo. Fate come faccio io<05> e uscite quando le guardie<05> si distraggono.<05> Seguitemi fino alla barriera<05> che sigilla la magia.<05><5E><05> Se la muovo suonerà l'allarme.<05> Allora $1 e gli altri<05> fate da copertura.<05><5E><05> Andiamo”<05>*97<05>
097C	“Io qui aspetto<05> l'occasione giusta.<05> Voi discutete il piano<05> con i vostri compagni”<05>
097E	“Ecco, il lavoro è finito.<05> Torniamo al dormitorio e aspettiamo la notte”<05><40>117<05>
0980	“Uff uff, questo lavoro<05> è troppo duro per un vecchio”<05>
0982	“La sacerdotessa dell'Ametista, Cecil,<05> è stata portata chissà dove.<05> Poverina”<05>
0984	“Di notte si riposa, pazienza fino ad allora”<05>
0986	“Non ne posso più di questi giorni<5B>”<05>
0988	“Fino a quando ci faranno fare queste cose...”<05>
098A	“Che vuoi, tu?<05><5E><05> A quest'ora di notte, cosa vuoi?<05> Io non sono di quel tipo, davvero.<05> Smettila!”<05>
098C	“È troppo presto per riposare!!<05> Lavorate, lavorate di più! Feccia!”<05>
098E	“Tu! Chi ti ha detto di riposare?<05> Per parlare con me<05> è presto di cent'anni!!”<05>
0990	“Uraaa<5B>!!”<05>*100<05>
0992	“Non lasciare il tuo posto<5B>!<05> Torna al lavoro<5B>!”<05>
0994	“Shh! Non fare rumore...<05> Il nemico se ne accorgerà!”<05>
0996	“Shh! Attenzione.<05> Il nemico se ne accorgerà”<05>
0998	“Ora io distruggo la barriera.<05> Voi riconquistate Esencia”<05>
099A	“Grazie a tutti, grazie a voi<05> abbiamo cacciato i mostri da Esencia.<05><5E><05> Su, torniamo a Esencia”<05>
099C	&124<05>“Ora a Esencia tutti uniscono<05> le forze per ricostruire la città”<05>
099E	“Il verde è tornato<05> e anche la gente ha ripreso vigore.<05><5E><05> $1, è davvero merito tuo”<05>
09A0	&124<05>“Dobbiamo sgomberare queste macerie...<05> In fondo facciamo le stesse cose di prima<05> ma non ci si può fare niente”<05>
09A2	“Il potere dell'Ametista è incredibile.<05> Che sia tornato tutto questo verde.<05><5E><05> Se potesse già che c'è<05> sgomberare anche le macerie”<05>
09A4	&124<05>“Grazie a $1<05> posso di nuovo passeggiare<05> sotto il sole.<05> Oh oh oh”<05>
09A6	“Finché sono vivo<05> non pensavo di poter vedere<05> una Esencia verde...<05><5E><05> È merito tuo, $1<05> $1 è il grande benefattore<05> di Esencia”<05>
09A8	&124<05>“Siamo tornati a Esencia<05> ma la signora Cecil non c'è e l'Ametista neppure...<05> Le preoccupazioni non finiscono mai<5B>”<05>
09AA	“L'Ametista è tornata...<05> Se ora tornasse la sacerdotessa<05> non ci sarebbe altro da desiderare<5B>”<05>
09AC	&!124<05>“Fantastico! Fantastico! È tornato il verde!<05> $1 ha riportato indietro<05> l'Ametista Grazie!”<05>
09AE	“I mostri sono stati cacciati<05> ma il verde non è ancora tornato...<05> Forse senza l'Ametista non c'è niente da fare?”<05>
09B0	&124<05>“Sto pensando di costruire<05> una casa qui.<05><5E><05> Questo terreno era mio<05> e sono contento<05> di averlo tenuto.<05><5E><05> Quando i mostri se lo sono preso<05> ho avuto un grosso shock:<05> il mito della terra era crollato!<05><5E><05> Alla fine conta la terra! La terra!!”<05>
09B2	“Sto pensando di costruire<05> una casa qui<05> con un giardino verde e lussuoso!<05> Solo a immaginarlo, che meraviglia.<05><5E><05> Mmm<5B>, Esencia è davvero<05> l'Ametista Ah ah ah ah”<05>
09B4	“Grazie, $1<05> Anche la capitana Lidia<05> ti stava cercando per ringraziarti”<05>
09B6	#61<05>“Ti prego, $1!<05> Riprendi l'Ametista!<05> Possiamo contare solo su di voi”<05>
09B8	&124<05>“Ah! Quella è l'Ametista!<05><5E><05> Non la usi<05> e dove la stai portando?”<05>
09BA	&125<05>“Grazie a $1 anche a Esencia<05> è tornato il verde.<05> Presto Esencia<05> tornerà com'era un tempo”<05><5E><05> <59>$1 ha consegnato l'Ametista<5A><05>*223<05><40>125<05>
09BC	“Grazie, $1”<05>
09BE	#61<05>“Speriamo che torni presto la pace<05> per andare in vacanza a Sequet!”<05>
09C0	“Dicono che ci sia un tour<05> turistico dei Sandworm.<05> Quasi quasi mi iscrivo.<05><5E><05> Pare che si possa entrare dentro un Sandworm”<05>
09C2	#106<05>“Ehi ehi, hai mai visto un Sandworm?<05> Dicono che è enorme!”<05>
09C4	“Cosa! Hai sconfitto un Sandworm!<05> Sarà vero?”<05>
09C6	&121<05>“La capitana Lidia dice<05> di venire a parlare dentro”<05>
09C8	&124<05>“$1, ti prego, l'Ametista...”<05>
09CA	“Grazie, $1<05> Così anche questa città<05> tornerà com'era”<05>
09CC	#61<05>“$1, anche in questa città hanno rapito la sacerdotessa<05> e la gente è disperata...<05><5E><05> Non possiamo passare<05> oltre e basta”<05>
09CE	&124<05>“$1, usa subito il potere dell'Ametista<05> e riporta il verde”<05>
09D0	“Su, andiamo avanti!”<05>
09D2	&121<05>“Capo, ce l'abbiamo fatta!<05> Abbiamo riconquistato Esencia!”<05>
09D4	#106<05>“Capo, davvero combatterai<05> contro il Sandworm?<05> Dai, lascia stare<05> amare gli animali è importante!”<05>
09D6	“Però i Sandworm<05> sono davvero enormi”<05>
09D8	“Una città che si ricostruisce<05> è una bella cosa...<05><5E><05> Ops, sembro un vecchietto”<05>
09DA	&121<05>“Chissà come sta ora<05> la sacerdotessa Cecil...”<05>
09DC	&134<05>“In realtà la capitana Lidia vorrebbe<05> andare subito a salvare<05> la sua cara amica, la sacerdotessa Cecil...<05><5E><05> Ma se ora la capitana lascia la città<05> la gente non si riprenderebbe dallo smarrimento...<05><5E><05> La più addolorata è la capitana!<05> Cerca di capirla”<05>
09DE	“Finalmente la gente di Esencia<05> ha ritrovato la calma”<05>
09E4	“Grazie, $1<05> Grazie a te siamo tornati a Esencia.<05><5E><05> Ma le piante sono appassite, come morte...<05><5E><05> Perché l'Ametista, che governa<05> la forza vitale, è andata perduta.<05><5E><05> L'ha inghiottita un Sandworm.<05><5E><05> Ti prego, riprendi per noi<05> l'Ametista dal Sandworm”<05>+1<05>
09E8	“Grazie... Non dimenticherò mai<05> questo favore”<05><40>121<05>
09EA	“Se ora ce ne andiamo di qui<05> per sconfiggere il Sandworm<05> la città tornerà nel caos.<05><5E><05> Ti prego, $1<05> solo tu puoi aiutarci”<05>-2<05>
09EC	#61<05>“L'Ametista è la pietra che governa la vita...<05> Finché resta perduta<05> Esencia non potrà ricostruirsi...<05><5E><05> Ti prego, sconfiggi il Sandworm<05> e riprendi l'Ametista...”<05>
09EE	&124<05>“Ah... quella è l'Ametista!<05><5E><05> Su, esci fuori<05> e provala”<05>
09F0	&125<05>“Grazie mille.<05> L'Ametista la riporto io<05> in chiesa.<05><5E><05> Con questa pietra sacra<05> Esencia un giorno tornerà com'era”<05><5E><05> <59>$1 ha consegnato l'Ametista<5A><05>*223<05><40>125<05><5E><05>+1<05>
09F2	“Quando la gente di Esencia<05> ritroverà la calma<05> partirò anch'io per salvare<05> la sacerdotessa Cecil.<05><5E><05> Allora ricambierò questo favore<05> $1, fino ad allora, stammi bene...”<05>
09F4	#61<05>“Si tramanda che l'Ametista, con le altre 6 gemme<05> con il suo potere<05> abbia placato una terribile sciagura...<05><5E><05> Ma quale fosse quella sciagura<05> non si è tramandato”<05>
09F6	&124<05>“Ho servito in questa chiesa per molti anni<05> ma da quando l'Ametista è andata perduta<05> i giorni passano vuoti.<05><5E><05> Eh?<05><5E><05> $1, non è che...<05><5E><05> Oooh!! Quella è l'Ametista!<05><5E><05> Se la usi, a Esencia<05> tornerà il verde.<05> Su, presto l'Ametista!”<05>
09F8	&125<05>“Grazie, $1<05> Con l'Ametista<05> anche Esencia tornerà<05> com'era un tempo.<05><5E><05> <59>$1 ha consegnato l'Ametista<5A><05><40>125<05>*223<05><5E><05> Grazie mille, $1”<05>
09FA	“Grazie, $1”<05>
09FC	#106<05>“Andando sempre a ovest c'è la tana<05> del Sandworm gigante ma la mamma<05> mi ha vietato di avvicinarmi”<05>
09FE	“Cosa! Hai sconfitto un Sandworm!<05> E io non l'ho mai visto!”<05>
0A00	#61<05>“Anche se non si direbbe, un tempo<05> ero un guerriero d'assalto: ho sconfitto un Sandworm<05> e sono entrato pure nel suo corpo”<05>
0A02	“Sei entrato in un Sandworm!<05> Che sorpresa.<05><5E><05> Non pensavo si potesse davvero”<05>
0A04	&124<05>“Chissà come è fatta<05> la pancia di un Sandworm.<05> Se si potesse, vorrei entrarci”<05>
0A06	“Uh<5B>, il verde fa venire le lacrime.<05> Dare l'Ametista in pasto<05> a un Sandworm, che gente<05> assurda esiste!”<05>
0A08	&!127<05>“Ah, $1<05> sei davvero venuto...<05><5E><05> Ti sei ricordato di uno come me<05> che gioia...............<05> ......................snif”<05>
0A12	.31<05>“Chi sei tu...........<05> ......................<05><5E><05> Entrare in casa altrui<05> senza salutare<05> non è maleducazione?<05><5E><05> Eh?<05><5E><05> Che c'è?<05><5E><05> Lasciami in pace.<05> Sto qui perché mi piace.<05> Non rompere.<05><5E><05>+1<05>
0A14	 ................<05><5E><05> E poi, non so perché<05> sei troppo sfacciato.<05><5E><05> Con quale diritto<05> sei venuto qui?<05><5E><05> Perché mi parli?<05> Eh?<05><5E><05> Io posso stare benissimo<05> da solo.<05><5E><05>+1<05>
0A16	 Qui, da solo, se canto<05> nessuno si lamenta.<05><5E><05> E non mi annoio neanche un po'!<05><5E><05> La prova è che<05> vivo qui<05> da solo da tanto tempo.<05><5E><05> Da quanti anni sarà...<05><5E><05> Non ho parlato con nessuno<05> e non ne ho mai sentito il bisogno.<05><5E><05>+1<05>
0A18	 Quindi adesso<05> smettila di parlarmi.<05> Hai capito? Dì qualcosa.<05><5E><05> Che c'è? Dai, dì qualcosa.<05> Ti sei arrabbiato?<05><5E><05> Ti ho chiesto se ti sei arrabbiato!<05> ....................<05><5E><05> Sei arrabbiato?<05> ......................<05><5E><05> ................<05> Ehi, sei arrabbiato?”<05><05><05>+1<05>
0A1E	“Meno male”<05>
0A22	&122<05>“Ah, già.<05> Qui si trovano<05> tante cose rare...<05> Che ne dici di questa?”<05><5E><05><05><49>255<05><49>218<05> <59>$1 ha ottenuto il Libro di Strim<5A><05><05><05><5E><05><40>122<05>*.87<05>+4<05>
0A26	&123<05>“Ah, già.<05> Qui si trovano<05> tante cose rare...<05> Che ne dici di questa?”<05><5E><05><05><49>255<05><49>218<05> <59>$1 ha ottenuto<05>  un arco elegante<5A><05><05><05><5E><05><40>123<05>*.40<05>+2<05>
0A2A	“Ehi, sei ancora arrabbiato?”<05><05><05><05>-8<05>
0A2E	“Se ti va, prendi questa.<05> È una gemma bellissima, no?”<05><05><05><5E><05>*.236<05> <59>$1 ha ottenuto l'Ametista<5A><05><05><05><5E><05>“Eh, davvero.<05> È una gemma così importante?”<05><05><05><5E><05>*.68<05>+1<05>
0A30	“Beh, ormai<05> ci siamo conosciuti...<05><05><05><5E><05> Vieni a trovarmi ogni tanto...<05> Ti aspetto...”<05><05><05>
0A32	“Volevo darti qualcosa<05> ma hai lo zaino pieno...<05><5E><05> Beh, ormai<05> ci siamo conosciuti...<05><5E><05> Vieni a trovarmi ogni tanto...<05> Ti aspetto...”<05>
0A34	“La capitana Lidia e la sacerdotessa Cecil<05> erano affiatate come sorelle.<05> Capisco benissimo<05> come si sente la capitana”<05>
0A36	“Anche a voi, $1, hanno rapito<05> una persona cara, vero?...<05><5E><05> Ah, vorrei sconfiggere<05> quei mostri con le mie mani...”<05>
0A38	“Idiota! Non fare rumore...<05> Il nemico se ne accorgerà”<05>
0A3A	“Sequet ha rafforzato la vigilanza<05> per proteggere la città dai banditi di montagna.<05> In città potete stare tranquilli<05> quindi rilassatevi pure”<05>
0A3C	“Cia<5B>o”<05>
0A3E	“Sequet era una città che conservava<05> antiche leggende ormai dimenticate<05> nelle altre città.<05><5E><05> Ora è diventata<05> una città di villeggiatura.<05><5E><05> La leggenda di Rambulvil?<05> ...mmm<5B>...<05><5E><05> Mi sembra che ci fosse<05> anche una storia così...”<05>
0A40	“Giovanotto, è la prima volta a Sequet?<05> Io vengo tre volte l'anno.<05> Non c'è altra città così bella<05> si mangia bene e le ragazze sono belle”<05>
0A42	“Scusi, dov'è la spiaggia?”<05>%1<05>
0A44	“Ma dai! Con sì e no<05> non si capisce dove sia!”<05>
0A46	“Ma dai! Con sì e no<05> non si capisce dove sia!”<05>
0A48	“Il passaggio da qui in poi è vietato.<05> Perché ci sono i banditi di montagna...”<05>
0A4A	“Io vivo a Sequet<05> quindi anche a questa età<05> mi sento ancora giovane.<05> Ah ah ah!”<05>
0A4C	“Ecco, ecco! Questo cercavo io.<05> Una città così, Capo!<05> Io mi trovo sicuramente la ragazza!<05> Anche tu datti da fare, Capo!”<05>
0A4E	“Eh? E ora?<05> Mi faccio offrire qualcosa<5B>!<05><5E><05> Come, non era un approccio? Uffa!!”<05>
0A50	“Ehi, con tutta quell'armatura<05> non hai caldo?”<05>
0A52	#<4C>1<05>“Benvenuti<05> al 'Ristorante con vista mare'<05><5E><05> Qui è riservato alle coppie.<05> Tornate con la vostra compagna”<05>
0A54	#<4C>4<05>“Benvenuti<05> al 'Ristorante con vista mare'<05><5E><05> Cosa desiderate?”<05>*146<05>
0A56	“Benvenuti<05> al 'Ristorante con vista mare'”<05>
0A58	“Il piatto più costoso<05> e più buono, per due!”<05>
0A5A	“Certamente”<05>
0A5C	“Ecco a voi, prego”<05>
0A5E	“Uff, che buono.<05> Grazie del pasto”<05><5E><05>.<4C>4<05>>800<05>#90<05>*.160<05><05> <59>Ti hanno preso tutto<5A><05><05><05>
0A60	/<05><05> <59>Il conto: 800<47> pagati<5A><05><05><05>
0A62	“Eheheh! Anche tu sei venuto<05> in questa città in cerca di avventure?”<05>
0A64	*.63<05>“Stasera con quella... Uhihihi!<05><5E><05>+1<05>
0A66	*.44<05>#90<05> ...Uhihihihihi!!<05><5E><05>-0<05>
0A68	 ...Brividi!!”<05>
0A6A	“Ehi ehi, non parlarmi<05> mi distrai”<05>
0A6C	“Io vengo da una città giù a sud<05> di Sequet, chiamata Barn.<05><5E><05> Sequet è<05> una gran bella città, eh”<05>
0A6E	“Se penso a Elen e alle altre<05> non ci si può divertire in un posto così<05> vero, $1?”<05>
0A70	#<4C>1<05>“Hans, noi abbiamo<05> un compito importante<05> e lui si diverte da solo! Che vergogna”<05>
0A72	“$1<5B>! Ehi<5B>! Pivello!!<05> Cosa ti diverti a fare!!”<05>
0A74	“.................”<05><5E><05><05> <59>Sembra che lui sia entrato<05>  in un mondo tutto suo e di lei<5A><05><05>
0A76	“.................”<05><5E><05><05> <59>Sembra che lei sia entrata<05>  in un mondo tutto suo e di lui<5A><05><05>
0A78	“A nord di questa città<05> da sempre abitano dei banditi di montagna.<05> Per difenderci da loro<05> facciamo la guardia così.<05><5E><05> Ultimamente sono diventati<05> feroci all'improvviso.<05> Alcuni sembrano mezzi mostri.<05> Non si può abbassare la guardia”<05>
0A7A	&127<05>“Capo, ti presento<05> Cosette! Suo padre<05> è un soldato di questa città.<05><5E><05> Perciò anche lei vuole diventare soldato<05> e proteggere la città.<05> Che bel pensiero<5B>”<05><40>127<05>
0A7C	#<4C>1<05>“Uffa Capo<05> sono sul più bello, vai via!”<05>
0A7E	“Pea<5B>ce!!”<05>
0A80	&127<05>“Mi chiamo Cosette.<05> Sei amico di Hans, vero?<05> Hans è una persona divertente”<05>
0A82	“Di $1 ho sentito parlare<05> da Hans.<05> Dice che sei coraggioso...<05><5E><05> Vorrei imparare anch'io eheh”<05>
0A84	#!44<05>“Wow<5B> $1<05> L'altra volta mi hai fatto<05> compagnia Grazie mille”<05>
0A86	“Ehi, bel ragazzo!<05> Se hai tempo e soldi<05> esci con me?”<05>%1<05>
0A8A	“Mmh<5B>, che freddo!<05> Ciao ciao!”<05>
0A8C	“Kyaa, che gioia!<05> Allora prima facciamo due passi!”<05>.<4C>1<05>*103<05>
0A8E	“Ehi... ora andiamo al ristorante<05> a mangiare?”<05>%1<05>
0A90	“Kyaa, che gioia!<05> Ho una fame da lupi!”<05>
0A92	“Mmh<5B>, che freddo!<05> Ciao ciao!”<05>.!<4C>1<05>
0A94	“Ehi, voglio la collana<05> che vendono qui in negozio, dai, ti prego?”<05>%1<05>
0A96	“Kyaa, grazie!<05> La volevo tantissimo!”<05>
0A98	“Mmh<5B>, che freddo!<05> Ciao ciao!”<05>.!<4C>1<05>
0A9A	“Questo, il più caro e più grosso<5B><05><5E><05> Bello, vero<5B>?”<05>%1<05>
0A9C	“Evvi<5B>va!”<05>
0A9E	“Mmh<5B>, che freddo!<05> Ciao ciao!”<05>.!<4C>1<05>
0AA0	“Sono 700<47>”<05>
0AA2	>700<05>#90<05>“Eh! Non li hai?<05> ......<05><5E><05> E la carta?<05> ......<05><5E><05> Nemmeno quella?<05><5E><05> Mmh<5B><05><5E><05> Allora ciao”<05>.!<4C>1<05>
0AA4	/<05>“Grazie, $1!”<05><49>139<05> <59>Hai pagato 700<47><5A><05><05><05>.<4C>2<05>
0AA6	.44<05>“Oggi mi sono divertita!<05> Speriamo di rivederci, ciao!<05><5E><05> ...E questo è un regalo da parte mia<05> ...Bacio!...”<05><5E><05><05><05> <59>$1 è stato...<05><05><5E><05>    baciato<5A><05><05><5E><05>#92<05>“Allora, a presto”<05>
0AA8	“Ah, ecco!<05> Oggi sono stata così felice<05> che ti do anche questo.<05> Si tramanda in famiglia da generazioni.<05><5E><05> Non lo porto sempre con me, sai.<05> Se ti va, usalo.<05><5E><05><05><49>255<05><49>218<05> <59>Hai ottenuto l'armatura Incanto<5A><05><05><05>
0AAA	&!131<05>&132<05><49>212<05>“Fgyaaah!”<05>
0AAC	<49>167<05>“Mia<5B><5B><5B>o frr”<05>
0AAE	&!131<05>&132<05><49>210<05>“Ki<5B><5B>n kyawn”<05>
0AB0	<49>166<05>“Bau!”<05>
0AB2	“Hotel di lusso, da re<05><05> Per la villeggiatura a Sequet<05> scegliete il nostro hotel a 5 stelle   ”<05>
0AB4	“Dolci ricordi in due...<05><05>  Al 'Ristorante con vista mare'”<05>
0AB6	“Spiaggia di Sequet”<05>
0AB8	“Benvenuti a Sequet<05> città di mare e vacanze!”<05>
0ABA	“Benvenuti a Sequet<05> paradiso dell'eterna estate!”<05>
0ABC	“Benvenuti a Sequet<05> città dichiaratamente di villeggiatura!”<05>
0ABE	&133<05>“Aiuto, aiuto...<05><5E><05> Ah, non eravate banditi.<05> Meno male, meno male.<05><5E><05> Comunque scappate presto.<05> Quei banditi non sono umani”<05>
0AC0	“Aiuto, aiuto.<05><5E><05> Come? Ora è tutto a posto?<05> Davvero? Meno male, meno male”<05>
0AC2	“Che orrore...<05> $1! Se lasciamo correre<05> non siamo più uomini!<05><5E><05> Annientiamo i banditi”<05>
0AC4	“Ma che addestramento faceva<05> la guardia di questa città!<05> È troppo<05> triste per la gente...”<05>
0AC6	“Hans? C'è Hans?<05><5E><05> Cosette ha detto che avrebbe<05> vendicato tutti<05> ed è uscita da sola dalla città!<05><5E><05> Seguitela subito!!<05> Altrimenti anche Cosette!”<05>
0AC8	&133<05>“............ che male...”<05>
0ACA	“............ che male...”<05>
0ACC	&133<05>“Uh, quelli non sono umani<05> sono mostri!”<05>
0ACE	“Vero che erano mostri?”<05>
0AD0	&133<05>“Aiutatemi, aiutatemi!”<05>
0AD2	“Mi hai salvato! Che gioia!”<05>
0AD4	“Capo! Cosette è andata da sola<05> alla caverna dei banditi!<05> Non possiamo stare fermi.<05> Dobbiamo salvare Cosette!”<05>
0AD6	“Ah ah, sei arrivato fin qui, complimenti.<05> Non sei come quelli di Sequet...<05> Bravo, ma la tua fatica è inutile!<05><5E><05> Perché io, con la magia di Qualcuno,<05> ho ottenuto una forza<05> diversa da quella umana!!”<05>
0AD8	“C-Cosette!!”<05>
0ADA	“...Hans, sei Hans?<05> Gli occhi... si annebbiano, non vedo più...<05><5E><05> Ma... sei venuto...”<05><40>132<05>
0ADC	“Capo!<05> Dobbiamo andare in ospedale!<05> Dobbiamo tornare a Sequet!”<05>
0ADE	&!133<05>“Capo, vai in fretta<05> altrimenti soffro anch'io!”<05>
0AE0	“Capo... posso restare qui?<05> Finché la città non sarà<05> tornata com'era, voglio proteggerla...<05><5E><05> Vedi, la mia Winga, dove sono nato,<05> si muoveva, no? Perciò non ho mai<05> vissuto in un solo posto...<05><5E><05> Capo, mi perdoni<05> questo capriccio?”<05>+1<05>
0AE4	“Capo... grazie... grazie...<05><5E><05> Ehi, Capo, stammi bene...”<05><5E><05><05> <59>La squadra di Hans se n'è andata<5A><05><05><05><40>133<05>*131<05>
0AE6	“Eh già, è comprensibile.<05> Ma questo capriccio<05> vorrei che me lo concedessi<05> Capo, ti prego! Ti va bene?!”<05>+1<05>
0AEC	“Capo, ti prego<05> lasciami restare qui!”<05>-2<05>
0AEE	#<4C>3<05>“$1, sono Cosette.<05> Ormai sto benissimo...<05><5E><05> Insieme a Hans<05> riporteremo questa città com'era.<05><5E><05> Ecco... vi prego<05> perdonate Hans”<05>.<4C>3<05>
0AF0	“Fate buon viaggio...”<05>
0AF2	“...Nemmeno io, questa volta<05> posso rimproverare Hans”<05>
0AF4	&133<05>“$1, ascoltiamo<05> quello che ha da dire Hans”<05>
0AF6	“...............Andiamo... $1”<05>*147<05>
0AF8	“A pensarci, è stato un viaggio<05> lungo e insieme breve”<05>
0AFA	“$1... stammi bene”<05>
0AFC	“Separarsi... è proprio triste”<05>
0AFE	“Grazie di aver ascoltato<05> il capriccio del capitano Hans”<05>
0B00	“$1... stammi bene”<05>
0B02	“Gnam gnam”<05>
0B04	“Anche tu sei venuto<05> in questa città per villeggiare?”<05>%1<05>
0B06	“Allora non hai niente da fare qui.<05> Fuori, subito!”<05><05><05><05>
0B08	“Allora che sei venuto a fare?”<05>%2<05> Cerco la sacerdotessa<05> Voglio conoscere la leggenda<05>
0B0A	“Sacerdotessa? Non so.<05> Io posso raccontarti solo<05> vecchie storie inutili...”<05>
0B0C	“Vuoi sentire vecchie storie?<05> Oh, bene, bene, benvenuto.<05> Cosa?<05><5E><05> Vuoi sapere della sciagura<05> portata a Rambulvil<05> dal Saggio del Rubino?<05><5E><05> Hai gusti piuttosto seri.<05><5E><05> Pare fosse un mostro terribile<05> chiamato Jisfandel.<05> Ma dei dettagli non so molto...”<05>*222<05>
0B0E	“Aspetta un attimo!!<05> Se è per quella storia, mi pare<05> che sia scritta in un libro antichissimo<05> che ho io...”<05>
0B10	“Ecco, ecco, questo è il libro<05> ..................<05> ..........<05> .............<05><5E><05> '...In quel tempo a Rambulvil<05> nella nostra storia<05> continuava un'epoca di pace<05> mai vista prima'<05>
0B12	'Ma a un certo punto<05> ai confini del continente<05> dei mostri invasero<05> e distrussero molte città.<05><5E><05> Da allora tra Rambulvil<05> e i mostri continuarono<05> le lotte<05> e la pace andò perduta...'<05>
0B14	'...Jisfandel<05> fu creato dai 7 Saggi<05> per riportare la pace.<05> È una gigantesca creatura magica...'<05><5E><05> ..............<05> Non sembra scritto<05> che Jisfandel fosse<05> un mostro terribile”<05>.<4C>7<05>
0B16	#<4C>7<05>“Il pensiero della nonna è il mio.<05> Se vuoi sapere, chiedi alla nonna”<05>
0B18	“Chi mai sarà stato<05> questo Jisfandel...”<05>
0B1A	“Si dice che chi suggerisce ai banditi<05> sia un tipo tetro con un bastone con il rubino.<05><5E><05> Che razza di cattivo sarà mai?”<05>
0B1C	&133<05>“Una ragazza di nome Cosette<05> è andata alla tana dei banditi a nord<05> per sconfiggerli.<05> Chissà che ne è di lei ora”<05>
0B1E	“Anche quella Cosette<05> è proprio una ragazza coraggiosa”<05>
0B20	&133<05>“...Sequet è finita.<05> Anch'io stavo per scappare<05> a Barn”<05>
0B22	“Ah<5B>, anche Sequet è ridotta a pezzi.<05><5E><05> Non è che il mondo finirà così?<05> Io sono preoccupatissimo”<05>
0B24	&133<05>“Nonna, nonna...<05><5E><05> Riprenditi, ti prego”<05>
0B26	“Basta che la nonna sia viva<05> e per me va bene...”<05>
0B28	&133<05>“Uhihihi accadrà una sciagura<5B><05> Una sciagura che spazzerà via il mondo<05> accadrà<5B>”<05>
0B2A	“Ah, avete cacciato i banditi.<05> Grazie, ci avete salvato.<05><5E><05> Prima, per lo shock<05> devo aver perso la testa anch'io”<05>
0B2C	“Anche tu sei qui per rubare ai banditi<05> il famoso arco fortissimo?<05><5E><05> Lascia stare, lascia stare.<05><5E><05> La sorveglianza è così stretta<05> che ormai ci rinuncio anch'io”<05>
0B2E	“Ma vuàltri, da 'ndo siete vinuti?”<05>
0B30	“A ovest di Barn, ben distante<05> c'è la città di Tsungal, che parla<05> un dialetto strettissimo!<05> Rispetto a quella<05> Barn è una metropoli!”<05>
0B32	“Ma che dici, parli<05> proprio in modo strano!<05> Sei di campagna?”<05>
0B34	“Lo sai?<05> A Tsungal il fiume è straripato<05> e mezza città sta nell'acqua”<05>
0B36	“Gonnuzubà!”<05>
0B38	“Tu non sei mai stato a Barn?<05> Ti ha sorpreso, eh? Questo dialetto!<05> Ma non stupirti per così poco<05> Tsungal, a ovest, è molto peggio”<05>
0B3A	“Mi sono trasferito da Sequet a Barn.<05><5E><05> Un giorno vorrei costruire qui<05> una pensione per chi ama<05> davvero la natura”<05>
0B3C	“Lo sai?<05> Il fiume di Tsungal l'ha fatto straripare<05> un mostro enorme, Gel de Rei”<05>
0B3E	“Ccà è 'a città 'e Barn.<05> Statevi comodi, senza pressa!”<05>
0B42	“Che bella jurnata, eh!”<05>
0B48	“Io nun capisco 'o gallo.<05> Vuò ca te 'o traduco?”<05>%2<05> Sì, traduci<05> No, grazie<05>
0B4A	.14<05>.!27<05>“'Coccò coccò' fa 'a mamma<05> 'chicchirichì' 'o papà.<05><5E><05> ................<05> ................<05><5E><05> e tu nun capisci 'na mazza”<05>
0B4C	“E vabbè”<05>
0B4E	#14<05><49>153<05>“Cocc! Cocc!”<05>.<4C>5<05>
0B50	“Ho fame<5B>”<05>
0B52	#14<05><49>153<05>“Cocco, cocococc”<05>.<4C>6<05>
0B54	“Cocc, cocc, mi si è irrigidita<05> la spalla, cocc cocc<05> ultimamente...”<05>
0B56	#14<05><49>153<05>“Cocc, coccocc”<05>.<4C>7<05>
0B58	“Mi dicono sempre<05> che ho la faccia pallida.<05><5E><05> Vorrei essere un po' più scuro”<05>
0B5A	&131<05>“Ma che lingua parla<05> la gente di questa città!<05> Non si capisce niente!”<05>
0B5C	&132<05>“$1! Non è il momento di stare<05> tranquilli a guardare il mare”<05>
0B5E	“Su, sbrighiamoci, $1<05> Non è il momento<05> di lasciarsi andare ai sentimenti”<05>
0B60	“Ma che lingua è questa?<05> Così non possiamo raccogliere<05> informazioni sulle sacerdotesse, come Cecil”<05>
0B62	&131<05>“In questa città ci sono stato<05> tanto tempo fa<05> e ho imparato il dialetto locale,<05> il 'tsungalese'<05><5E><05> Risentirlo dopo tanto tempo mi commuove”<05>
0B64	&132<05>“Che fai imbambolato, $1!<05> Dobbiamo tornare subito a Sequet<05> o sarà troppo tardi”<05>
0B66	“Quel Hans...<05> Anche uno così, quando manca<05> lascia un vuoto”<05>
0B68	“$1!!”<05>
0B6A	“La città di Sequet è stata attaccata<05> dai banditi!<05> Vi prego, mandate rinforzi!”<05>
0B6C	“Ohi, che disastro!!<05> Cosette... Cosette è in pericolo.<05> Torniamo subito, Capo!”<05><40>131<05>
0B6E	“Torniamo subito a Sequet, Capo!”<05>
0B70	“Ah<5B>, Cosette...<05> vorrei rivederla<5B>”<05>
0B72	“Capo! Cosette è così dolce<05> e brava, non trovi? Non trovi?”<05>
0B74	“Cosette dice che io sono buffo<05> e divertente, eheh.<05> Uffa Capo, mi fai arrossire!”<05>
0B76	“Cosette è la migliore, vero!<05> Salviamo presto le sacerdotesse<05> e torniamo a Sequet, Capo!”<05>.45<05>
0B78	“Convenience Barn”<05>
0B7A	“Che anche oggi ce ne sia<05> in abbondanza    ”<05>
0B7C	“$1<5B><5B>!”<05>
0B7E	“$1, quanto tempo.<05> Sono Lidia di Esencia.<05><5E><05> Grazie a te, $1, Esencia<05> sta tornando com'era.<05><5E><05> Ora tocca a me aiutare te.<05> Sono certa di esserti utile, $1<05><5E><05> Mi accogli con la mia squadra?”<05>+1<05>
0B82	“Sapevo che l'avresti detto.<05> Andiamo a salvare le sacerdotesse”<05><5E><05><05> <59>La squadra di Lidia si è unita a te!<05>  Lo Zaffiro di $1 ha brillato!!<5A><05><05>*.122<05><40>134<05>
0B84	“Io e te abbiamo lo stesso obiettivo:<05> salvare le sacerdotesse!<05> Ti prego, accogli la mia squadra!”<05>-2<05>
0B86	“Tsungàl 'nu paese veru<05> mangia e sta bbuono!”<05>*177<05>
0B88	“'Benvenuti a Tsungal, davvero<05>  siete venuti'<05> dice”<05>
0B8C	“Cuntàmo 'sto sciume<05> ca me trema 'a casa.<05> Alè, bangrà!”<05>*177<05>
0B8E	“Il fiume ha smesso di straripare<05> all'improvviso e lui<05> pare stupito”<05>
0B90	“Cuntàmo 'nu dopplà dopplà<05> 'o sciume grussissimo, 'a città<05> a metà 'int'all'acqua!”<05>*177<05>
0B92	“'Il fiume più avanti è straripato<05>  e metà città è finita<05>  sott'acqua', dice”<05>
0B94	“'O sciume 'ncoppa 'o quartiere<05> 'nu magazzino 'e arme, ciac ciac<05> pieno 'e armamenti!”<05>*177<05>
0B96	“'Dove c'è l'acqua c'è<05>  un negozio d'armi con<05>  molte armi potenti', dice...”<05>
0B98	“Io parlare io vostro linguaggio.<05><5E><05> negozio persona capire poco<05> parlare io vostro linguaggio.<05><5E><05> ma negozio persona parlare<05> io non capire<05> negozio persona importante”<05>
0B9C	“'O sciume dopplà dopplà, 'ncoppa<05> 'a diga ca s'è rutta<05> mmeschèchete 'nu pucurillo”<05>*177<05>
0B9E	“Il fiume è straripato perché la diga<05> a monte si è rotta...”<05>
0BA0	“'A diga? Nun sacc' nìente.<05> Chi 'a sape chi l'ha fatta”<05>*177<05>
0BA2	“'Ha riparato perfino la diga<05>  Che tempra!', dice”<05>
0BA6	“Mia casa, tuttu 'nzuppatu<05> m'aggia sbrigà a sistemà”<05>*177<05>
0BA8	“'Devo tornare subito a casa<05>  a riparare la casa allagata', dice”<05>
0BAA	“Chist'ommo, 'a casa soja<05> 'o sciume s'è pigliata”<05>*177<05>
0BAC	“La casa di quest'uomo pare sia<05> finita in fondo al fiume straripato”<05>
0BB0	“$1, tu non capisci per niente<05> la lingua di questa gente, vero?<05> Vuoi che ti faccia io da interprete?”<05>+1<05>
0BB4	“Bene, d'ora in poi<05> ti seguo io!”<05><40>136<05>*106<05>
0BB6	“Che testardo.<05> Per me va bene”<05>.<4C>1<05>
0BB8	“In realtà sei in difficoltà, no?<05> Dai, ti traduco io”<05>-3<05>
0BBA	“Abbara' ba' Tsungàl e<05> bellu gelsu, ohimè ohimè<05> ciao caro!”<05>*177<05>
0BBC	“Quest'uomo è solo ubriaco e dice<05> cose senza senso.<05> Prende in giro la gente!”<05>
0BBE	“Casa mia sta sott'acqua, uè<05> 'o vinu me fa durmì, uè<05> ma ch'aggia fà!”<05>*177<05>
0BC0	“'Ho la casa sommersa dal fiume<05>  e non ho altro da fare<05>  che bere sake', dice.<05><5E><05>&139<05> Se cercasse lavoro ce n'è quanto vuoi.<05> Che pigrone!”<05>
0BC2	 Beve solo sake e non sa nemmeno<05> che il fiume ha smesso di straripare.<05> Che pigrone!”<05>
0BC6	#!25<05>“Eh? Vuoi che<05> venga con te?<05><5E><05> Mi hai scelta perché sono una donna?<05> Ho capito, lascia fare a me”<05>*107<05>.15<05>
0BC8	“Anche questa è una città incomprensibile.<05> Di cosa staranno parlando...”<05>
0BCE	“'Ste femmene sole, 'sti uommeni<05> fora, fora, mo' basta!”<05>*177<05>
0BD0	“'Parlo solo con le donne<05>  Gli uomini fuori', dice!<05> Che imbecille!<05><5E><05> Non serve ascoltare uno così!<05> Ma cosa ha in testa?”<05>.25<05>
0BD2	“Sulo 'e femmene restano<05> l'uommeni fora, fora!”<05>*177<05>
0BD4	“'Lasciate le donne, gli uomini fuori'<05> dice: restiamo con Lidia<05> e usciamo fuori”<05>*108<05>
0BD8	“'Bella 'a ggente, che bello<05>  ohohoh, sta 'ndretto 'e ccà', dice<05> ma che vorrà dire...”<05>
0BDA	“'Bella, hai un bel sedere!<05>  Ti racconto una storia segreta?'<05> dice”<05>
0BDC	“'O sciume 'ncoppa a Tsungàl 'a sacc'io<05> tutt' 'e 'ncumbenze”<05>
0BDE	“'Del fiume di Tsungal<05>  io so tutto<05>  conosco la storia', dice”<05>
0BE0	“Che lingua strana<05> ma pare dica: 'Per fermare<05>  l'esondazione, la diga<05>  la conosce'”<05>
0BE2	“'O sciume 'ncoppa 'a diga se roté<05> quanti uommeni riparano<05> bella bella ohohoh!”<05>
0BE4	“'Sopra il fiume, la diga gira<05>  ohohoh  bella bella'<05> dice”<05>
0BE6	“Lidia, non hai capito bene.<05><5E><05> 'Il fiume: la diga è girata<05>  è rotta, quell'uomo sa<05>  ripararla, ma sai, signorina, hai<05>  proprio bel seno'<05><5E><05> Ecco cosa dice”<05>
0BE8	“Scusate!<05> Mi sta venendo il mal di testa<05> e devo andare.<05><5E><05> Non ci capisco più niente!”<05><40>137<05>
0BEA	&138<05>“Questa città stanca più di Barn...<05> Fatemi riposare un po'”<05>
0BEC	&139<05>“Cerchi un boscaiolo?<05><5E><05> Ora che ci penso, anche vicino a Segaltea<05> mi pare abitasse un boscaiolo sospetto...”<05>
0BEE	“Che intoppo<05> proprio qui...<05><5E><05> Non possiamo perdere tempo.<05> Su, sbrighiamoci verso la prossima città!”<05>
0BF2	“Ohilà, ragazzi! Viene 'nu bestione<05> l'altro giorno 'nu mostro<05> 'nu gran disastro ha combinato<05> ha rutto 'o sciume.<05><5E><05> E voi, voi siete i colpevoli.<05> Mannaggia!”<05>*177<05>
0BF4	“'L'altro giorno è arrivato di colpo<05>  un mostro dicendo: 'Ci sono<05>  dei tizi che non devono passare'<05>  e ha fatto straripare il fiume.<05><5E><05>  Quei tizi siete voi!'<05> dice arrabbiato.<05> Per ora ritiriamoci”<05>
0BF6	“'Ncopp' 'o sciume, sì sì<05> chi 'o sapeva, mo grazie<05> a vuie, 'o miracolo!”<05>*177<05>
0BF8	“'Siete voi che avete sistemato<05>  l'esondazione, vero<05>  Grazie mille, siamo commossi<05>  È la gioia più grande del mondo'<05><5E><05> dice Ma l'altra volta<05> diceva tutt'altro!”<05>
0BFA	“'Nu bbonu sakè, 'nu bbonu sakè<05> chist'è 'o megghio 'e Tsungàl  ”<05>*177<05>
0BFC	“'Il sake di qui è davvero buono<05>  beviamo tutti insieme', dice”<05>
0C00	“'A diga, 'a facite subito!”<05>*177<05>
0C02	“Dice: 'Alla diga siamo stati<05> aggrediti dai mostri'”<05>
0C06	“Vuie vulite riparà 'a diga<05> nun è overo?”<05>*177<05>
0C08	“'Volete riparare la diga rotta?'<05> chiede Che facciamo? La ripariamo?”<05>%1<05>
0C0C	“Mah, chi ve dice, ba.<05> Scumparite!”<05>*177<05>
0C0E	“'Se non avete niente da fare<05>  tornatevene a casa', dice”<05>
0C12	“Si nun me fussi ferito<05> 'o cunuscìa 'nu boscaiolo<05> ca me dava 'nu ciocco<05> pe' sistemà 'a diga...”<05>*177<05>
0C14	“'Se non fossi ferito<05>  prenderei un tronco da un boscaiolo<05>  che conosco e riparerei<05>  la diga...'<05><5E><05> Dice così”<05>
0C18	“'Sò cuntento p''a diga<05>  'a ferita nun s''a pò sanà'”<05>*177<05>
0C1A	“'Meno male che la diga è a posto<05>  peccato che la ferita non guarisca'<05> dice”<05>
0C1E	“'O tronco, si l'hai<05>  miettelo 'ncoppa 'a diga<05>  e s'aggiusta 'a Mastica”<05>*177<05>
0C20	“'Se hai il tronco<05>  usalo proprio sopra la diga<05>  e la diga si ripara facilmente'<05> dice”<05>
0C22	“Jisfandel, sì, sì, che cosa<05> aspettano ca 'o mostro<05> se sveglia mo mo”<05>*177<05>
0C24	“'I mostri aspettano il risveglio<05>  di un demone chiamato Jisfandel.<05><5E><05>  Se Jisfandel si risveglia<05>  gli umani saranno distrutti<05>  dicevano i mostri' Ecco cosa dice.<05><5E><05> Di nuovo Jisfandel!<05><5E><05> Chi mai sarà questo Jisfandel?<05> Chi vuole risvegliare<05> un demone così terribile!”<05>
0C26	“'Vicino, a Bubure, ce sta<05>  'a sacerdotessa d''o Turchese<05>  'a pace 'o munno!”<05>*177<05>
0C28	“'La città vicina, Bubure,<05>  è dove c'è la sacerdotessa<05>  del Turchese.<05><5E><05>  Forse la più pacifica del mondo', dice.<05><5E><05> La sacerdotessa del Turchese...<05> Speriamo che stia bene...”<05>
0C2A	“Da Bubure so' vinuti guai<05> fumo 'ncielo 'a nord, pe' l'ammore!”<05>*177<05>
0C2C	&146<05>“Attenti! $1!<05><5E><05> 'A Bubure ultimamente<05>  c'è stato un trambusto<05>  A nord si vedevano<05>  fiamme che si alzavano', dice!<05><5E><05> La sacerdotessa di Bubure è in pericolo.<05> Non c'è tempo da perdere!”<05>
0C2E	“'Ultimamente dalle parti di Bubure<05>  pare ci sia stato un trambusto<05>  A nord si vedevano<05>  alzarsi le fiamme', dice...<05><5E><05> $1, noi dobbiamo salvare<05> le sacerdotesse a ogni costo!”<05>
0C30	<59>Hai bloccato la diga con il tronco: l'acqua si è fermata!<5A><05>*.236<05>
0C32	“Ah, la signora Claire!<05> La sacerdotessa del Turchese, Claire,<05> è stata rapita dai mostri.<05> E ora che facciamo!”<05>
0C34	&146<05>“Saputo del vostro arrivo, i mostri<05> sono fuggiti nella caverna del vulcano.<05><5E><05> Siete ancora in tempo.<05> Vi prego, salvate la signora Claire!”<05>
0C36	“La signora Claire vi ha affidato<05> il Turchese.<05> Anch'io mi fiderò di voi”<05>
0C38	“Ahi<5B>, ahi<5B><05> Fate qualcosa<5B> ahi<5B>...”<05>
0C3A	“Fgyaa fgyaa”<05>
0C3C	&146<05>“Senza che ce ne accorgessimo, nel cratere<05> del vulcano a ovest si sono insediati<05> dei mostri.<05><5E><05> Quello che ha rapito la signora Claire<05> è fuggito là<05> a chiedere aiuto”<05>
0C3E	“La signora Claire<05> per noi... uh uh...”<05>
0C40	&146<05>“V-vi prego, viandanti<05> salvate la signora Claire da loro!<05> Solo voi potete aiutarci”<05>
0C42	“Signora Claire...<05> È finita, ormai<05> non ho più speranza di vivere”<05>
0C44	&146<05>“È troppo... troppo crudele!<05> Se fossimo arrivati un po' prima<05> avremmo potuto proteggere questa città!”<05>
0C46	“Andiamo, $1...<05> Io non posso più<05> perdonare Ezechiel!”<05>
0C48	&146<05>“Che aspettate!<05> Inseguiamo il mostro che ha rapito<05> la sacerdotessa del Turchese! Sbrigati, $1!”<05>
0C4A	“Io, distratto per aver salvato una sacerdotessa.<05> Inseguiamolo subito! Sbrigati, $1!”<05>
0C4C	&146<05>“Stavamo pregando<05> per chi è morto...<05> Prega anche tu, $1”<05>
0C4E	“L'uomo del Rubino, Ezechiel...<05> Quante persone renderà infelici<05> prima di essere soddisfatto...”<05>
0C50	“Oh! La signora Claire!<05> Meno male che sei sana e salva...”<05>
0C52	“Di nuovo tu, $1?<05> Ti piace tenerci testa...<05><5E><05> Ma oggi sono occupato<05> non ho tempo di giocare con te.<05> Allora, mi dai quella sacerdotessa?”<05>%1<05>
0C54	“Che piacere che tu capisca, $1”<05>.<4C>1<05>
0C56	“Cosa!”<05>.!<4C>1<05>
0C58	“Non posso più sacrificare<05> la gente di Bubure.<05> Se basta io, andiamo.<05><5E><05><42>2 1<05>*.16<05>#92<05>+3<05>
0C5A	 $1, ti affido<05> la pietra del Turchese<05>+1<05>
0C5C	<5E><05> È una delle 7 pietre che sigillarono il Gigante.<05> Vi proteggerà di sicuro.<05><5E><05><05><59>$1 ha ottenuto la pietra del Turchese<5A><05><05><05><5E><05> Allora, addio per ora.<05> Che la protezione del Turchese<05> sia con voi tutti...”<05>
0C5E	 $1, volevo darti<05> la pietra del Turchese ma<05> vedo che hai lo zaino pieno.<05><5E><05> Vuoi buttare qualcosa?<05>+1<05>
0C62	#91<05> Buttare una cosa del genere...<05>-1<05>
0C64	*.189<05> Ora posso darti<05> la pietra del Turchese.<05><5E><05><05><59>$1 ha ottenuto la pietra del Turchese<5A><05><05><05>.92<05>-4<05>
0C66	 Butta qualcosa, ti prego<05>-3<05>
0C68	<42>2 1<05>“Aspettate! $1<05><5E><05><42>2 3<05> Se vengo io<05> prometti di non toccare<05> la gente di Bubure?”<05>
0C6A	“Fufufu... lo prometto”<05>
0C6C	“Sei arrivato fin qui, bravo.<05> Ma non restituiamo<05> la sacerdotessa così facilmente”<05>
0C6E	“Il risveglio del Gigante Jisfandel<05> non lo ferma nessuno...<05> Tutto è secondo la volontà<05> del sacerdote del Rubino, Ezechiel...”<05>
0C70	“Grazie mille.<05> A voi che non conosco devo tanto.<05> Non ho parole per ringraziare.<05><5E><05> Su, torniamo subito a Bubure.<05> Dobbiamo tranquillizzare la gente...”<05><40>146<05>*18<05>
0C72	“Uh... volevo salvare la signora Claire<05> e farmi un nome<05> ma ormai sono spacciato...<05><5E><05> I mostri hanno rapito la signora Claire<05> per sacrificarla al risveglio<05> del Gigante Jisfandel...<05><5E><05> Maledizione... la signora Claire...<05> Volevo davvero salvarla...”<05>
0C74	“Capitano Penta, resisti!<05> Avevi detto che saremmo tornati<05> a Susandna insieme...<05><5E><05> Capitano Pentaaaa<5B>!”<05>
0C76	“Guarda...<05> Questa città di Bubure era<05> la più pacifica del mondo...<05><5E><05> Fino a poco fa...”<05>
0C78	“La stirpe del sacerdote del Rubino<05> da quando fu cacciata da Rambulvil<05> ha vagato senza dimora.<05><5E><05> Ezechiel, che ha ottenuto la pietra del Rubino,<05> vuole risvegliare Jisfandel<05> e vendicarsi su tutti gli esseri<05> del mondo”<05>
0C7A	“A nord di Bubure<05> restano molti edifici dell'epoca di Rambulvil.<05><5E><05> Fra questi, dicono, c'è una torre dove<05> è sigillato il Gigante Jisfandel,<05> che distrugge tutto...”<05>
0C7C	“Grazie a tutti, siamo sani e salvi...<05><5E><05> ...............<05> ...............Kekeke.<05><5E><05> Ma tu qui devi morire!”<05>
0C7E	“La donna l'ho già portata via!”<05>
0C80	<42>4 0<05>“$1, davvero si può<05> passare dall'altra parte?”<05>
0C82	<42>5 0<05>“Da quel che ho visto poco fa<05> non sembrava proprio”<05>
0C84	“Dici?<05><5E><05><42>2 2<05> Cercando bene, un passaggio<05> o qualcosa...<05><5E><05><42>2 3<05> Sicuramente... eh?”<05>
0C86	“Ugh... prima me l'avete fatta.<05> Ormai sono finito...<05> Ma vi porto con me!<05><5E><05> Salta tutto in aria!!<05> Gwahahaha...<05> Viva Ezechiel!!... Ugh”<05>
0C88	“I nemici della Muraglia sono stati spazzati via.<05> Per ora ritiriamoci<05> a Winga!”<05>
0C8A	“$1, alla fine sei arrivato.<05> Ma...<05> il tuo viaggio finisce qui, inutilmente.<05> Non ti lasciamo intralciare Ezechiel!<05><5E><05> Su, per il risveglio del Gigante<05> il vostro ultimo grido<05> sarà il fiore all'occhiello!”<05>
0C8C	“Fufufu... ho perso...<05> Andate pure...<05><5E><05> Andate... e diventate cibo<05> per Jisfa... de... l...”<05>
0C8E	“$1! Non venire!<05> Quest'uomo vuole risvegliare<05> Jisfandel<05><05><5E><05> Noi non contiamo, scappa!”<05>
0C90	“Benvenuti, signori!<05> Ora è il momento memorabile<05> del risveglio del Gigante Jisfandel!<05><5E><05> Fatevi sotto!<05> Stolti Just Breed!!”<05>
0C92	“Kekeke...<05><5E><05> Kekekekeke......”<05>
0C94	“Guardate...<05> Jisfandel ha iniziato a muoversi...<05> Riuscirete a fermare<05> Jisfandel, voi?<05><5E><05> Su, risorgi ora!!!<05> Gigante Jisfandeeeel!!!!!”<05>
0C96	“Kyaaaaa!”<05>
0C98	<05><49>255<05><49>218<05> <59>Jisfandel è stato<05>  liberato dal sigillo!<5A><05><05>
0C9E	"Svegliati, $1......<05><5E><05> Un giorno anche a te<05> verrà la pace eterna...<05> Ma non è ancora il momento......<05><5E><05> Va', $1...<05> Alzati e sconfiggi Ezechiel!"<05><05><05>
0CA0	“Ah, meno male, $1<05> ti sei ripreso, ero preoccupato.<05><5E><05> Su, non scoraggiarti<05> e fatti forza!”<05>
0CA2	“Oh oh, ma quello è $1<05> Sei già arrivato fin qui.<05> Sei proprio grande.<05><5E><05> Allora, che ti serve?”<05>%3<05> Fermarmi<05> Salvare<05> Niente<05>
0CA8	“Se vieni qui senza motivo<05> anche tu, $1, ti annoi, eh”<05>
0CAC	>48<05>“Di solito costa 100<47> a notte<05> ma sei iscritto al Club Enix<05> quindi ti faccio lo sconto: 48<47><05> Ti fermi a dormire?”<05>+2<05>
0CAE	>100<05>“Ehm<5B><05> costa 100<47> a notte, va bene?”<05>+1<05>
0CB4	“Non ho la minima intenzione<05> di fare cose brutte mentre dormi”<05>
0CB6	#90<05>“Non hai soldi, neanche tu $1?<05> Allora non c'è niente da fare”<05>
0CB8	*.186<05>“Allora io faccio la guardia<05> tu dormi tranquillo.<05><5E><05> Davvero, non preoccuparti!”<05>*39<05>
0CBA	“Vuoi che salvi<05> il viaggio finora?”<05>%1<05>
0CBC	*.187<05>“Ho salva<5B>to tutto”<05><5E><05> <59>Per spegnere la console<05>  tieni premuto RESET, ok<5B><5A><05>
0CBE	“Se posso essere utile<05> a $1 in altro modo, dimmi!”<05>
0CC0	“Capo, guarda! Le sacerdotesse!”<05>
0CC2	“Di tutto un po'<05>   Emporio Fratelli Sekol  ”<05>
0CC4	“Queste rovine sono la terra sacra di Rambulvil!”<05>
0CC6	“Le sacerdotesse sono prigioniere<05> in quella torre a nord, vero?”<05>
0CC8	“Non vedo l'ora di combattere<05> mi prude tutto!!”<05>
0CCC	.<4C>1<05>“Capo!! Finalmente ti ritrovo!<05> Finalmente!!!<05> Cosette sta meglio<05> e sono corso a raggiungerti!<05><5E><05> Combatterai ancora con me, vero?”<05>+1<05>
0CD0	“Lo sapevo, sei il Capo!!”<05><05><05><05>
0CD2	“Non è vero... Capo!<05> Mi accogli di nuovo, vero!?”<05><05><05>-2<05>
0CD4	“Ecco, finalmente la battaglia finale”<05>
0CD8	.<4C>2<05>“Che piacere rivedervi!<05> Appena guarito vi ho seguito<05> e devo avervi superato<05> lungo la strada... Meno male, davvero!!”<05>
0CDA	“Ezechiel, aspettaci!”<05>
0CDC	&148<05>“Guarda in alto, $1!<05> Ci sono tutte le facce<05> che non dimenticheremo mai”<05>*221<05>
0CDE	“Ezechiel, aspettaci!”<05>
0CE0	#!<4C>3<05>“Orlov... Hans...<05> Sono tornati compagni fidati...<05> Ezechiel, aspettaci!”<05>
0CE2	“Una volta entrati nella torre<05> dove è sigillato Jisfandel<05> forse non potremo più<05> tornare qui.<05><5E><05> Sei pronto, $1?”<05>%1<05>
0CE4	“Bene, $1, andiamo”<05><5E><05><05> <59>Orlov e Hans sono tornati!<05>  Lo Zaffiro di $1 ha brillato!!<5A><05><05>*.122<05>.<4C>3<05>*209<05>
0CE6	“Mmm... prepariamoci con l'equipaggiamento<05> e affrontiamo la battaglia finale”<05>
0CE8	#!<4C>4<05>"$1...<05> Ti sarebbe convenuto comprare<05> almeno delle erbe...<05><5E><05> Beh, va bene, prova pure.<05> Devi portarmi l'Armatura Solare!"<05>
0CEA	&!149<05>"Sei venuto, $1<05> In realtà temevo che tu<05> ti arrendessi...<05><5E><05> Bentornato, $1<05> Su, va'<05><5E><05> Portami l'Armatura Solare.<05> Mostrami il tuo vero coraggio!"<05>
0CEC	"Sono un Saggio di Rambulvil...<05> Un tempo Saggio dello Zaffiro.<05><5E><05> Il sigillo delle 7 gemme<05> che noi ponemmo a Jisfandel<05> sta ora indebolendosi...<05><5E><05>+1<05>
0CEE	 Ezechiel, che ha ereditato il Rubino<05> vuole sacrificare le sacerdotesse<05> per risvegliare Jisfandel.<05><5E><05> $1, non perdonarlo!<05> Il mondo potrebbe finire.<05><5E><05> Ti metterò alla prova.<05><5E><05> Dal mondo illusorio che creo ora<05> portami l'Armatura Solare!<05><5E><05> Allora, andiamo..."<05>.<4C>4<05><40>149<05>
0CF0	"No! Sei ancora troppo debole!<05> Devi diventare più forte<05> o non potrai sventare<05> il piano di Ezechiel"<05>.<4C>1<05>
0CF2	"Ce l'hai fatta, $1<05> Sei tu colui che respinge il male<05> e porta la giustizia nel mondo...<05> Il 'Just Breed'!<05><5E><05> Su, sbrigati, $1<05> L'inizio del rito del sacrificio<05> è solo questione di tempo.<05><5E><05> Va' e sconfiggi Ezechiel"<05><40>150<05>
0CF4	"Su, fatti coraggio"<05>
0CF6	&12<05>“L'altro giorno ho trovato una ragazza nel bosco.<05> Se non avete niente da fare<05> accompagnatela in città?”<05>
0CF8	&13<05>“Se sei un uomo<05> non lasciare in difficoltà<05> una ragazza!”<05>
0CFA	&14<05>“Accompagnala bene”<05>
0CFC	&138<05>“Sei tu, quanto tempo.<05> Hai messo su un fisico da uomo”<05>
0CFE	&!139<05>“Sei tu, quanto tempo.<05> Hai messo su un fisico da uomo.<05><5E><05> A proposito<05> ti è servito il tronco?”<05>
0D00	*.89<05>#!90<05>“Ehi ehi.<05> Ancora in giro?<05> Non dovevi usare<05> il tronco per qualcosa?”<05>
0D02	“Sei tu, quanto tempo.<05> Hai messo su un fisico da uomo.<05><5E><05> Cosa? Il tronco?<05> Ne abbiamo in giro un mucchio.<05><5E><05>*.16<05>#92<05> Ma hai lo zaino pieno.<05> Vai a liberartene da qualche parte!”<05>
0D04	 Per le cose di prima.<05> Ecco, prendilo”<05><5E><05><05><49>255<05><49>218<05> <59>Hai ottenuto il tronco<5A><05><05><05>*116<05>
0D08	“Eh? Voi<05> cercate una ragazza rapita?<05><5E><05> Non so se sia lei<05> ma qui riposa una ragazza.<05><5E><05> L'ha trovata svenuta nel bosco<05> mio padre e l'ha portata qui.<05><5E><05> Mio padre è un boscaiolo<05> e con un tronco in spalla<05> si muove tra gli alberi con leggerezza.<05><5E><05>+1<05>
0D0A	 Ha portato una ragazza in spalla<05> altro che mostri!<05><5E><05> Che ne dici, che uomo, eh?<05> È il mio orgoglio...<05><5E><05> Ehi! Pare che si sia svegliata!”<05><40>11<05><43>2 0<05><43>3 50<05>.2<05>
0D0C	&12<05>“Questa ragazza<05> non sembra quella che cercate<05> ma un'altra persona”<05>
0D0E	&14<05>“La ragazza che cercate<05> e Karen sono state rapite<05> dagli stessi mostri, pare”<05>
0D10	&20<05>“Anche voi ne avete di guai, eh”<05>
0D12	“Come sta Karen?”<05>
0D14	&11<05>“Zzz zzz ...............”<05>
0D16	&12<05>“C-chi siete?<05><5E><05> Ah, siete voi che mi avete salvata.<05> Grazie mille.<05> Mi chiamo Karen, di Segaltea.<05><5E><05> Io e mia sorella Elen<05> siamo state rapite dai mostri.<05><5E><05> Ma non servivo a loro<05> e hanno portato via solo mia sorella<05> lasciandomi nel bosco”<05><40>12<05>
0D1A	“Devo tornare subito a Segaltea<05> a dire alla gente che sto bene<05> e a tranquillizzarla...<05><5E><05>&13<05> Potete accompagnarmi<05> fino a Segaltea?”<05>+2<05>
0D1C	 Potete accompagnarmi<05> ancora fino a Segaltea?”<05>+1<05>
0D20	“Davvero?<05> Grazie mille.<05> Ricambierò di sicuro”<05><44>3<05><46>7 8<05>.!2<05><40>13<05>.<4C>2<05>
0D22	“Certo, non si può chiedere<05> una cosa simile a degli sconosciuti”<05>
0D24	“Devo cercare subito Loran...<05><5E><05> Potete portarmi con voi?”<05>+1<05>
0D28	“Davvero?<05> Grazie mille”<05><44>3<05><46>7 8<05>.!2<05>
0D2A	“Capisco, non c'è altro da fare”<05>
0D2C	“Ehi, aspetta! Se è deciso<05> non c'è mica fretta.<05> Stanotte riposatevi da noi!”<05>
0D2E	“Vi affido Karen!”<05>
0D30	“Già che ci sei, vuoi<05> salvare il viaggio?”<05>%1<05>
0D32	*.187<05>“Ho salvato il viaggio”<05><5E><05> <59>Per sospendere il gioco<05>  spegni la console tenendo premuto<05>  RESET Premendo il tasto<05>  puoi riprendere il gioco<5A><05><5E><05>+1<05>
0D34	“Accompagnala bene!”<05>
0D36	<05> <59>Dorme profondamente<5A><05>
0D3C	 <59>'Club per soci, sotterraneo<05>    Enix di notte<05>   Non soci: vietato'<5A><05>
0D3E	<05> <59>Che pervertito!<5A><05>
0D40	 <59>Che orrore!<05>  Hanno scarabocchiato<05>  la faccia del sindaco!<05><5E><05>  Va beh<5A><05>
0D42	<05><49>255<05><49>198<05> <59>'Vietato fare pipì in piedi'<5A><05>
0D44	<49>255<05><49>160<05><05> <59>C'è un grillo...<5A><05>
0D46	<05> <59>In caratteri antichi<05> c'è scritto Rambulvil<5A><05>
0D48	<05> <59>C'è un buon profumino<5A><05>
0D4A	*.137<05>#90<05>*.16<05>#!92<05><05><49>255<05><49>218<05> <59>Per terra c'era un distintivo di membro<5A><05>*139<05>
0D4C	<59>Niente di strano<5A><05>
0D50	#27<05><59>Niente di strano<5A><05>
0D52	<05> <59>$1 scivola<05>  e stava per cadere nel pozzo!!<5A><05>*214<05>
0D54	 <59>Uff, l'abbiamo scampata<05>  Il bue voleva<05>  avvertirci di questo<5A><05>
0D56	“Non mettete davanti<05> chi ha poca difesa!<05> Proseguite proteggendoli<05> con spadaccini e simili”<05>
0D58	“Se il capitano viene sconfitto<05> anche i sottoposti<05> perdono il comando e se ne vanno.<05> Il capitano deve stare attento”<05>
0D5A	“Da poco vicino alla città<05> è comparsa la tana dei mostri.<05><5E><05> Dalla tana col tempo escono<05> nemici a raffica.<05> Meglio attaccare la tana<05> e chiuderla subito”<05>
0D5C	“Ascolta, $1<05> Gli arcieri e i maghi<05> non possono equipaggiare lo scudo.<05><5E><05> E in più i maghi<05> possono indossare solo tuniche.<05> Meglio saperlo, no?”<05>
0D5E	“L'arco colpisce i nemici lontani<05> ma la spada ha più potenza.<05><5E><05> Saper sfruttare i punti forti<05> di ciascuno è dote<05> di un buon capitano”<05>
0D60	“Ritirarsi, a volte,<05> è un atto di coraggio.<05><5E><05> Quando la battaglia sembra persa<05> prima che i disertori aumentino<05> torna in città col Libro di Strim<05> o la squadra sarà annientata”<05>
0D62	“Prima di iniziare la battaglia<05> guarda dove sono i nemici.<05> A volte conviene dividere<05> la squadra in due!”<05>
0D64	“Il boomerang colpisce<05> in qualsiasi direzione<05> ha molta potenza.<05> Se hai i soldi, compralo!”<05>
0D66	&30<05>“A nord di questa città<05> c'è un'unica grande villa<05> dove pare tengano prigioniere<05> tante ragazze rapite da chissà dove”<05>
0D68	“A nord di questa città<05> c'era una sola grande villa.<05> Pare che da poco<05> ci sia stato un incendio”<05>
0D6A	“Anche a costo di sforzarvi<05> conviene chiudere<05> le tane dei mostri.<05><5E><05> Così le battaglie<05> sono molto più facili.<05><5E><05> Non dimenticate mai<05> di distruggere le tane!”<05>
0D6C	“La lancia costa di più<05> della spada ma ha più potenza<05> e soprattutto può colpire<05> anche nemici un po' lontani”<05>
0D6E	“Sei $1?”<05>%1<05>
0D70	“Lo sapevo.<05> Ora il maestro<05> si sta esercitando con la magia.<05> Attendete pure dentro”<05><40>04<05>*04<05>
0D72	“Strano, il maestro ha detto<05> che $1<05> sarebbe arrivato a momenti”<05>
0D74	“Prego, più avanti”<05>
0D76	&!06<05>“Che i mostri siano tanti<05> non è normale...<05><5E><05> $1...<05> mi raccomando, fai attenzione”<05>
0D78	&!05<05>“Vi affido Isaac”<05>
0D7A	“Benvenuto, $1<05> So cosa desideri.<05><5E><05> Vuoi l'aiuto di un mago, vero?<05><5E><05> Ma io<05> non posso lasciare questo posto.<05><5E><05>+1<05>
0D7C	 Senza la protezione dello Zaffiro<05> Astholm<05> chissà cosa potrebbe accadere...<05> ...................<05><5E><05> $1, non scoraggiarti.<05><5E><05> In cambio ti do<05> il mio allievo Isaac.<05><5E><05> Che ne dici, va bene?”<05>%1<05>
0D7E	“$1... ti affido Isaac”<05><40>05<05>*05<05>
0D80	“...No? Che fastidio”<05>
0D82	“$1, mi raccomando”<05><5E><05><05> <59>Isaac si è unito a te<05>  Lo Zaffiro di $1 ha brillato!!<5A><05><05>*.122<05>
0D84	“Ecco, ti mostro la forza di Isaac.<05> La magia del fuoco che poco fa<05> mi esercitavo in giardino<05> provala, Isaac.<05><5E><05> $1, guardalo pure”<05>
0D86	“Fate attenzione”<05>
0D88	“S-scusate.<05> Non so ancora usare<05> magie potenti come il maestro”<05>
0D8A	“...$1<05> Sarò insistente, ma ti affido Isaac...<05><5E><05> Hm? Oh...<05> Quello zaffiro sul diadema!<05><5E><05> ...In quello zaffiro<05> è nascosto uno strano potere.<05> Sotto quella gemma<05> si riuniranno molti compagni...<05><5E><05> Le vostre ferite<05> le guarisco io con la magia<05> ...Mumm!!”<05><40>06<05>
0D8C	“Ecco, prendi questo.<05> Con questo puoi<05> tornare ad Astholm”<05><5E><05><05><49>255<05><49>218<05> <59>Hai ottenuto il Libro di Strim<5A><05><05><05>
0D8E	#!35<05>“Prego, passate”<05>*92<05>
0D90	“Fermo! Chi sei?<05><5E><05> Sei un compagno di Loran e Hans?<05> Rispondi sì o no!”<05>+1<05>
0D94	“Cosa!!<05><5E><05> Scusate, prego<05> entrate pure.<05> Siete i benvenuti”<05>.35<05>*92<05>
0D96	“Allora chi sei!<05> Se nascondi qualcosa, guai a te!<05> Sei compagno di Loran, Hans<05> e Duval, vero?”<05>-2<05>
0D98	“In questa caverna si sono rifugiati<05> gli abitanti di Esencia,<05> conquistata dai mostri”<05>
0D9A	“Guarda la stanza in fondo.<05> Abbiamo accumulato armi.<05> Eheh, naturalmente per riprendere<05> Esencia ai mostri!”<05>
0D9C	“Sei $1, vero? Ho sentito parlare di te”<05>
0D9E	“Sotto la capitana Lidia<05> ci stiamo preparando<05> a riprendere Esencia”<05>
0DA0	“Dopo aver ripreso Esencia<05> dobbiamo ritrovare la sacerdotessa Cecil<05> e la pietra sacra, l'Ametista!”<05>
0DA2	“Hai visto fuori?<05> L'erba e gli alberi erano tutti marroni.<05> Sicuramente per la sparizione dell'Ametista<05> sono tutti appassiti...”<05>
0DA4	&115<05>“Sei $1?<05> La nostra leader Lidia<05> ti aspetta in fondo”<05>
0DA6	“$1<05> Aiutaci per Esencia”<05>
0DA8	“I mostri hanno portato via<05> Cecil, la sacerdotessa dell'Ametista.<05><5E><05> Cecil era la migliore amica<05> di Lidia...”<05>
0DAA	“A Esencia i mostri stanno costruendo<05> una base per tendervi un'imboscata!<05> $1, dateci una mano!”<05>
0DAC	#!51<05>“Quando entrate a Esencia<05> non dimenticate mai di indossare<05> il travestimento”<05>
0DAE	“Ti aspettavamo, $1<05> Noi abitavamo a Esencia,<05> la città a sud-ovest di questa caverna.<05><5E><05> Un giorno Esencia<05> fu occupata da mostri<05> apparsi dal nulla.<05><5E><05> $1, ti prego<05> collabora con noi per riprendere Esencia”<05>+1<05>
0DB2	“Sapevo che l'avresti detto!<05> Prego, seguitemi”<05>*93<05><40>115<05>
0DB4	“$1<05> Ho sentito parlare di te.<05> In battaglia sei audace<05> e hai anche un cuore gentile...<05><5E><05>+1<05>
0DB6	 Ti prego<05> aiutaci”<05>+1<05>
0DC2	“Sei $1, vero”<05>*93<05>
0DC4	“Qui dietro c'è un deposito segreto.<05> Nemmeno tu, $1, puoi passare”<05>
0DC6	“Se qui non ci sono erba e alberi<05> è perché la sacra Ametista, che governa<05> il verde, è stata rubata.<05><5E><05> $1, aiutaci<05> a riprendere Esencia!”<05>
0DC8	“$1, vorremmo che vi infiltraste<05> a Esencia, occupata.<05><5E><05> Lì c'è una barriera che sigilla la magia<05> e blocca i nostri attacchi.<05><5E><05> Di notte, portatela via.<05> Intanto la nostra squadra<05> attaccherà e riconquisterà Esencia”<05>
0DCA	“Abbiamo sviluppato un travestimento<05> per fingersi lavoratori<05> che portano materiali a Esencia.<05> Con questo dovreste potervi infiltrare”<05><5E><05><05>*.236<05> <59>$1 e compagni<05>  hanno ottenuto il travestimento<5A><05><05>
0DCC	“Abbiamo sviluppato un travestimento<05> per fingersi lavoratori<05> che portano materiali a Esencia.<05> Con questo dovreste potervi infiltrare.<05><5E><05> Vorrei darvelo ma<05> avete lo zaino pieno...”<05>
0DD2	*143<05>#<4C>1<05>“Ehilà, ragazzo!!<05><5E><05> Scherzavo”<05>
0DD4	“Questo travestimento<05> è fatto benissimo, Capo!”<05>
0DD6	“Qui i soldati sono tutte ragazze”<05>
0DDC	*145<05>#<4C>2<05>“Fufufu, sono io, Loran”<05>
0DDE	“A quanto pare anche a Esencia<05> hanno rapito la sacerdotessa...<05><5E><05> Sono già 5 le sacerdotesse rapite<05> ...ne restano due...”<05>
0DE0	“Le azioni segrete<05> sono la mia specialità!<05> Dopo tanto tempo il braccio prude!!”<05>
0DE2	#!<4C>6<05>“Ce l'ho fatta.<05> Le 'Affumicate di Pyon' sono un successo!!<05> Nella vita bisogna provare tutto”<05>
0DE4	#!<4C>5<05>“Da quando ho lasciato il lavoro<05> la vita è dura.<05><5E><05> $1...<05><5E><05> Che cos'è la vita?”<05>
0DE6	#!<4C>4<05>“Per andare a Esencia<05> ci voleva troppo tempo.<05><5E><05> e mi è venuto lo stress<05> quindi ho mollato il lavoro.<05> Uffa...”<05>
0DE8	#!<4C>3<05>“Ho avuto due figli<05> la casa è abbastanza grande<05> e soprattutto non ho pensieri<05> per l'affitto”<05>
0DEA	#!<4C>2<05>“Eheheh.<05> Alla fine mi sono sposato”<05>
0DEC	#!<4C>1<05>“Non si sta male ma da solo<05> è un po' troppo grande.<05> Vieni a trovarmi ogni tanto”<05>
0DEE	“Mi piace questa caverna.<05> Forse resto qui”<05>
0DF0	#!<4C>6<05>“Ora nel pancione c'è il quindicesimo”<05>
0DF2	#!<4C>5<05>“Ora nel pancione c'è il decimo”<05>
0DF4	#!<4C>4<05>“Ora nel pancione c'è il quinto”<05>
0DF6	#!<4C>3<05>“Ora nel pancione c'è il terzo”<05>
0DF8	“Ora nel pancione c'è il primo”<05>
0DFA	#!<4C>6<05>“Hmpf!<05> I poveracci non mi toccate”<05>
0DFC	#!<4C>5<05>“Ho fame<5B>”<05>
0DFE	#!<4C>4<05>“Ah! Uno sconosciuto!”<05>
0E00	“Evviva! Evviva!”<05>
0E02	&!113<05>“Muoviti!<05><5E><05> Uno come $1<05> che si spaventa per così poco!”<05>
0E0C	“Benvenuto, $1<05><5E><05> Fufufu...<05> Non c'è da stupirsi.<05> La raccolta di informazioni<05> è la base della strategia...<05><5E><05>+1<05>
0E0E	 Vuoi sapere delle<05> 7 pietre sacre di Rambulvil,<05> vero?”<05>%1<05>
0E12	“Pivello!<05> Non sai nemmeno<05> cosa dovresti sapere!<05> Che pivello incredibile!”<05><5E><05>+1<05>
0E14	“Ascolta bene, $1...<05> A nord di qui c'è un villaggio, Bajad<05> dove restano antiche leggende<05> sul Cristallo.<05><5E><05> Tra le 7 pietre sacre di Rambulvil<05> c'era anche il Cristallo.<05> Sospetto che a Bajad<05> ci sia qualcosa su di esso.<05><5E><05>+1<05>
0E16	 Svelare il mistero di Rambulvil<05> ci porterà a sapere<05> dove sono le sacerdotesse.<05><5E><05> $1, va' a Bajad<05> e raccogli informazioni”<05>.<4C>1<05>
0E18	“Benvenuto, $1<05><5E><05> Ho saputo che a Bajad hai ottenuto<05> il sacro Cristallo.<05><5E><05> Fufufu... Raccogliere informazioni<05> è la base della strategia.<05><5E><05> Il Cristallo di Bajad era una delle<05> pietre sacre di Rambulvil.<05><5E><05> Anche il tuo zaffiro, $1,<05> viene da Rambulvil, no?<05>+1<05>
0E1A	 Non mi sbaglio, vero?”<05>%1<05>
0E1E	“No, è inutile nascondere.<05> Io lo so!<05> Sono di sicuro le pietre sacre leggendarie!<05>-2<05>
0E20	“Lo immaginavo...<05> Ultimamente non smettevo di pensare<05> alla leggenda di Rambulvil.<05><5E><05> Con i mostri aumentati all'improvviso<05> sta di certo per accadere qualcosa.<05><5E><05> Perciò vorrei dare una mano<05> a voi inesperti Che ne dici, $1?”<05>+1<05>
0E24	“Bene! Ben detto!!<05> Io, Duval, farò sbocciare<05> l'ultimo fiore della mia vita!”<05><5E><05><05> <59>La squadra di Duval si è unita a te!!<05>  Lo Zaffiro di $1 ha brillato!!<5A><05><05>*.122<05><40>113<05><5E><05>“Subito, $1<05> A Esencia, a sud della Muraglia,<05> pare sia successo qualcosa.<05><5E><05> Andiamo a scoprire cosa...<05><5E><05>+2<05>
0E26	“Pivelli!!<05> Il vostro giudizio è ancora acerbo.<05> Credete di potercela fare<05> anche in futuro da soli?<05><5E><05> Pensaci bene, vuoi unire le forze con me?”<05>-2<05>
0E28	 In realtà in questa stanza è scavato<05> un passaggio segreto che passa<05> sotto la Muraglia e arriva a sud.<05><5E><05> Trattandosi di un segreto<05> è un po' complicato...<05><5E><05> Ecco, è qui!”<05>*140<05>
0E2A	“Capitano $1<05> è l'ora del cambio della guardia.<05><5E><05> Vai pure a goderti con calma<05> la festa dello Zaffiro”<05>
0E2C	“Qui la sorveglianza<05> la facciamo noi Su, su!”<05>
0E2E	#!<4C>7<05>“Anche oggi, $1, sei libero dalla guardia?<05><5E><05> D'altronde i protagonisti della festa di oggi<05> sono la signora Filis e te, $1!”<05>
0E30	“La festa è sempre animata.<05><5E><05> $1, oggi ti sei preso<05> una pausa dalla guardia per goderti la festa?”<05>
0E32	#!<4C>7<05>“Che la festa dello Zaffiro si faccia anche quest'anno<05> sembra un sogno!<05><5E><05> $1 e la signora Filis sono tornati<05> tutto è perfetto!”<05>
0E34	#<4C>5<05>“Tra poco la signora Filis<05> indosserà il diadema di Zaffiro nel rito.<05><5E><05> Ah, sei $1<05> È il grande momento della tua fidanzata<05> devi guardarla bene!”<05>
0E36	“La signora Filis era bellissima<05> $1, ne sei rimasto incantato, vero?”<05>%1<05>
0E38	“Sei proprio sincero”<05>
0E3A	“Bugiardo”<05>
0E3C	#!<4C>7<05>“Su, questo diadema di Zaffiro<05> è identico allo zaffiro sacro<05> che $1 portava<05> quando salvò la sacerdotessa Filis.<05><5E><05> Non è quello vero ma<05> gli innamorati che lo portano<05> non si separeranno mai!<05> Comprate, comprate!”<05>
0E3E	“Su, questo diadema di Zaffiro<05> è identico allo zaffiro sacro<05> tramandato a Astholm.<05><5E><05> Non è quello vero ma<05> chi lo indossa<05> avrà fortuna in tutto.<05> Comprate, comprate!”<05>
0E40	#!<4C>7<05>“Nel rito di oggi della signora Filis<05> si vedrà il diadema di Zaffiro.<05><5E><05> È lo zaffiro che con il suo potere<05> ha legato $1 e la signora Filis.<05> Non me lo perdo!”<05>
0E42	#<4C>5<05>“Nel rito di oggi della signora Filis<05> si vedrà il diadema di Zaffiro.<05><5E><05> È lo zaffiro che protegge<05> questa città con il suo potere.<05> Non me lo perdo!”<05>
0E44	“Il diadema di Zaffiro<05> era bellissimo.<05> Vorrei rivederlo”<05>
0E46	#!<4C>7<05>“Che bella la festa dello Zaffiro<5B>!<05> Una città così pacifica<05> non c'è altrove.<05> E tutto grazie...<05><5E><05> a $1, che ha salvato la sacerdotessa Filis, davvero!”<05>
0E48	“Che bella la festa dello Zaffiro<5B>!<05> Una città così pacifica<05> non c'è altrove.<05> E tutto grazie...<05><5E><05> alla protezione dello Zaffiro<05> e a te, $1, capitano della guardia, davvero!”<05>
0E4A	#!<4C>7<05>“Ehi! $1<05> Vai subito da Filis.<05><5E><05> Ti aspetta da un po', prima del rito<05> vicino alla chiesa<05> vuole vederti! Che fortunato!!”<05>
0E4C	#<4C>5<05>“Ehi! $1<05> Vai subito da Filis.<05><5E><05> Ti aspetta da un po', prima del rito<05> vicino alla chiesa<05> vuole vederti! Che fortunato!!”<05>
0E4E	“Ehi! $1<05> Come sempre, appuntamento<05> sotto l'albero nella piazza a nord?”<05>
0E50	#!<4C>7<05>“Ti conosco da quando eri<05> così<5B> piccolo<05> ma ti sei fatto<05> molto più uomo, eh”<05>
0E52	“Conosco Filis da quando era<05> così<5B> piccola<05> ed è diventata proprio bella”<05>
0E54	#!<4C>7<05>“La festa di oggi è speciale.<05> D'altronde festeggiamo il ritorno<05> sano e salvo di $1 e della signora Filis.<05><5E><05> Chissà quando inizia il rito.<05> Che emozione”<05>
0E56	#<4C>5<05>“Chissà quando inizia il rito.<05> Che emozione”<05>
0E58	“Che rito meraviglioso, vero! Vero!<05> Vorrei rivederlo”<05>
0E5A	“Festa, festa evviva<5B>!”<05>
0E5C	“Che bella notte di luna...<05><5E><05> In serate così la signora Filis<05> e lo Zaffiro brillano ancora di più!<05><5E><05> ...................<05> ...................<05><5E><05> Oh oh, $1?<05> Non serve che ti imbarazzi”<05>
0E5E	#!<4C>7<05>“Comprate la bambola di $1<5B><05> Comprate la bambola di $1<5B>”<05>
0E60	“Compra robaccia<5B><05> Compra robaccia<5B>”<05>
0E62	#!<4C>7<05>“Abbiamo sconfitto i cattivi<05> e voi siete tornati sani e salvi.<05><5E><05> Con la protezione dello Zaffiro<05> Astholm resterà in pace”<05>
0E64	#<4C>5<05>“La sacerdotessa Filis, con il diadema<05> prega per la felicità di Astholm.<05><5E><05> Finché la luce dello Zaffiro<05> non si spegne ad Astholm<05> la città sarà in pace”<05>
0E66	“Con la protezione dello Zaffiro<05> Astholm resterà in pace”<05>
0E68	#!<4C>7<05>“Evviva, è tornato $1<05> È tornato $1!”<05>
0E6A	“Sono stanco di tutto questo chiasso!”<05>
0E6C	#!<4C>7<05>“Ah, capitano $1, oggi sei libero?<05><5E><05> Eh<5B>, dopo un viaggio così lungo<05> bisogna rilassarsi un po'<05><5E><05> Anch'io penso di chiedere<05> una licenza e riposare”<05>
0E6E	“Ah, capitano $1, oggi sei libero?<05><5E><05> Eh<5B>, che fortuna<05> l'ora del rito è libera.<05><5E><05> Anch'io sono libero.<05> Eh, meno male che ho visto il rito”<05>
0E70	#!<4C>7<05>“Capitano... a fare la ronda<05> in città, tutto quello che è successo<05> sembra un sogno, tanto è tranquillo.<05><5E><05> Astholm è davvero una città pacifica”<05>
0E72	“Capitano! Oggi la ronda in città<05> la faccio io.<05> Niente di particolare<05> Astholm è una città pacifica”<05>
0E74	#!<4C>7<05>“La festa dello Zaffiro? Sciocchezze, sciocchezze.<05> Davvero sciocchezze!<05><5E><05> Ma $1<05> ti ho rivalutato un po'”<05>
0E76	“La festa dello Zaffiro? Sciocchezze, sciocchezze.<05> Davvero sciocchezze!<05><5E><05> Ci può stare anche<05> uno strano come me, no?”<05>
0E78	#!<4C>7<05>“Anche l'anno scorso<05> abbiamo visto il rito in prima fila<05> ma quello di quest'anno, dopo tutto<05> quello che è successo, non va perso!”<05>
0E7A	#<4C>5<05>“Da stamattina teniamo<05> il posto migliore<05> per vedere il rito”<05>
0E7C	“La signora Filis era bellissima.<05> Siamo rimasti a bocca ap<5B>erta”<05>
0E7E	#!<4C>7<05>“Grazie a $1 anche i mostri<05> si sono nascosti.<05><5E><05> Godetevi la festa dello Zaffiro<05> con tranquillità”<05>
0E80	“La sorveglianza da questa porta è perfetta.<05> Godetevi la festa dello Zaffiro<05> con tranquillità”<05>
0E82	#!<4C>7<05>“$1! Meno male, prima del rito<05> ti vedo almeno un attimo...<05> ero un po' tesa.<05><5E><05> Ora posso fare il rito<05> tranquilla!<05><5E><05> Ehi... dopo<05> aspettami sotto l'albero della piazza a nord!”<05>*211<05>
0E84	“$1! Meno male, prima del rito<05> ti vedo almeno un attimo...<05> ero un po' tesa.<05><5E><05> Ora posso fare il rito<05> tranquilla!<05><5E><05> Ehi... quando il rito sarà finito<05> aspettami sotto l'albero della piazza a nord!<05> Arrivo subito dopo il rito...”<05>*211<05>
0E86	“Oh, $1, grazie della ronda.<05> La festa è il momento di guadagnare<05> e sono felicemente sommerso di lavoro”<05>
0E88	#!<4C>7<05>“$1... hai salvato la sacerdotessa Filis.<05> Se quest'anno<05> si fa ancora la festa dello Zaffiro<05> è merito tuo...<05><5E><05> La festa di quest'anno<05> per un vecchio come me<05> sarà ricca di ricordi”<05>
0E8A	“Oh, $1...<05><5E><05> Con l'età mi pesa sempre di più<05> stare tra la folla.<05><5E><05> Da qui pregherò<05> per la pace di Astholm”<05>
0E8C	#!<4C>7<05>“Evviva $1<05> Sei venuto a casa mia.<05><5E><05> Meno male che sono rimasto a badare”<05>
0E8E	“Non voglio badare alla casa!<05><5E><05> $1 non mi ascolta, comunque.<05> Voglio vedere la festa dello Zaffiro”<05>
0E90	<05> <59>Il diadema di Zaffiro<05>  è stato posato sul capo di Filis<5A><05><05>
0E92	“Che ad Astholm sia eterna<05> la protezione dello Zaffiro.<05><5E><05> Che a tutti gli abitanti di Astholm<05> non manchi mai<05> la protezione dello Zaffiro”<05>
0E94	“Scusa! Hai aspettato?<05> Sono venuta ancora con l'abito del rito<05> perché volevo mostrarlo a $1...<05><5E><05> Guarda, sono carina, vero?”<05>
0E96	“Ehi, $1...<05> Da piccoli, noi due<05> siamo andati alla festa dello Zaffiro<05> ti ricordi?”<05>%1<05>
0E98	“Ihih... Da allora $1<05> non mi sembra cambiato per niente...<05><5E><05> Come passa il tempo, abbiamo 18 anni...<05> Ormai posso succedere a mia madre<05> come sacerdotessa dello Zaffiro...<05><5E><05> ...................<05> Ehi, $1<05> Il chiasso della festa sembra finto...<05> ...............che silenzio”<05>
0E9A	“Uffa $1<05> Io me lo ricordo ancora...<05><5E><05> Come passa il tempo, abbiamo 18 anni...<05> Anch'io ho l'età per succedere<05> a mia madre come sacerdotessa dello Zaffiro...<05><5E><05> ...................<05> Ehi, $1<05> Il chiasso della festa di poco fa<05> sembra finto...<05> ...............che silenzio”<05>
0E9C	“Kyaa! $1!”<05>
0E9E	“Il mio nome è Gel de Rei.<05> Per ordine del signor Ezechiel<05> mi prendo la sacerdotessa dello Zaffiro”<05>
0EA0	“Scusa se ti ho disturbato<05> nel momento di gioia, bel tipo!”<05>
0EA2	“Kyaa! $1!”<05>
0EA4	 <59>Di Filis è rimasto solo<05>  il diadema di Zaffiro...<05><5E><05>  Illuminato dalla luce della luna<05>  lo Zaffiro sembrò brillare<05>  per un istante...<5A><05>
0EA6	“Elen! Sono venuto a prenderti!”<05>
0EA8	“Ah Loran! Sei venuto!”<05>
0EAA	“Signor Orlov...<05> Per colpa mia siete finito in un guaio così...”<05>
0EAC	“Ma no, Tifa...<05> L'importante è che tu stia bene...”<05>
0EAE	“Lidia! Sei venuta fin qui<05> a salvarmi...”<05>
0EB0	“Ihihih certo che sì.<05> Siamo amiche del cuore, no?”<05>
0EB2	“Uffa, beato Loran, Capo.<05> Quanto si sbaciucchiano”<05>
0EB4	“Sciocco! Noi abbiamo compiuto<05> la grande impresa di salvare il mondo!<05> Rallegrati con più sincerità!<05><5E><05> Tanto tu hai già<05> una ragazza che ti piace, no?”<05>
0EB6	“Ah, già.<05> Voglio rivedere subito Cosette”<05>
0EB8	“Grazie mille per averci salvato<05> in un momento pericoloso.<05> Grazie a voi<05> il mondo è salvo”<05>
0EBA	“Io ho solo dato una mano<05> a questi pivelli.<05> Se volete ringraziare, ecco<05> ringraziate quello lì che si è incantato.<05><5E><05><42>13 1<05> Ehi! $1!”<05>
0EBC	“..................<05> ..................<05> $1...<05><5E><05> Ecco... io...<05> non so cosa dire...<05> ..................”<05>
0EBE	“Uh, no, la torre sta crollando!<05> Tutti in salvo!”<05>
0EC0	“$1...<05> Non ti avevo ancora ringraziato<05> per avermi salvata...<05><5E><05> Grazie.<05> Mi hai salvato la vita.<05><5E><05> Non voglio più separarmi da te.<05> Resta sempre con me...<05> $1......<05><5E><05> Ti-<5E> a-<5E> m...<05>
0EC2	“Ecco, ecco, per voi due<05> è arrivato un mazzo di fiori<05> di congratulazioni”<05>
0EC4	“Ohi.<05><5E><05> Ohi ohi ohi<5B><05><5E><05> Ho disturbato forse...”<05>
0EC6	“Quel signore<05> non l'avevo già visto da qualche parte?<05> Che tipo strano...<05><5E><05> Ihih ma non mi dispiace.<05><5E><05> Oh no.<05> Guarda che ora<05> sta per iniziare il rito<05> devo andare in chiesa...”<05>
0EC8	“Ah, $1...<05><5E><05> o!”<05>
0ECA	“Eheh... continuiamo da prima!”<05>
0ECC	“Maestro, anche se è festa<05> non beva troppo”<05>
0ECE	“Oggi... è...<05><5E><05> Hic... uf.<05><5E><05> chiuso, riposo... uh.<05><5E><05> Puah”<05>
0ED0	“...Cosetteeee”<05>
0ED4	“Cerchi un'arma?<05> O sei venuto a vendere qualcosa?”<05>%3<05> Comprare<05> Vendere<05> Niente<05>
0EDA	“Che c'è, solo un'occhiata?<05> Beh, torna a trovarci”<05>
0EDC	“Ce n'è qualcuna che ti piace?”<05>+1<05>
0EDE	*.181<05>#90<05>“Torna a trovarci”<05>
0EE0	“Ottima scelta: $2<05> Solo $0<47>, portalo a casa.<05> Che ne dici?”<05>%1<05>
0EE4	“Se è così, pazienza...<05> Ti serve altro?”<05>-3<05>
0EE6	#91<05>“Purtroppo non hai abbastanza soldi.<05><5E><05> Ti serve altro?”<05>-4<05>
0EE8	#92<05>“Non puoi portare altro, pare”<05>
0EEA	*.182<05><49>139<05>“Grazie mille.<05> Vuoi comprare altro?”<05>-6<05>
0EEC	“Grazie mille.<05> Cosa mi vendi?”<05>+1<05>
0EEE	*.183<05>#90<05>“Torna a trovarci”<05>
0EF0	#91<05>“Mmm...<05> Questo non ha un prezzo.<05> Non posso comprarlo.<05><5E><05> Vuoi vendere altro?”<05>-1<05>
0EF2	“Vendi $2?<05> Te lo compro per $0<47><05> Che ne dici?”<05>%1<05>
0EF4	*.184<05><49>139<05>“Grazie mille.<05> Allora, ecco...<05> Vuoi vendere altro?”<05>-3<05>
0EF6	“Se è così, pazienza...<05> Vuoi vendere altro?”<05>-4<05>
0EF8	“Le nostre armature sono le migliori del mondo.<05> Scegli quello che vuoi!<05> Sei venuto a comprare o a vendere?<05> Allora, cosa scegli!”<05>%3<05> Comprare<05> Vendere<05> Niente<05>
0EFE	“Fai un po' di vetrine, vero?<05> Guardare è gratis, fai con calma”<05>
0F00	“Scegli con calma”<05>+1<05>
0F02	*.181<05>#90<05>“Torna!”<05>
0F04	“$2, giusto?<05> Te lo faccio a $0<47><05> Lo prendi, vero?”<05>%1<05>
0F08	“Se è così, pazienza...<05> Ti serve altro, no?”<05>-3<05>
0F0A	#91<05>“Cavolo! Non hai abbastanza soldi.<05> Guadagna e torna!<05><5E><05> Ti serve altro, no?”<05>-4<05>
0F0C	#92<05>“Non puoi portare altro, amico!”<05>
0F0E	*.182<05><49>139<05>“Grazie!<05> Prendi anche altro, no?”<05>-6<05>
0F10	“Grazie!<05> Cosa mi vendi?”<05>+1<05>
0F12	*.183<05>#90<05>“Torna!”<05>
0F14	#91<05>“Questo?<05> Non ha un prezzo.<05> Non posso comprarlo.<05><5E><05> Scegli altro da vendere”<05>-1<05>
0F16	“$2! Bene! Accetto la perdita<05> e te lo compro per $0<47><05> Che ne dici?”<05>%1<05>
0F18	*.184<05><49>139<05>“Grazie.<05> Allora, ecco...<05> Hai altro da vendere, no?”<05>-3<05>
0F1A	“Se è così, pazienza...<05> Hai altro da vendere, no?”<05>-4<05>
0F1C	“Benvenu<5B>ti.<05> Sei venuto a comprare strumenti<05> o a vendere qualcosa?”<05>%3<05> Comprare<05> Vendere<05> Niente<05>
0F22	“Ah... capisco...”<05>
0F24	“Scegli con calma”<05>+1<05>
0F26	*.181<05>#90<05>“Tornate a trovarci”<05>
0F28	“$2?<05> Fanno $0<47><05> Lo prende?”<05>%1<05>
0F2C	“Se è così, pazienza...<05> Desidera altro?”<05>-3<05>
0F2E	#91<05>“Oh, non ci sono abbastanza soldi.<05> Faccia un po' di scorta e torni.<05><5E><05> Desidera altro?”<05>-4<05>
0F30	#92<05>“Non può portare altro”<05>
0F32	*.182<05><49>139<05>“Grazie.<05> Vuole altro?”<05>-6<05>
0F34	“Grazie.<05> Cosa mi vende?”<05>+1<05>
0F36	*.183<05>#90<05>“Tornate a trovarci”<05>
0F38	#91<05>“$2?...<05> Deve essere molto importante.<05> Non posso ritirarlo.<05> Mi scusi.<05><5E><05> Ha altro da vendere?”<05>-1<05>
0F3A	“Mi vende $2?<05> Questo lo compro per $0<47><05> Che ne dice?”<05>%1<05>
0F3C	*.184<05><49>139<05>“Grazie.<05> Allora, ecco...<05> Ha altro da vendere?”<05>-3<05>
0F3E	“Se è così, pazienza...<05> Ha altro da vendere?”<05>-4<05>
0F40	“Benvenuti nella nostra locanda.<05> Cosa desiderate?”<05>%3<05> Fermarsi<05> Salvare<05> Niente<05>
0F46	“Se non ha bisogno di niente<05> perché viene in locanda?<05> Anche lei ha del tempo libero, eh”<05>
0F4A	“Di solito costa $0<47> a notte<05> ma lei è iscritto al Club Enix<05>*.138<05> Le faccio lo sconto: $0<47><05> Si ferma a dormire?”<05>+2<05>
0F4C	“Costa $0<47> a notte, va bene?”<05>+1<05>
0F52	“Non facciamo riposi brevi...<05> Arrivederci”<05>
0F54	><05>#90<05>“Pare che non abbia soldi.<05> Ah ah... a casa, a casa”<05>
0F56	*.186<05><49>139<05>“Allora firmi qui, per favore...<05> Sì sì, ottima camera, buon soggiorno”<05>*39<05>
0F58	“Bene, allora<05> salviamo il viaggio fin qui.<05><5E><05> Va bene?”<05>%1<05>
0F5A	*.187<05>“Ho salvato tutto con cura”<05><5E><05> <59>Per sospendere il gioco<05>  spegnete la console tenendo premuto<05>  RESET Premendo il tasto<05>  potrete riprendere il gioco<5A><05>
0F5C	“Desidera altro?”<05>
0F5E	“Grazie di averci scelto.<05> Buon viaggio”<05>
0F60	“Questo è l'ospedale...<05> Se ti ferisci<05> la magia delle gemme<05> ti riporterà qui.<05><5E><05> e dopo le cure<05> potrai riprendere l'avventura...”<05>
0F62	“Oh, $1<05> Vuoi far rientrare un disertore?<05><5E><05> Chi vuoi far rientrare?”<05>+1<05>
0F64	*.185<05>#90<05>“Capisco.<05> Allora riguardatevi”<05>
0F66	*.190<05>#90<05>“$1!! Non scherzi<05> $2 può combattere, no!!<05> La smetta!”<05>
0F68	*.199<05>“Far rientrare $2<05> costa $0<47> Va bene?”<05>%1<05>
0F6C	“Capisco... Riguardatevi...”<05>
0F6E	><05>#90<05>“A quanto pare non ci sono abbastanza soldi.<05> Anch'io non faccio volontariato.<05> Quando avrà i soldi, torni pure”<05>
0F70	*.192<05><49>139<05>“Va bene, entro l'uscita<05> dalla città farò rientrare $2”<05>/<05>“Gli altri stanno bene?”<05>-6<05>
0F72	“Ah $1...<05> Ormai è del tutto guarito.<05> Può essere dimesso<05> e tornare a menare le mani.<05><5E><05> Ah, per la cura ho preso<05> $0<47>... Riguardatevi”<05>/<05>
0F74	“Ah $1...<05> Ormai è del tutto guarito.<05> Può essere dimesso<05> e tornare a menare le mani.<05><5E><05> Ah, la cura costa<05> $0<47> ma non li aveva<05> con sé, quindi ho preso<05> tutto quello che aveva.<05><5E><05> Riguardatevi”<05>/<05>
0F76	“Ah $1...<05> Ormai è del tutto guarito.<05> Può essere dimesso<05> e tornare a menare le mani.<05><5E><05> Ah, la cura costa<05> $0<47> ma non li aveva<05> con sé.<05><5E><05> Ho preso tutto<05> più il distintivo di membro.<05><5E><05> Riguardatevi”<05>/<05>
0F78	“BENVENUTO<05> COSA DESIDERA ACQUISTARE”<05>+1<05>
0F7A	*.181<05>#90<05>“ARRIVEDERCI”<05>
0F7C	“$2 COSTA $0<47><05> DESIDERA ACQUISTARE?”<05>%2<05> Sì<05> No<05>
0F80	“DESIDERA ALTRO”<05>-3<05>
0F82	#91<05>“SOLDI INSUFFICIENTI”<05>
0F84	#92<05>“NON PUÒ PORTARE ALTRO”<05>
0F86	<49>188<05>*.182<05>“GRAZIE E ARRIVEDERCI”<05><49>187<05>-6<05>
0F88	“QUESTO È UN ACQUIRENTE AUTOMATICO<05> INDICARE IL PRODOTTO DA VENDERE”<05>+1<05>
0F8A	*.183<05>#90<05>“ARRIVEDERCI”<05>
0F8C	#91<05>“IMPOSSIBILE ASSEGNARE<05> UN PREZZO A QUESTO PRODOTTO<05> CI SCUSIAMO<05><5E><05> INDICARNE UN ALTRO”<05>-1<05>
0F8E	“IL PREZZO D'ACQUISTO DI $2<05> È $0<47> CONFERMA?”<05>%2<05> Sì<05> No<05>
0F90	*.184<05>“GRAZIE E ARRIVEDERCI<05> DESIDERA ALTRO?”<05>-3<05>
0F92	“CI SCUSIAMO<05> DESIDERA ALTRO?”<05>-4<05>
