id	it
0000	<05><59>Nessuno risponde...<5A><05>
0002	<05><59>...... Non succede niente<5A><05>
0004	<05><59>Non c'è niente di strano<5A><05>
0006	<49>255<05><49>198<05><05><59>$2 non si può usare qui<5A><05>
0008	<49>255<05><49>198<05><05><59><4D><50> insufficienti<5A><05>
000A	<49>255<05><49>198<05><05><59>$0 non può equipaggiare<05> $2<5A><05>
000C	<49>255<05><49>198<05><05><59>$2 è colpito da paralisi<5A><05>
000E	#!91<05>“Che vergogna... $1!<05> Scusami”<05><05><59>$2 lascia la battaglia<5A><05>
0010	#!92<05>“Maledizione... Signor $1,<05> il resto è nelle tue mani”<05><05><59>$2 lascia la battaglia<5A><05>
0012	#!93<05>“Capo<5B> Ahi, che male! Mi<05> hanno battuto...”<05><05><59>$2 lascia la battaglia<5A><05>
0014	#!94<05>“Uffa! Io, $2, battuto da un<05> mostro...”<05><05><59>$2 lascia la battaglia<5A><05>
0016	#!95<05>“$1, scusa se non sono<05> stata utile...”<05><05><59>$2 lascia la battaglia<5A><05>
0018	<59>$2 lascia la battaglia<5A><05>
001A	<59>La squadra di $2 lascia la<05> battaglia<5A><05>
001C	<59>Hai trovato $2<5A><05>#!93<05>*.248<05>+1<05>
001E	#!92<05>
0020	<59>Ma lo zaino è pieno. Vuoi<05> buttare qualcosa?<5A><05>+1<05>
0022	%1<05>
0024	+2<05>
0026	<59>Hai lasciato $2<5A><05>
0028	*.183<05>#90<05>-1<05>
002A	#91<05><59>Non puoi buttarlo via. Vuoi<05> buttare altro?<5A><05>-4<05>
002C	*.189<05><59>Hai buttato $2<5A><05>.92<05>
002E	<59>Il pavimento si apre! Cadi in<05> una botola!!<5A><05>
0030	<05><59>$1 e i compagni hanno<05> annientato i nemici<5A><05>
0032	<05><59>Su $2 $0 non ha<05> effetto<5A><05>
0034	<59>Gioco sospeso. Tenendo<05> premuto RESET spegni la<05> console<5A><05><49>224<05>
0036	<59>Ripresa del gioco sospeso.<05> Premendo RESET qui torni<05> all'ultimo salvataggio,<05> quindi fai attenzione<5A><05>
0038	<05><59>Nel forziere non c'era<05> niente<5A><05>
003A	“Sei più impaziente della<05> gente normale?<05><5E><05> Oppure, al contrario, sei tipo<05> rilassato?”<05>%4<05> Impaziente<05> Normale<05> Rilassato<05> Nessuno dei due<05>
003C	.48<05>.!49<05>“Allora anche la velocità dei<05> messaggi la vuoi alta?<05> Capito, ci penso io”<05><5E><05><05><59>Velocità dei messaggi:<05>       “Veloce”<5A><05><05>
003E	.!48<05>.!49<05>“Alla fine, la cosa normale è<05> la migliore!”<05><5E><05><05><59>Velocità dei messaggi:<05>       “Normale”<5A><05><05>
0040	.!48<05>.49<05>“Allora anche i messaggi lenti<05> vanno bene. Non c'è fretta”<05><5E><05><05><59>Velocità dei messaggi:<05>       “Lento”<5A><05><05>
0042	“Beh, va bene anche così”<05>
0044	<05><49>255<05><49>198<05><59>La dinamite si può usare<05> solo più a destra<5A><05>
0046	<05><49>255<05><49>198<05><59>La dinamite si può usare<05> solo più a sinistra<5A><05>
0048	<05><59>La dinamite...<05><5E><05><49>255<05><49>198<05>Uffa<5B><5B> Quasi!<5A><05>
004A	<05><59>Nessuno su cui usare la<05> magia<5A><05>
004C	<05><59>Loran non sa ancora usare<05> la magia<5A><05>
004E	<05><59>Zaino pieno: non puoi<05> toglierlo adesso<5A><05>
0050	<05><49>255<05><49>198<05><59>Usare $2 qui non serve a<05> nulla<5A><05>
0052	<05><59>$1 indossa il diadema di<05> Zaffiro di Filis<5A><05><05>
0054	<05><59>$1 stava per partire da<05> solo a salvare Filis...<5A><05>
0056	“$1, se parti per un<05> viaggio ti consiglio di<05> comprare un sacco di erbe<05> medicinali”<05>
0058	“Rapire la sacerdotessa! Che<05> sarà di Astholm?”<05>
005A	&6<05>“Quelli che hanno rapito Filis<05> usano una magia potente,<05> no? $1, ce la farai<05> davvero?”<05>
005C	“Ho sentito che hai un mago<05> tra i compagni! $1, conto<05> su di te!”<05>
005E	“La sacerdotessa è come il<05> sole per questa città.<05> Salvala presto e ridai<05> luce ad Astholm!”<05>
0060	“Ti prego, salva Filis!”<05>%1<05>
0062	“Lo sapevo, sei proprio<05> $1!”<05>
0064	“Vigliacco! Ti odio, $1!<05> Stupido<5B>”<05>
0066	&6<05>“Quel tizio che ha rapito<05> Filis... Gel de Rei o come si<05> chiama! Maledetto! Non lo<05> perdonerò!!”<05>
0068	“Dicono che i rapitori di Filis<05> siano volati verso il cielo<05> del sud”<05>
006A	“Ahi, la festa dello Zaffiro<05> doveva essere bellissima...<05> e invece finisce così”<05>
006C	“I mostri hanno portato la<05> sacerdotessa da quella<05> parte! $1, fai qualcosa<05> alla svelta”<05>
006E	&6<05>+4<05>
0070	*.137<05>#!90<05>“Oh! Hai il distintivo di<05> membro!<05><5E><05> Sei già un guerriero di<05> prim'ordine”<05>
0072	&8<05>#42<05>.42<05>“Hai trovato buoni compagni,<05> $1 ma con<05> quell'equipaggiamento sei<05> ancora poco protetto.<05><5E><05> Prendi questo.<05><5E><05><05><49>255<05><49>218<05> <59>Hai ottenuto una vecchia<05> armatura<5A><05><05><05><5E><05> Riporta Filis sana e salva<05> $1, conto su di te...”<05>*112<05><05><05>
0074	“Riporta Filis sana e<05> salva!”<05>
0076	&!1<05>“Cerca il mago che vive a<05> ovest della città.<05><5E><05> Di certo ti sarà di grande<05> aiuto”<05>
0078	“Oh! Sei qui, $1. Ascolta<05> prima me.<05><5E><05> Il sangue della<05> sacerdotessa passa di<05> madre in figlia fin dai tempi<05> leggendari...<05><5E><05> Proprio quando il rito di<05> successione era concluso,<05> i mostri hanno rapito Filis...<05>+1<05>
007A	<5E><05>Non può essere un caso. I<05>mostri ti ostacoleranno di<05>certo.<05><5E><05>Allora, $1: vuoi ancora<05>andare a salvare Filis?”<05>%1<05>
007C	“Bene, hai deciso! Ma da solo<05> non ce la farai.<05><5E><05> A ovest di Astholm vive un<05> mago, mio vecchio amico e<05> compagno di viaggio.<05><5E><05> Vai da lui: ti aiuterà di<05> sicuro.”<05><40>01<05>
007E	“Anche questo è<05> comprensibile. Nessuno può<05> biasimarti, $1...”<05>
0080	“Fuori città è pieno di<05> mostri! Stai attento”<05>
0082	“$1, sei mai stato a<05> Shoros, la città vicina?”<05>%1<05>
0086	*.137<05>#90<05>“A Shoros vendono armi e<05> armature. Faresti bene a<05> equipaggiarti”<05>
0088	“Bugiardo! Hai perfino il<05> distintivo di membro!”<05>
008A	&8<05>“Bugiardo!”<05>
008C	*.137<05>#90<05>“Beh, ce la stai mettendo tutta,<05> eh”<05>
008E	“Oh hai il distintivo di<05> membro. Che figata!”<05>
0090	“Filis è la tua fidanzata e<05> l'unico che può salvarla<05> sei proprio tu”<05>
0092	“Capitaaan<5B>o!”<05><42>1 3<05>
0094	“Portaci con te”<05>
0096	“Capitano! Noi quattro ti<05> accompagneremo a salvare<05> la sacerdotessa Filis”<05>
0098	“Fin da quando siamo<05> entrati nella guardia di<05> Astholm abbiamo affidato la<05> vita al capitano”<05>
009A	“Partire da solo? Non è da<05> amici! Ci lasci venire,<05> vero?”<05>+1<05>
009E	“Noi quattro della guardia di<05> Astholm, Marei, Gilan, Elk e<05> Lenny, da ora ti<05> accompagneremo nel<05><5E><05> salvataggio della<05> sacerdotessa Filis...<05><5E><05> Saluto al capitano $1!”<05><40>02<05><46>3 13<05><46>4 14<05><46>5 15<05><46>6 16<05>
00A0	“Non dirlo! Ci lasci venire,<05> vero?”<05>-2<05>
00A2	&06<05>“L'anziano ha ordinato di<05> non aprire questo<05> cancello. Anche se sei $1,<05> qui non posso proprio<05><5E><05> aprirlo”<05>
00A4	&07<05>“L'anziano ha dato il<05> permesso. Prego, passa”<05><49>173<05><40>07<05><41>3 8 1<05><41>4 7 1<05>
00A6	“$1, fai attenzione...”<05>
00A8	“Hai visto l'anziano?”<05>%1<05>
00AA	“Aiuta Filis, ti prego...”<05>
00AC	“L'anziano era in pensiero”<05>
00AE	“Se solo sapessi usare la<05> magia ti accompagnerei,<05> $1...”<05>
00B0	“Una chiesa senza la sua<05> sacerdotessa è<05> terribilmente triste...”<05>
00B2	“Oh, $1! Che disgrazia!<05> Proprio nel giorno della<05> festa dello Zaffiro hanno<05> rapito mia figlia... Filis!<05><5E><05> Ormai non sono più una<05> sacerdotessa, ma solo una<05> madre...<05><5E><05> Porta con te il diadema di<05> Zaffiro. Ti guiderà da<05> Filis...<05><5E><05> Ti prego, $1!! Salva<05> Filis!!”<05>
00B4	&6<05>“La festa era così bella... ma<05> se Filis non torna l'anno<05> prossimo la sospendono?<05> Che brutto...”<05>
00B6	“Wow<5B>, $1! Dicono che hai<05> un mago super<5B>potente tra i<05> compagni!<05><5E><05> Così riporterai Filis prima<05> della festa dell'anno<05> prossimo”<05>
00B8	“Se sali su questo palco e<05> chiudi gli occhi vedrai la<05> sacerdotessa apparire...”<05>
00BA	“Se potessi farei io la<05> sacerdotessa, ma serve il<05> sangue giusto, sai...”<05>
00BC	“Ce la farai, $1 Riporterai<05> la sacerdotessa”<05>
00BE	“S-scusa, sono entrato in<05> casa tua, $1...<05><5E><05> È che... ero preoccupato<05> per $1, e volevo vedere<05> come stavi!”<05>
00C0	&100<05>“I maghi sanno fare magie,<05> che bello. Anch'io mi<05> eserciterò”<05>
00C2	#!<4C>2<05>“Guarda! Guarda! Che forza,<05> eh?”<05>
00C4	“Ho imparato una magia. Vuoi<05> vederla?”<05>%1<05>
00C6	.<4C>2<05>“Ecco!”<05>*110<05>
00C8	“Uffa! Che rabbia, dopo<05> averla imparata<5B>”<05>
00CA	&6<05>“$1, capisco come ti senti<05> ma è troppo pericoloso!”<05>
00CC	“$1...<05>ti auguro buona fortuna”<05>
00CE	“Piazza di tutti Non fate<05> giochi pericolosi<05>          Astholm ”<05>
00D0	“Benvenuto al villaggio di<05> Shoros”<05>
00D2	“Nessuno del villaggio si<05> avvicina, hanno troppa<05> paura.<05><5E><05> Pare che un mostro<05> pericoloso abiti sulla<05> montagna qui vicino”<05>
00D4	“Ah<5B>, vorrei andare al pub...<05> ma è ancora presto per lo<05> spettacolo.<05><5E><05> e se torno a casa mia<05> madre mi rompe le scatole.<05><5E><05> Che dilemma, accidenti!”<05>
00D6	“Che faccia da funerale! Ti ha<05> piantato una ragazza?”<05>
00D8	“Ehi<5B>, sei di Astholm? Io non<05> ci vado da un secolo. Ma tra<05> poco c'è la festa dello<05> Zaffiro, no?”<05>
00DA	“Hai mai sentito parlare di un<05> certo Loran di Segaltea?”<05>%1<05>
00DC	“Certo che sì. Bello e abile<05> con la spada, si dice in<05> giro”<05>
00DE	“Mah, magari ce n'è qualcuno<05> così”<05>
00E0	“L'altro giorno ho cacciato<05> sui monti a est e ho visto<05> un mostro mai visto con<05> una donna vestita da<05><5E><05> sacerdotessa”<05>
00E2	“Vicino a Segaltea, la città<05> qui accanto, da poco si è<05> insediato un<05> mostriciattolo.<05><5E><05> Dicono che vada matto per<05> le donne. Che sia stato lui<05> a rapire la sacerdotessa<05> di Astholm?”<05>
00E4	#1<05>“Tu sei quello che stava con<05> la sacerdotessa dello<05> Zaffiro!! Sei venuto a<05> riprendertela, eh!”<05>
00E6	“Stavolta è un'altra storia.<05> Ragazzi, fateli fuori”<05>
00E8	“Ehi!... Eh?... Non doveva<05> andare così...<05><5E><05> Non era previsto, ecco, sì”<05>
00EA	“Scusaaa<5B>te, perdonaaa<5B>temi,<05> abbi pietààà<5B> ti pregooo<5B>”<05>+1<05>
00EE	“Io non so niente.<05><5E><05> Mi hanno solo ordinato di<05> rapire la sacerdotessa.<05> Anzi, io ero contrario”<05>+2<05>
00F0	“$1<5B>, dai, non dire<05> così...”<05>-2<05>
00F2	“$1, perdonamiii<5B>i”<05>
00F4	“Oh<5B>, un soldato, era un<05> pezzo che non ne vedevo!<05><5E><05> Tu sei di Segaltea, la città<05> vicina, vero?<05><5E><05> La loro guardia è forte, eh”<05>
00F6	“Mio marito è andato di<05> nuovo a svagarsi da<05> qualche parte...<05><5E><05> Spero non stia a fare il<05> cascamorto con le ballerine<05> del pub”<05>
00F8	“Ultimamente i mostri girano<05> perfino dentro il villaggio<05> che brutta storia”<05>
00FA	“Non calpestare il mio<05> campo!!”<05>
00FC	“Come? La sacerdotessa<05> dello Zaffiro, Filis, è stata<05> rapita? Ma dai, scherzi!<05><5E><05> Chi vive da queste parti è<05> protetto dallo Zaffiro per<05> questo possiamo vivere<05> così tranquilli”<05>
00FE	#!27<05>#!14<05>“Oh! Un umano che parla!<05><5E><05> In verità io sono stato<05> trasformato da un mago<05> cattivo...<05><5E><05> Che c'è? Perché mi guardi<05> così?<05>+2<05>
0100	<49>192<05>“Mmmhh<5B>!”<05>
0102	<5E><05>Basta, ho capito, uffa.<05><5E><05>E io che volevo dirti del<05>pozzo di Susandna”<05>
0104	#14<05><49>153<05>“Coccodè, cocco cocco”<05>
0106	#23<05>“Ho sentito che il mago<05> cattivo vive al pozzo a<05> ovest di Segaltea”<05>
0108	“Anche tu hai il tuo da fare,<05> $1”<05>
010A	#14<05><49>153<05>“Coccodè, cocco cocco”<05>
010C	#23<05>“Ingannato da un mago<05> cattivo sono finito in questa<05> forma......”<05>.24<05>
010E	“Evviva, che gioia!”<05>*72<05>
0110	“Salvare un vecchio ridotto<05> così... Sei proprio famoso,<05> $1, e hai un gran cuore”<05>
0112	“Nuova apertura<05>   Vietato ai mostri<05><05>   Taverna di Shoros”<05>
0114	“Spettacoli raffinati<05>      per momenti incantevoli<05><05>       Pub  Zaffiro   ”<05>
0116	&!8<05>“Su, su, ragazze! Lezione per<05> lo spettacolo di stasera!”<05>
0118	“Vuoi fare anche tu<05> l'audizione?”<05>%1<05>
011A	“Allora oggi resta lì a<05> guardare, senza disturbare<05> la lezione”<05>*8<05><40>8<05>
011C	“Allora fuori di qui, disturbi<05> la lezione!”<05>
011E	&!8<05>“Noi seguiremo il maestro<05> Pierre qualunque cosa<05> accada”<05>
0120	“Le lezioni del maestro<05> Pierre sono durissime”<05>
0122	&!8<05>“Anche tu, non disturbare la<05> lezione”<05>
0124	“Stiamo provando lo<05> spettacolo di stasera”<05>
0126	&!8<05>“Ihih, non siamo mica male,<05> eh?”<05>
0128	“Il maestro Pierre ha<05> un'aria da artista, è<05> fantastico!”<05>
012A	“Ehi, ehi, ehi.<05><5E><05> Ehiii<5B><5B><5B> ragazze! Svenire<05> per così poco è il colmo<5B><05><5E><05> Su, su, guardate qui.<05><5E><05><42>2 3<05><42>3 3<05><42>4 3<05> Ragazze!<05><5E><05> Nel vostro ballo non sento<05> passione! Ci vuole<05> passione!”<05>
012C	“Hic<5B>! Sono ubriaco<05> fradicio<5B>ooo”<05>
012E	“Oh, si balla<5B>? Ah ah. Il ballo<05> lo so fare io, tranquilli<5B>lli!”<05>
0130	“Aaah! Aiuto!”<05>
0132	“Tu sei quello che stava con<05> la sacerdotessa dello<05> Zaffiro!! Sei venuto a<05> riprendertela, eh!”<05>
0134	“Ma guarda, ce l'avete fatta!<05><5E><05> Questo è ardore!<05><5E><05> Questa è passione!”<05>
0136	“Maledetto, me la pagherai”<05>
0138	“Suu<5B>u, dai, riprendiamo da<05> dove eravamo”<05>
013A	“Musica, partenza!”<05>
013C	“Ehi! Fuori dai piedi, muro!”<05>
013E	“Eh, figurati se mi sposto”<05>
0140	“Ehi ehi, lo sai? A Segaltea<05> ci sono Elen e Karen,<05> sorelle sacerdotesse che<05> ereditano lo Smeraldo!<05><5E><05> Ma anche noi abbiamo Filis,<05> che da Astholm ci concede<05> la protezione dello Zaffiro<05> quindi non siamo mica<05><5E><05> invidiose, nah!”<05>
0142	#!<4C>7<05><49>255<05><49>185<05>“Sciò, sciò!”<05>
0144	&13<05>“La città di Segaltea è in una<05> situazione difficile. Non<05> possiamo far passare i<05> sospetti...<05><5E><05> ...........<05> ...........<05> ...........<05> ...........<05><5E><05> Per fortuna non sembri<05> sospetto. Bene, puoi passare”<05>
0146	“Karen è stata salvata e<05> ora siamo un po' più<05> tranquilli.<05><5E><05> Eppure chi l'ha salvata è<05> stato scambiato per un<05> sospetto...<05><5E><05> $1, l'altra volta ti chiedo<05> davvero scusa”<05>
0148	#!<4C>7<05><49>255<05><49>185<05>“Sciò, sciò!”<05>
014A	&10<05>“Ora sono occupato non<05> parlarmi”<05>
014C	&13<05>“Sono un po' meno occupato<05> ma non parlarmi lo stesso”<05>
014E	“Sono così commosso che<05> non trovo le parole. Non<05> parlarmi ora”<05>
0150	#!<4C>7<05><49>255<05><49>185<05>“Ah! Che succede?”<05>
0152	&13<05>“Elen, la sacerdotessa dello<05> Smeraldo, e sua sorella<05> Karen sono state rapite da<05> qualcuno”<05>
0154	“Dicono che la sorella Karen<05> sia stata salvata.<05><5E><05>&14<05> ...Oh, quello dietro di te è<05> forse...?”<05>
0156	Se incontro chi ci ha aiutate<05>vorrei ringraziarlo”<05>
0158	#!<4C>7<05><49>255<05><49>185<05>“Il gallo mi parla......<05><5E><05> Eh?”<05>
015A	&13<05>“Il bastone di Smeraldo dona<05> a chi lo impugna poteri<05> magici.<05><5E><05> Speriamo che i mostri non<05> ne abusino...”<05>
015C	“$1, ti prego, proteggi<05> Karen.<05><5E><05> Vedrai, $1, che la magia<05> di Karen ti sarà d'aiuto”<05>
015E	#!<4C>7<05><49>255<05><49>185<05>“Loran è in verità un uomo<05> gentile.<05><5E><05> Ah, era solo un gallo?”<05>
0160	&!13<05>“Accanto a Elen e Karen il<05> bastone di Smeraldo<05> potenzia la magia di chi lo<05> impugna.<05><5E><05> Loran usa la magia del<05> ghiaccio ma, da quando il<05> bastone è stato rubato, ha<05> perso il suo potere.<05><5E><05> Per lui sarà il viaggio più<05> duro”<05>
0162	“Loran, capitano della<05> guardia, è il fidanzato della<05> sacerdotessa Elen...<05><5E><05> Soffre molto: ha perso il<05> bastone di Smeraldo, tesoro<05> della città, e la promessa<05> sposa è stata rapita.<05><5E><05> Ti prego, $1, aiutalo<05> senza farti notare?”<05>%1<05>
0164	“Ti ringrazio... Avevo sentito<05> dire che il capitano di<05> Astholm è una persona<05> eccellente...<05><5E><05> Sì, è proprio come si dice”<05>
0166	“Loran in verità è un uomo<05> gentile. Anche se sembra<05> freddo, in realtà ha<05> riguardo per gli altri...”<05>
0168	#!<4C>7<05><49>255<05><49>185<05>“............<05> ............<05> ............<05><5E><05>Chiacchierare con un gallo<05>è vietato”<05>
016A	&!20<05>“Il capitano di Astholm $1<05> e Loran, il nostro capitano<05> di Segaltea...<05><5E><05> Se due persone così valide<05> uniscono le forze la<05> sacerdotessa sarà di certo<05> salvata.<05><5E><05> $1,<05> ti auguro buona fortuna”<05>
016C	&!16<05>“Secondo le ultime<05> informazioni Loran si trova<05> ad Albani, il villaggio a sud<05> di Segaltea.<05><5E><05> Fai attenzione”<05>
016E	#!1<05>“............<05> ............<05> ............<05><5E><05>Chiacchierare è vietato”<05>
0170	&10<05>“Finché Loran non sarà<05> partito questo cancello non<05> si apre.<05><5E><05> Loran vuole seguire le<05> orme lasciate dai mostri. Se<05> passa gente, si perdono”<05>
0172	“Loran è partito. Prego,<05> passa”<05>.1<05>*11<05>
0174	#!<4C>7<05><49>255<05><49>185<05>“Un gallo... Dire a un gallo<05> di salvare Elen sarebbe<05> inutile”<05>
0176	&10<05>“Viandante... in questo<05> momento la città è in grave<05> difficoltà.<05><5E><05> La nostra sacerdotessa<05> Elen e sua sorella Karen<05> sono state rapite dai<05> mostri.<05><5E><05> Abbiamo appena formato una<05> squadra di soccorso per<05> salvarle”<05>
0178	&13<05>“Loran salverà di certo<05> Elen”<05>
017A	&14<05>“Karen! Stai bene? Non ho<05> parole per ringraziarti,<05> $1...<05><5E><05> Se ora Loran salvasse<05> Elen non ci sarebbe altro<05> da desiderare...”<05>
017C	“Se ora Loran salvasse<05> Elen non ci sarebbe altro<05> da desiderare...”<05>
017E	#!<4C>7<05><49>255<05><49>185<05>“Sciò, sciò!”<05>
0180	&!13<05>“Che gioia che Karen sia<05> tornata sana e salva.<05><5E><05> Ma ora, più che mai, temo<05> per Elen”<05>
0182	“Proprio qui vicino le hanno<05> rapite entrambe e io non ho<05> potuto aiutarle...<05><5E><05> Quei tizi non sembravano<05> affatto esseri umani”<05>
0184	#!<4C>7<05><49>255<05><49>185<05>“Va' via!”<05>
0186	&13<05>“In città c'è un gran<05> fermento come a una festa.<05> Che sarà successo?”<05>
0188	&14<05>“Wow, la signorina Karen!<05> Allora è davvero una<05> festa!”<05>
018A	“In città c'è ancora aria<05> di festa. Fino a quando<05> durerà?”<05>
018C	#!<4C>7<05><49>255<05><49>185<05>“Ah, un gallo.<05><5E><05> Fatti coraggio anche tu”<05>
018E	&16<05>“Senza la sacerdotessa Elen<05> a cosa serve questa<05> chiesa...<05><5E><05> E in più hanno rubato il<05> bastone di Smeraldo... Forse<05> questa città è finita”<05>
0190	“Speravo che Karen<05> resistesse fino al ritorno<05> della sacerdotessa Elen...”<05>
0192	#!<4C>7<05><49>255<05><49>185<05>“Sciò, sciò!”<05>
0194	&10<05>“Al piano di sopra Loran,<05> capitano della guardia di<05> Segaltea, è in riunione per<05> il salvataggio di Elen e<05><5E><05> Karen”<05>
0196	&13<05>“Loran è l'uomo più<05> coraggioso e abile di<05> questa città. Di certo<05> riuscirà a salvarle<05><5E><05> entrambe...”<05>
0198	&!16<05>“$1,<05>prego per il tuo viaggio”<05>
019A	“Chi ha rapito la<05> sacerdotessa Filis della tua<05> città e la sacerdotessa<05> Elen non sarà lo stesso<05><5E><05> gruppo?<05><5E><05> Che ne dici, ti unisci alla<05> squadra di Loran?”<05>%1<05>
019C	“Davvero? Allora parla con<05> Karen. Vuole seguire<05> Loran.<05><5E><05> Ti prego, andate insieme fino<05> da Loran...”<05>
019E	“Capisco... non voglio<05> costringerti ma pensavo<05> che così sarebbe stato<05> più facile raccogliere<05><5E><05> informazioni sul nemico...<05> Non vuoi?”<05>
01A0	“Oh, Karen! Meno male che<05> sei tornata sana e salva!”<05>
01A2	“Karen...<05><5E><05> Loran è già partito per<05> salvare la sacerdotessa<05> Elen”<05>
01A4	“Cosa! Che imprudenza! Senza<05> il bastone di Smeraldo<05> Loran non può usare la<05> magia...<05><5E><05> Partire senza un mago...<05><5E><05> Devo seguirlo subito...<05><5E><05> Ho capito, mi preparo<05> anch'io”<05>;7 0<05><40>14<05>
01A6	#!<4C>7<05><49>255<05><49>185<05>“Un gallo mi ha parlato. Non<05> mi era mai successo”<05>
01A8	&13<05>“Vivo in questa città da<05> tanto ma una cosa così<05> grave non l'avevo mai<05> vista. Ho sempre pregato la<05><5E><05> pietra sacra, lo Smeraldo,<05> per la pace”<05>
01AA	“Karen sa usare la magia<05> che cura le ferite di<05> battaglia.<05><5E><05> Ora che Elen non c'è chi<05> può accompagnare Loran se<05> non Karen?”<05>
01AC	#!<4C>7<05><49>255<05><49>185<05>“Consolami, dai... gallo!”<05>
01AE	“Accidenti! A me piaceva<05> tanto Elen e i mostri<05> l'hanno rapita. Buaaa”<05>
01B0	#!<4C>7<05><49>255<05><49>185<05>“Non ho niente da dire a<05> un gallo!”<05>
01B2	&!20<05>“$1, mi raccomando, prenditi<05> cura di Karen”<05>
01B4	&!13<05>“Karen partirà con Loran<05> per salvare Elen. Ti prego,<05> aiuta quella ragazza”<05>
01B6	&10<05>“Che disgrazia...<05><5E><05> Il bastone di Smeraldo<05> proteggeva la città con il<05> suo potere sacro.<05><5E><05> Senza di esso il popolo di<05> Segaltea è come un bambino<05> senza guida...<05><5E><05> E per di più hanno portato<05> via la dolce Elen...<05><5E><05> Ora posso solo pregare”<05>
01B8	“Loran è il fidanzato di Elen<05> e capisco come si sente...<05><5E><05> Ma senza un mago non so<05> se riusciranno a<05> salvarle”<05>
01BA	“È una riunione<05> importantissima. Non<05> parlarmi!”<05>
01BC	“...E dire che a Segaltea<05> abbiamo la guardia e ci<05> hanno rapito le<05> sacerdotesse...”<05>
01BE	“...Chissà come stanno<05> adesso la signorina Elen e<05> la signorina Karen...”<05>
01C0	“...Senza il bastone di<05> Smeraldo che ne sarà mai<05> di Segaltea...”<05>
01C2	“...Anche il capitano Loran<05> sicuramente stanotte non<05> avrà chiuso occhio...”<05>
01C4	“Elen... Karen... Vi salveremo<05> di sicuro noi!”<05>
01C6	“Bene, si parte!!”<05>
01C8	<42>6 1<05><42>7 1<05><42>5 1<05><42>4 1<05>“Hah!!”<05>
01CA	#<4C>1<05>“Fate largo!!”<05>.<4C>1<05>
01CC	“Ho detto fate largo, non<05> capite? Fate largo!”<05>
01CE	“Sono pronta.<05><5E><05> $1, non ti sarò mai<05> d'intralcio. Ti prego,<05> lasciami accompagnare te,<05> $1, finché non troviamo<05><5E><05> Loran”<05>+1<05>
01D2	“Grazie. Allora, partiamo”<05><44>2<05>;7 8<05><40>16<05>
01D4	“Ti prego! Loran e gli altri<05> viaggiano senza un mago.<05><5E><05> Portami da Loran, ti<05> supplico”<05>-2<05>
01D6	#!<4C>7<05><49>255<05><49>185<05>“Oh gallo, anche tu vuoi<05> sentire le mie deduzioni?”<05>
01D8	“Io l'ho capito!! Chi ha rapito<05> le sacerdotesse non lo ha<05> fatto per i soldi.<05><5E><05> Che ne dici? Che<05> deduzione, eh?”<05>
01DA	#!<4C>7<05><49>255<05><49>185<05>“Oh! Il gallo mi sta<05> parlando!”<05>
01DC	&13<05>“Che rapiscano una<05> sacerdotessa non era mai<05> successo a Segaltea.<05><5E><05> Ho il presentimento che stia<05> per accadere qualcosa di<05> peggio...”<05>
01DE	“Da quando Karen è tornata<05> la gente di Segaltea si<05> sente molto sollevata.<05><5E><05> $1, per quanto ti<05> ringraziamo, non<05> basterebbe mai”<05>
01E0	#!<4C>7<05><49>255<05><49>185<05>“Gallo, lo sai che hanno<05> rapito Elen?<05><5E><05> Ci arrivi?”<05>
01E2	&13<05>“Elen era il simbolo della<05> pace di questa città...”<05>
01E4	&14<05>“Signorina Karen! Che bello<05> rivederti sana e salva!”<05>
01E6	“Ti prego, prenditi cura di<05> Karen”<05>
01E8	#!<4C>7<05><49>255<05><49>185<05>“Ma che roba è questo<05> gallo?”<05>
01EA	“Da quando la sacerdotessa<05> Elen non c'è tutti hanno<05> perso ogni entusiasmo.<05><5E><05> Ora capisco anch'io quanto<05> la rispettassero tutti...”<05>
01EC	#!24<05>#23<05><05><49>255<05><49>200<05><59>$1 scivola e cade nel<05> pozzo!!<5A><05>*88<05>
01EE	<59>Niente di strano<5A><05>
01F0	#!23<05>“Non sopporto i sapientoni<05> come te. Torna indietro,<05> torna indietro!”<05>
01F2	#!<4C>7<05>“Oh oh oh, prova a fare<05> coccodè”<05><49>153<05>
01F4	“Che vuoi?<05><5E><05> Se non rispondi bene alla<05> mia domanda trasformo in<05> gallo anche te!<05><5E><05> Allora, si comincia!<05><5E><05> Dove è stato programmato<05> questo gioco?”<05>%4<05> Tokyo<05> Saitama<05> Kanagawa<05> Chiba<05>
01FE	<49>255<05><49>197<05>“Ding dong. Come previsto,<05> $1, risposta esatta.<05> Magnifico!<05><5E><05> Ah, quel gallo lì. Farò in modo<05> che il tuo bacio spezzi<05> l'incantesimo”<05>.23<05>
0200	<49>255<05><49>198<05>“Bzzzz. Sei un gallo! Ah ah<05> ah”<05>.<4C>7<05>*133<05>
0202	<49>255<05><49>185<05>“Ai galli non vendo niente”<05>
0204	<49>255<05><49>185<05>“Questo non è un ospedale<05> per animali!”<05>
0206	<49>255<05><49>185<05>“Aah! Dottore, aiuto!”<05>
0208	<49>255<05><49>185<05>“Un gallo non si può fermare”<05>
020A	<49>255<05><49>185<05>“L'arco può colpire i<05> nemici lontani ma la spada<05> ha più potenza.<05><5E><05> Ormai parlo da solo perfino<05> con i galli”<05>
020C	&13<05>“Andando a est da qui abitano<05> dei boscaioli, marito e<05> moglie. Chissà come fanno a<05> vivere là senza farsi<05><5E><05> attaccare dai mostri.<05><5E><05> Loro forse hanno visto chi<05> ha rapito Elen”<05>
020E	#<4C>7<05>“Andando sempre a sud da<05> Segaltea c'è un villaggio,<05> Albani. Dicono sia un<05> posto un po' strano”<05>
0210	<49>255<05><49>185<05>“Sembra buono”<05>*213<05>
0212	“Gh! Non resisto!”<05>
0214	“Gnam gnam! Ciac ciac!”<05>
0216	“Ah, l'hai mangiato?<05><5E><05> Se hai altre storie<05> interessanti raccontamele<05> pure”<05>
0218	<49>255<05><49>185<05>“Ritirarsi, a volte, è un atto<05> di coraggio.<05><5E><05> Quando la battaglia sembra<05> persa prima che i<05> disertori aumentino tanto<05> vale allenarsi a volare...<05><5E><05> Sciò, sciò!”<05>
021A	“Rutto! Ah, che buono.<05><5E><05> Sarà un'impressione ma<05> sapeva un po' di $1”<05>
021C	“Oh?”<05>
021E	“Eh? Che roba è questa?”<05>
0220	“Guarda un po' c'è una<05> ragazza per terra!<05><5E><05> Ehi! Che ti succede? Ehi!<05> ...............<05><5E><05> Mmh, non si sveglia, che<05> faccio! Su, forza!”<05>
0222	“Non hai informazioni su chi<05> ha rapito Elen e Karen?”<05>
0224	“Nel bosco a est di Segaltea<05> c'è una casetta e io credo<05> che sia sospetta!”<05>
0226	“Pare che sia stata rapita<05> anche la sacerdotessa di<05> Astholm. Che ci sia un<05> collegamento?”<05>
0228	“Vicino all'uscita della città<05> sono rimaste delle impronte<05> che non sono umane”<05>
022A	“Il bosco a est è un posto<05> dove un comune essere<05> umano non riuscirebbe<05> nemmeno a camminare. Se i<05><5E><05> mostri si nascondono deve<05> essere lì...”<05>
022C	&16<05>“Aspettate! Devo tornare a<05> Segaltea...<05><5E><05> Devo dire subito alla gente<05> che sto bene”<05>
022E	“Ho saputo che Loran è ad<05> Albani. Cerchiamo Loran”<05><40>17<05>
0230	“Aspettate! Devo tornare a<05> Segaltea...”<05>
0232	“Vuoi sapere come si chiama<05> questo villaggio? È<05> Albani”<05>
0234	&!20<05>“Quel Loran era proprio un<05> bell'uomo. Chissà se<05> tornerà”<05>
0236	“All'ospedale ci sono i<05> soldati della guardia di<05> Segaltea. Li conoscete?”<05>%1<05>
0238	“Dicono che non hanno tra<05> loro un mago che li curi.<05><5E><05> Sono tutti feriti potreste<05> andare a trovarli”<05>
023A	“Ma pagheranno il conto<05> dell'ospedale?”<05>
023C	“Anche qui intorno al<05> villaggio da poco<05> compaiono mostri. Che sta<05> succedendo? Ho paura a<05><5E><05> uscire”<05>
023E	“Quel Loran che era<05> all'ospedale con l'armatura<05> e tutto era proprio figo.<05><5E><05> L'armatura di mio fratello in<05> confronto è proprio<05> scialba”<05>
0240	“Che fai in casa altrui?”<05>
0242	“Questo villaggio è scavato<05> nella montagna di roccia.<05> Anch'io ho scavato la<05> roccia per costruire<05><5E><05> casa.<05><5E><05> Qui il problema della<05> mancanza di terreno non<05> esiste”<05>
0244	“Questo è l'ospedale... ma<05> ora è pieno...<05><5E><05> Perché io, il direttore, devo<05> ripetere sempre le stesse<05> cose”<05>
0246	&!20<05>“Questo è l'ospedale... Se ti<05> ferisci la magia delle<05> gemme ti riporterà qui.<05><5E><05> e dopo le cure potrai<05> riprendere l'avventura...”<05>
0248	&!18<05>“Una visita? Prego”<05>
024A	“Non accetto visite se non<05> di conoscenti”<05>&17<05>
024E	“Ti prego! Fammi vedere<05> Loran!”<05>
0250	“Sembra che ci siano dei<05> motivi... Va bene, ma solo un<05> momento”<05><40>18<05>
0252	“Cerchi la sacerdotessa<05> rapita? Ah, che spasso.<05><5E><05> Ehi, non arrabbiarti era<05> solo una battuta”<05>
0254	&19<05>“Oh, Karen. Stai bene!”<05>
0256	&20<05>“Con Karen qui ci sentiamo<05> molto più sicuri”<05>
0258	“$1! Combattiamo insieme”<05>
025A	&20<05>“Ahi ahi ahi ahi ahi”<05>
025C	“A questo punto non posso<05> lamentarmi delle ferite.<05> Combatterò! $1!”<05>
025E	&20<05>“Mmm mmm... signorina Elen...<05> sta bene... mmm... zzz”<05>
0260	“Salveremo di sicuro Elen e<05> Filis<05> $1!”<05>
0262	&20<05>“Zzz... zzz... zzz...”<05>
0264	“$1, conto su di te...”<05>
0266	“Già, $1... Ma mia sorella<05> Elen è ancora nelle mani<05> dei mostri...<05><5E><05> Lasciate che aiuti anch'io<05> a salvare mia sorella”<05>
0268	“Non se ne parla! Questo<05> viaggio è pericoloso. Non<05> posso portarti con me!”<05>
026A	“È proprio perché il viaggio<05> è pericoloso che serve un<05> mago.<05><5E><05> Non vedi che senza<05> qualcuno che curi le ferite<05> state soffrendo tutti?<05><5E><05> Ti prego, lasciami unire a<05> voi!”<05>
026C	“Va bene, hai vinto...<05><5E><05> Puoi venire”<05>
026E	&19<05>“Karen! Ma sei Karen!<05> ...............<05> È stato lui a salvarti?”<05><40>19<05>*20<05>
0270	&!20<05>“Ci prepariamo subito a<05> partire. Aspettateci fuori!”<05>
0272	#<4C>1<05>“Mi ero dimenticato di<05> ringraziarti per aver<05> salvato Karen... Grazie. Ti<05> sono in debito.<05><5E><05> $1, ho saputo che anche<05> la sacerdotessa della tua<05> città è stata rapita dai<05> mostri.<05><5E><05> Che ne dici? Uniamo le<05> forze per salvare Elen e<05> le altre sacerdotesse”<05>+2<05>
0274	“Te lo chiedo ancora. Vuoi<05> combattere con noi per<05> salvare le sacerdotesse?”<05>+1<05>
0278	“Combattiamo insieme, $1!”<05>*21<05>
027A	“Ah... capisco Anche questa<05> è una scelta di vita... Non<05> posso costringerti”<05>.<4C>1<05>
027C	<05><59>La squadra di Loran si è<05> unita a te!! Lo Zaffiro di<05> $1 ha brillato!!<5A><05><05>*.122<05><40>20<05>
027E	“Con la mia magia sarò<05> sicuramente utile a Loran”<05>
0280	&20<05>“Quel Loran ha detto che più<05> avanti è pericoloso e di<05> non far passare nessuno...<05><5E><05> Non serviva dirlo tanto<05> nessuno esce di qui”<05>
0282	“Ti dico che è pericoloso.<05> Vuoi andare lo stesso?”<05>%1<05>
0284	“Nella città vicina,<05> Grachesca, pare che il bere<05> sia una meraviglia.<05><5E><05> Ma se i mostri li attaccano<05> non è il momento, direi”<05>
0286	“Già, in tempi come questi è<05> meglio restare tranquilli a<05> casa!”<05>
0288	“Albani, quartiere dei<05> negozi”<05>
028A	“Interrato 1: Locanda<05><05>   Hotel La Tana<05>    Dormi da questa parte”<05>
028C	“I feriti aumentano. Non uscite<05> dal villaggio senza<05> abbastanza forza<05>            Il direttore”<05>
028E	“Da quando i mostri girano<05> intorno al villaggio non<05> vado più a bere.<05><5E><05> Vorrei andare a Grachesca,<05> qui accanto a bere fino a<05> scoppiare”<05>
0290	“Ah, ora che ci penso, l'altro<05> giorno un mostro fortissimo<05> con due ragazze in braccio<05> volava oltre Grachesca”<05>
0292	“Anche tu sei venuto a<05> Grachesca a bere? Hic! Che<05> bella città, eh”<05>
0294	“Urp, ho bevuto troppo. Mi<05> sento male”<05>
0296	“Soldato, non vuoi bere con<05> noi?”<05>%1<05>
0298	“Che maniaco!”<05>
029A	“Che rigido che sei!!”<05>
029C	“Che felicità, che felicità”<05>
029E	“Ehi! Noi due ci stiamo<05> divertendo e vieni a<05> disturbare? Che<05> maleducato!”<05>
02A0	“Tesoro<5B>, ma quando<05> arriviamo a casa tua<5B>?”<05>
02A2	“Ehiii, già a casa?<05><5E><05> Devi goderti di più la città<05> di Grachesca. Non ti la-scio<05> an-da-re”<05>
02A4	“Un altro locale! Andiamo!!<05> Vieni anche tu<5B>!!”<05>
02A6	“Oh, giovanotto, ti coccolo<05> per bene. Vuoi bere<05> qualcosa al mio locale?”<05>%1<05>
02A8	“Allora seguimi!!”<05>*25<05>
02AA	“Hmpf, e va bene!”<05>
02AC	.<4C>1<05>“Prima beviamo questo...<05><5E><05> Dimmi, non ti interessa una<05> donna matura?”<05>%4<05> Le prendi la mano<05> Le tocchi la gamba<05><05> Non mi interessa<05>
02AE	.<4C>6<05>.!<4C>7<05>“Ehi ehi, seguimi”<05>
02B0	.!<4C>6<05>.<4C>7<05>“Ihih, seguimi”<05>
02B2	.<4C>6<05>.<4C>7<05>“Però, che tipo.<05><5E><05> Seguimi”<05>
02B4	.!<4C>6<05>.!<4C>7<05>“Ah, capisco...”<05>
02B6	“Uh, sei ingenuo...”<05><5E><05><05>/5<05><49>139<05><59>5<47> pagati<5A><05><05><05><5E><05>“Non prenderla sul serio!”<05>
02B8	“Ah, mi fai il solletico”<05><5E><05><05>/8<05><49>139<05><59>8<47> pagati<5A><05><05><05><5E><05>“Nel locale non si va oltre”<05>
02BA	“...................<05> ...................<05><5E><05>Sei giovane ma bravo...”<05><5E><05><05>/12<05><49>139<05><59>12<47> pagati<5A><05><05><05><5E><05>“Potrei prenderla sul<05> serio...”<05>
02BC	“Uffa, torna a trovarmi!”<05>
02BE	“Da quando i mostri<05> compaiono perfino qui se<05> non bevo non ce la<05> faccio<5B>!!”<05>
02C0	“Accidenti! Anch'io vorrei una<05> ragazza da farmi rapire, no!<05> Maledizione<5B>!!”<05>
02C2	“I miei genitori vanno sempre<05> a bere e non tornano più.<05> Rischio di diventare un<05> teppista...”<05>
02C4	“Mamma, torna presto<5B>”<05>
02C6	“Non parlarmi. Sto litigando!<05><5E><05> Mio nonno mi ha detto che il<05> padrone dell'Harem in fondo<05> è un brav'uomo”<05>.<4C>2<05>
02C8	“Uffa, quello che ho davanti<05> non capisce niente!<05><5E><05> Il padrone dell'Harem è uno<05> dei mostri. Si dice che<05> ultimamente giovani<05> sacerdotesse vengano<05><5E><05> rapite ovunque!<05><5E><05> Secondo me il colpevole è il<05> padrone dell'Harem”<05>.<4C>3<05>
02CA	“Accidenti per oggi può<05> bastare”<05>
02CC	“Me la pagherai”<05>
02CE	&30<05>#3<05>“Ah, che disastro il locale è<05> tutto a soqquadro.<05><5E><05> Vi prego, mettetevi in mezzo<05> e fermate la rissa”<05>
02D0	&30<05>#<4C>4<05>“Grazie mille ...Ah! Quei due<05> se ne sono andati senza<05> pagare.<05><5E><05> Maledetti!”<05>
02D2	#<4C>4<05>“Un locale chic come questo<05> ogni tanto ci sta, no?”<05>
02D4	#<4C>5<05>“Meno male che non hai<05> baciato quella donna.<05><5E><05> È un famoso travestito”<05>
02D6	“Te lo dico chiaro: la donna<05> che stavi baciando...<05><5E><05> è un famoso travestito”<05>*231<05>
02D8	#3<05>“Presto, ferma quella lite!”<05>
02DA	“Oh<5B>! Che uomo forte!! Mi hai<05> fatto perdere la testa.<05><5E><05> Baciami, baciami!!”<05>.<4C>4<05>.33<05>%1<05>
02DC	<49>255<05><49>193<05>“Smack<5B><5B><5B><5B><5B><5B><5B><5B>”<05><05>*.232<05><5E><05>“Mmh<5B>mm, agrodolce!”<05>.<4C>5<05>
02DE	“Uffa! Che uomo freddo!!”<05>
02E0	&30<05>“Lo sai? C'è uno che<05> raduna giovani donne e si<05> fa un harem.<05><5E><05> Chissà come le porta là. Non<05> ti sembra sospetto?”<05>
02E2	“Lo sai? Dicono che il<05> padrone dell'Harem sia in<05> realtà un bravo tipo.<05><5E><05> Ah, lo sapevi già...”<05>
02E4	“Hai sentito dell'Harem?”<05>%1<05>
02E6	“Sembri il tipo che vorrebbe<05> farsi un harem, eh”<05>
02E8	“Uhuhuh, non te lo dico!”<05>
02EA	&30<05>“Che invidia!<05><5E><05> Chi si fa un harem deve<05> essere davvero un tombeur”<05>
02EC	“Che invidia!<05><5E><05> Ma anche chi si fa un harem<05> non avrà solo cose belle,<05> immagino”<05>
02EE	&30<05>“Cosa? Hanno rapito una<05> donna? Sarà finita<05> nell'Harem, no? Non ho<05> prove, però”<05>
02F0	“In fondo anche il padrone<05> dell'Harem non sarà poi<05> così cattivo, no? Non ho<05> prove, però”<05>
02F2	“Che canzone vuoi?”<05>%5<05> Grachesca a notte fonda<05> Grachesca al tramonto<05> Grachesca malinconica<05> Viaggio all'Harem<05> Nessuna richiesta<05>
02F4	<49>255<05><49>156<05>“Lalala<5B> Grachesca<5B> Di notte<05> è tutto buio<5B> Ah<5B>, chissà<05> perché, che strano<5B>”<05><5E><05>“In realtà l'ho inventata<05> ora”<05>
02F6	<49>255<05><49>157<05>“Il sole cala su Grachesca<5B><05> La città accende le luci, fufu<05> fufufu fufu fu fufufu”<05><5E><05>“In realtà non ricordo il<05> testo”<05>
02F8	<49>255<05><49>158<05>“Ahhh malinconia<5B><5B><5B>!”<05><5E><05>“In realtà la canzone è solo<05> questa”<05>
02FA	<49>255<05><49>159<05>“Ah<5B>, che bello l'Ha<5B>rem.<05> Nessuno c'è ancora stato<5B><05> Vorrei andare all'Harem<5B><05> Ha<5B>, Harem, Harem”<05><5E><05>“L'ho imparata da un<05> viandante venuto da<05> ovest”<05>
02FC	“Uff<5B>! Che tirchio!!”<05>
02FE	“Uffa uffa uffa uffa.<05><5E><05> uffauffauffauffauffa.<05><5E><05> Sto smettendo di bere. Uffa<05> uffa uffa...<05><5E><05> Sei ancora qui?! Uffa...”<05>
0300	<42>2 3<05><42>1 2<05>“Deve essere questo<05> l'Harem...<05><5E><05><42>2 1<05> Elen è rinchiusa qui?...<05><5E><05><42>2 3<05> Comunque incontriamo il<05> padrone di questa villa”<05><42>1 1<05><40>24<05>
0302	“Siete viaggiatori?”<05>%1<05>
0304	“Allora sarete stanchi...<05> Riposate pure. Nella stanza<05> in fondo a destra al<05> secondo piano.<05><5E><05> I feriti li curiamo noi”<05><41>2 2 1<05>*32<05>
0306	“Volete un tè? Accomodatevi<05> nella stanza in fondo a<05> destra al secondo piano.<05><5E><05> I feriti li curiamo noi”<05><41>2 2 1<05>*32<05>
0308	“Benvenuti alla villa di<05> Orlov”<05>*33<05>
030A	“Orlov... È un uomo di nome<05> Orlov ad aver rapito<05> Elen!!”<05>
030C	“Ah... sono in pensiero per<05> Tifa. Starà bene?... Signor<05> Orlov, che ne pensa?...<05><5E><05> Oh! Erano ospiti. Scusate.<05> Accomodatevi pure”<05>
030E	“Benvenuti, accomodatevi”<05>*34<05>
0310	“...Strano... Per essere<05> donne rapite sono<05> stranamente sorridenti...”<05>
0312	“Benvenuti. Sto preparando<05> da mangiare.<05><5E><05><42>3 1<05> Ma il fornello non va bene e<05> non riesce...<05><5E><05> Su! Comportati bene!”<05>*41<05>
0314	“Oh oh...”<05>
0316	“Scusate, mi sto cambiando<05> ma per cortesia.<05><5E><05> Benvenuti alla villa di<05> Orlov”<05>
0318	“Dove saranno mai i miei<05> genitori...”<05>
031A	“Per un certo motivo ci<05> stiamo allenando a<05> combattere”<05>
031C	“Non avvicinatevi, è<05> pericoloso”<05>
031E	“Fate pure con comodo a<05> guardare”<05>
0320	“Quando penserà di partire il<05> signor Orlov...”<05>
0322	“Attendete in questa stanza”<05>*43<05>
0324	“Accidenti, siamo chiusi<05> dentro!”<05>
0326	#<4C>2<05>“Che situazione... Che si fa,<05> $1?”<05>*37<05>
0328	#<4C>3<05>“Potrebbe essere una<05> trappola! $1 Ah... credi<05> che io possa cadere in un<05> tranello così banale?”<05>
032C	“Forse non è di vostro<05> gusto ma vi ho portato un<05> piatto di pollo. Il signor<05> Orlov ne va matto...”<05>
032E	“Si è un po' bruciato...<05> Prego, mangiate.<05><5E><05> Il signor Orlov sta per<05> arrivare di sicuro”<05>.<4C>2<05>
0330	&25<05>“Vi piace?”<05><40>25<05>
0332	“Signor Orlov... ”<05>
0334	“Fate uscire il padrone di<05> questa villa! Sappiamo che<05> ha rapito Elen. Anche voi<05> siete state rapite, vero?<05><5E><05> Sconfiggerò questo Orlov io<05> stesso!”<05>
0336	“No! Che assurdo malinteso.<05> Noi tutte siamo senza<05> famiglia...<05><5E><05><42>5 0<05> Stavamo per morire di fame<05> quando il signor Orlov ci ha<05> raccolte e cresciute.<05><5E><05><42>5 2<05> Ma in città lo invidiano<05> perché è ricco e lo<05> accusano. Una persona così<05> gentile...”<05>
0338	<42>5 0<05>“Ah... signor Orlov!”<05>
033A	“Benvenuti... tutti voi.<05><5E><05> Viaggiare in luoghi come<05> questi deve essere<05> successo qualcosa di<05> grave...<05><5E><05> In realtà anch'io ho<05> intenzione di partire<05> presto perché...<05><5E><05> Accolgo e cresco ragazze<05> senza famiglia ma...<05><5E><05> una di loro, Tifa, è stata<05> rapita da dei mostri!”<05>
033E	“Anche noi cerchiamo delle<05> donne rapite. La gente della<05> città ci ha detto che questa<05> villa è sospetta e siamo<05><5E><05> venuti...<05><5E><05><42>2 3<05> ma pare che ci fossimo<05> sbagliati”<05>.<4C>3<05>
0340	“Ho capito subito che<05> cercate delle donne...<05><5E><05> Quel diadema che portate...<05> è un oggetto da donna.<05><5E><05> Che ne dite? Se il viaggio<05> ha lo stesso scopo unite le<05> forze con noi?”<05>+1<05>
0344	“Grazie.<05><5E><05> Allora festeggiamo: pollo per<05> tutti!<05><5E><05><42>5 2<05><42>4 3<05> Su, portate altri piatti!”<05><5E><05><05><59>La squadra di Orlov si è<05> unita a te! Lo Zaffiro di $1<05> ha brillato!!<5A><05><05>*.122<05><40>26<05><46>13 3<05><46>14 9<05><46>15 21<05><46>16 22<05><46>17 23<05><46>18 24<05><5E><05>“Ehi, non sento odore di<05> bruciato?”<05><05><05><05>*38<05>
0346	“Ma il nemico è una banda<05> misteriosa. Da soli non ce<05> la faremo... Vi prego,<05> combattete con noi”<05>-2<05>
0348	“Disastro!! Un incendio!! Il<05> fornello della cucina ha<05> preso fuoco!”<05>
034A	“C-cosa!!”<05>
034C	“Bene, allo spegnimento ci<05> penso io!<05><42>2 1<05> $1, metti in salvo le<05> donne!”<05>
034E	“Ah, il signor Orlov non<05> c'è!”<05>
0350	“Aaah, il signor Orlov è alla<05> finestra di sinistra del<05> secondo piano!”<05>
0352	“Quest'anello di lapislazzuli<05> volevo assolutamente<05> portarlo via... Meno male,<05> meno male...”<05><40>30<05>
0354	“Ah, anche la villa è<05> bruciata. Sarà il volere del<05> cielo che io cerchi con voi<05> Tifa, la rapita.<05><5E><05> Su, andiamo a Grachesca a<05> prepararci per il viaggio...”<05>*178<05>
0356	“Ah, meno male, signor<05> Orlov”<05>
0358	“Da ora anche noi siamo<05> compagni di $1 Vi prego,<05> prendetevi cura di noi”<05>
035A	“Che siamo tutti sani e salvi è<05> una fortuna in mezzo alla<05> sventura...”<05>
035C	#<4C>3<05>“Questo villaggio si chiama<05> Milton. È sotto la protezione<05> del lapislazzuli”<05>
035E	“Ehi, ti sono cresciute le<05> gambe?<05><5E><05> Come? Sono stivali segreti?<05> Non me n'ero accorta”<05>
0360	&33<05>“A Milton, per divertirsi c'è<05> solo il bar Milton”<05>
0362	#!<4C>3<05>“Oh, sei irriconoscibile. Così<05> nessuno se ne accorge”<05>
0364	.<4C>3<05>“Sei un bell'uomo ma sei un<05> po' bassino.<05><5E><05> Prova a metterti questi”<05><5E><05><05><49>255<05><49>155<05><59>$1 ha ricevuto gli stivali<05> segreti<5A><05><05>
0366	#<4C>3<05>“Ultimamente mi sembra che la<05> protezione del lapislazzuli<05> si sia indebolita...<05><5E><05> Ma sarà solo<05> un'impressione”<05>
0368	“Fufu. Non me ne sono<05> accorta affatto”<05>
036A	#<4C>3<05>“Ora vado al bar Milton.<05><5E><05> Lì il sake è buonissimo e<05> finisco sempre per bere<05> troppo”<05>
036C	“$1, eri alto. Non sembra<05> affatto innaturale”<05>
036E	#<4C>3<05>“L'altro giorno dei mostri<05> andavano verso la città di<05> Dalbia. Li abbiamo visti<05> nascosti, tutti insieme”<05>
0370	“Oh non ci siamo accorti di<05> niente!”<05>
0372	“Il sake del bar Milton è<05> buono, vero?”<05>%1<05>
0376	#<4C>3<05>“Sei venuto fino a Milton e<05> non bevi il sake di qui? Che<05> stupido”<05>
0378	“Sei venuto fino a Milton e<05> non bevi il sake di qui? Che<05> stupido.<05><5E><05> A proposito, non è affatto<05> innaturale”<05>
037A	#<4C>3<05>“Quello lo vado a comprare io<05> nella città di mare, Dalbia”<05>
037C	“Quello lo vado a comprare io<05> nella città di mare, Dalbia.<05><5E><05> A proposito, non è affatto<05> innaturale”<05>
037E	#<4C>3<05>“Milton è la città dove vive<05> la sacerdotessa del<05> lapislazzuli.<05><5E><05> Ma la sacerdotessa del<05> lapislazzuli di solito non<05> ha una chiesa e la sua fama<05> si tramanda in sordina.<05><5E><05> Dove sia, nemmeno io lo so.<05> Ah ah”<05>
0380	“Ti sta proprio bene.<05><5E><05> No, niente Oh oh oh”<05>
0382	#<4C>3<05>“Ehi, signora! Non sono più<05> bello io?<05><5E><05> ...fai un po' attenzione a<05> me<5B>!”<05>
0384	“Uhi<5B><05><5E><05> Credevo fosse Jumbo Max e<05> invece sei $1”<05>
0386	#<4C>3<05>“Però, che bel tipo<5B> C'era<05> uno così bello in città?”<05>
0388	“Sei irriconoscibile. Non me<05> ne sono accorta”<05>
038C	#!<4C>1<05>“Filis... Tifa e poi Elen...<05><5E><05> I mostri hanno rapito tre<05> sacerdotesse ma per fare<05> cosa...<05><5E><05> ...... Hic ...... Che cosa<05> vogliono fare?”<05>
038E	&30<05>“$1, Elen e Filis sono<05> sicuramente nell'Harem.<05><5E><05> Non è troppo tardi. Torniamo<05> indietro verso l'Harem?”<05>
0390	“Avevo sospettato di Orlov...<05> Ero fuori di me.<05><5E><05> Orlov, perdonami.<05><5E><05> ...... Hic! ......”<05>
0392	#<4C>3<05>“A quanto pare oggi ho<05> bevuto troppo...”<05>
0394	“Ah non me ne sono<05> accorto, $1”<05>
0396	&!33<05>“Sarà l'ubriachezza ma $1<05> mi sembra più alto...<05><5E><05> No no, non me ne accorgo”<05>
039C	“In realtà anche la rapita<05> Tifa è figlia di una<05> sacerdotessa.<05><5E><05> Sua madre era la<05> sacerdotessa di questa<05> città ma è morta molto tempo<05> fa e da allora mi sono<05><5E><05> occupato io di lei...<05><5E><05> ...... Hic ......<05><5E><05> Ah, guardate questo. Non<05> potevo perderlo<05> nell'incendio...<05><5E><05>+1<05>
039E	L'anello che si tramanda<05>nella famiglia di Tifa: il<05>lapislaz... Hic ......<05><5E><05>Lapis... Hic!...... anzi.<05><5E><05>È l'anello di lapislazzuli<05>della famiglia di Tifa”<05>.<4C>1<05>
03A0	#<4C>3<05>“Oggi ho bevuto troppo,<05> davvero...”<05>
03A2	“Aaaah $1! Sono io! Ci siamo<05> visti a Grachesca la<05> trans-sexy tutta per te!<05><5E><05>#!<4C>3<05> Anche da alto sei<05> splendido, $1! Ma no, non<05> ci hai notata<05>+1<05>
03A4	*.212<05>Ti ho seguito fino a qui non ti<05>la-scio più”<05><44>3<05>.<4C>2<05>
03A6	#<4C>3<05>“Oggi sto alla grande<05>   Il sake è squisito.<05> Per bere, vieni<05>         al bar Milton”<05>
03A8	“Oggi sto alla grande<05>   Non ci siamo accorti!<05> Per bere, vieni<05>         al bar Milton”<05>
03AA	#12<05>“Eh?”<05>
03AC	“Capo! Buongiorno”<05>
03AE	“Ehi, di là ci vai tra dieci<05> anni!”<05>
03B0	#12<05>“Mmh. In effetti è un distintivo<05> di membro.<05><5E><05> E va bene, entra”<05>
03B2	“Capo! Prego!”<05>
03B4	#12<05>“Il distintivo ce l'hai ma.<05><5E><05> le donne non sono<05> ammesse”<05>
03B6	“Capo! La prossima volta<05> senza donne, per favore”<05>
03B8	“Oh! Tu parli con le mucche!<05><5E><05><42>2 0<05> Ah, il sogno di conquistare<05> il mondo si avvererà<05> finalmente?<05><5E><05><42>2 2<05> Comunque, vieni qui!”<05>
03BA	“Questo è il nostro Boss. Mi<05> raccomando, niente<05> mancanze di rispetto.<05><5E><05> Quando l'ho incontrato per<05> la prima volta mi è bastato<05> guardarlo negli occhi.<05><5E><05> 'Costui è colui che può<05> conquistare il mondo Costui<05> sarà il nostro Boss' ho<05> pensato.<05><5E><05>+1<05>
03BC	E così per ora l'abbiamo<05>portato qui ma purtroppo<05>non capiamo la sua lingua.<05><5E><05>Il Boss ci ha parlato più<05>volte ma nessuno capisce e<05>non sappiamo cosa fare<05>siamo davvero disperati.<05><5E><05>Guarda gli occhi del Boss”<05>
03BE	“Non mi piace qui<5B><05> Riportatemi subito in<05> campagna<5B><05><5E><05> Eh? Conquistare il mondo?<05> Che roba è?<05><5E><05> Il mio sogno è mangiare<05> fino a scoppiare erba<05> fresca<5B>”<05>*226<05>
03C0	“Cosa? Non voleva<05> conquistare il mondo?<05><5E><05> Assurdo, era una semplice<05> mucca.<05><5E><05> Ma senza il Boss noi...<05><5E><05> Ecco, maestro $1!”<05>
03C2	“Ah<5B> Che classe, Boss!<05> Magnifico! Davvero<05> rassicurante.<05><5E><05> Anche noi ci impegneremo<05> per il sogno di conquistare<05> il mondo.<05><5E><05> Se passate da queste parti<05> fateci un fischio”<05>*.16<05>#92<05>
03C4	<5E><05>“Ora vi consegno la 'Prova<05> del Boss' Provatela in un<05> luogo poco affollato”<05><5E><05><05><59>Hai ottenuto la Prova del<05> Boss<5A><05>*.236<05><05>
03C6	“Prima avevate lo zaino<05> pieno perciò non ve<05> l'avevo data.<05><5E><05> Vi consegno la 'Prova del<05> Boss' Provatela in un luogo<05> poco affollato”<05><5E><05><05><59>Hai ottenuto la Prova del<05> Boss<5A><05>*.236<05><05><05>
03C8	“Ah, sei ancora un pivello”<05>
03CA	“Che cattiveria, $1!”<05>
03CC	“Fratello<5B>, non scherzare<5B>”<05>
03CE	“Uffaa<5B><5B><5B><5B>”<05>
03D0	“Ah”<05>
03D2	“Mi raccomando, niente<05> mancanze di rispetto”<05>
03D4	“Vorremmo tanto che<05> diventassi il nostro Boss”<05>+1<05>
03DA	“Eh<5B>, è inutile rifiutare.<05> Conosciamo lo svolgimento<05> del gioco.<05><5E><05> Massacro dopo massacro!<05> Combatti senza pietà! Non<05> sembra proprio uno in<05> cerca di qualcuno.<05><5E><05> Abbiamo fiducia in te, $1, e<05> ti preghiamo. Ti prego!<05> Diventa il nostro Boss!”<05>-2<05>
03DC	.12<05>“Davvero? Grazie. D'ora in<05> poi ti chiameremo Boss!<05><5E><05> Subito, Boss! Vorremmo<05> vedere la tua abilità.<05><5E><05> Rapisci per noi una donna<05> di nome Filis della città di<05> Astholm.<05><5E><05> Ce la fai subito?”<05>
03DE	<49>255<05><49>198<05>La Prova del Boss non si può<05>usare qui<05>
03E0	“Kyaa! Sekol!”<05>
03E2	“Eheh, scusa. Mi prendo la<05> sacerdotessa dello<05> Zaffiro!”<05>
03E4	<59>Di Filis è rimasto solo il<05> diadema di Zaffiro...<05><5E><05>Illuminato dalla luce della<05>luna lo Zaffiro sembrò<05>brillare per un istante...<5A><05>
03E6	“Ehi, Sekol... Da piccoli, noi<05> due siamo andati alla festa<05> dello Zaffiro ti ricordi?”<05>%1<05>
03E8	“Ihih... Da allora Sekol non<05> mi sembra cambiato per<05> niente...”<05><05>
03EA	“Quello che disse allora<05> Sekol me lo ricordo tutto...”<05><5E><05><59>Filis è un po' offesa<5A><05>
03EC	“Scusa! Hai aspettato? Sono<05> venuta ancora con l'abito<05> del rito perché volevo<05> mostrartelo...<05><5E><05> Guarda, sono carina, vero?”<05>
03EE	“Ultimamente in ogni posto<05> l'economia va male. Andando<05> a ovest da qui c'è una città<05> chiamata Dalbia dove i<05><5E><05> prezzi sono alti e vivere è<05> difficile”<05>
03F0	“Questa è Dalbia. Anche tu<05> vuoi partire passando per il<05> tunnel sottomarino?”<05>
03F2	&36<05>“Tsk, per un po' il tunnel<05> sottomarino non si potrà<05> attraversare”<05>
03F4	“Il tunnel sottomarino è<05> attraversabile? Beh, l'hanno<05> fatta bene”<05>
03F6	“Per andare più avanti non<05> c'è altro che il tunnel<05> sottomarino”<05>
03F8	&36<05>“Io sono un vagabondo... ma<05> qui il cammino finisce!”<05>
03FA	“Io sono un vagabondo... ma<05> ogni tanto vivere tranquillo<05> in un posto è una bella<05> cosa!”<05>
03FC	&36<05>“Da queste parti il tunnel<05> sottomarino è chiuso al<05> transito e il prezzo del cibo<05> è salito.<05><5E><05> Vivere è diventato duro”<05>
03FE	“Da queste parti il tunnel<05> sottomarino è chiuso al<05> transito e il prezzo del cibo<05> è salito.<05><5E><05> Come, vi fanno passare per<05> il tunnel sottomarino? Allora<05> potrei chiedervi di fare la<05> spesa”<05>
0400	“Il permesso di passare per<05> il tunnel sottomarino lo<05> decide il grande mercante<05> Borne”<05>
0402	#26<05>“Borne non ci fa passare<05> per il tunnel perché vuole<05> alzare i prezzi del cibo che<05> importa. Che canaglia!!”<05>
0404	“Pare che Borne, un tempo,<05> abbia chiesto soldi a un<05> ricco che vive vicino a<05> Grachesca per scavare il<05><5E><05> tunnel e costruire il suo<05> patrimonio.<05><5E><05> Ma non li ha ancora<05> restituiti e con quell'uomo<05> non può alzare la testa”<05>
0406	“Sembra che per andare<05> avanti non ci sia che il<05> tunnel sottomarino. Però è<05> chiuso al transito... Che<05><5E><05> facciamo, $1?”<05>
0408	&36<05>“Cosa? Vuoi passare per il<05> tunnel? Allora chiedilo al<05> signor Borne. Al signor<05> Borne”<05>
040A	“Il signor Borne ha aperto<05> il tunnel sottomarino?<05><5E><05> Mah, chissà com'è andata”<05>
040C	“Ah, mi manca mia madre<05> rimasta a Rutom...”<05>
040E	“Nei giorni senza lavoro non<05> c'è di meglio che oziare.<05> Anche tu, non fare quella<05> faccia seria oziare è la<05><5E><05> cosa migliore”<05>
0410	“Oltre il mare, dalle parti della<05> città di Rutom, il cielo<05> bruciava di rosso.<05><5E><05> Non sarà che i mostri<05> l'hanno distrutta...”<05>
0412	“Qui è la Borne Trasporti<05> Marittimi. Chi ha bisogno<05> salga al piano di sopra”<05>
0414	&36<05>“Il tunnel sottomarino non si<05> può passare per un po'”<05>
0416	“Ti hanno fatto passare nel<05> tunnel sottomarino? Che<05> sorpresa...”<05>
0418	&36<05>“Oltre al tunnel sottomarino<05> non c'è altro modo per<05> andare nella città vicina,<05> Rutom”<05>
041A	“Come, Borne ha aperto il<05> tunnel sottomarino? Che<05> sorpresa.<05><5E><05> Gli avevi prestato dei<05> soldi?”<05>
041C	&!36<05>“Se me lo avessi detto subito<05> ti avrei fatto passare $1,<05> sei un tipo cattivo”<05>
041E	&!34<05>“No, no, non si passa. Nel<05> tunnel sottomarino se porti<05> 1000000<47> è un'altra<05> storia”<05><40>36<05>*45<05>
0420	#26<05>“Sei tu quello che vuole<05> passare per il tunnel? No<05> no no! Non si passa! Chi non<05> ha soldi non passa.<05><5E><05> Sono un povero diavolo<05> che non riesce a<05> restituire nemmeno un<05> prestito.<05><5E><05> E vuoi rovinare l'unico<05> affare di un povero<05> vecchio? Demonio!!”<05>.26<05>
0422	“Il demonio se n'è andato,<05> se n'è andato!!”<05>
0424	“Eh eh, sei proprio un<05> furfante”<05>
0426	“Ah! Quel suo volto è...!?”<05>
0428	“Sono Orlov, quello che ti ha<05> prestato i soldi<5B>!!”<05>
042A	“S-subito! Vi concedo il<05> passaggio nel tunnel<05> sottomarinoooo!!”<05>
042C	“Che bello, che bello. Andate<05> avanti, io vi aspetto”<05>
042E	#26<05>“In realtà in questa città<05> dovrebbe abitare un uomo<05> che conoscevo da tempo”<05>
0430	“Ah ah, un certo Borne...<05><5E><05> Ho capito. Glielo chiederò<05> io”<05><40>34<05><44>3<05>
0434	*.137<05>#90<05>“Senza il permesso del signor<05> Borne nel tunnel sottomarino<05> non si passa”<05>
0436	“Anche con il distintivo di<05> membro senza il permesso<05> del signor Borne nel tunnel<05> sottomarino non si passa”<05>
0438	&37<05>“Ah, ma siete ospiti del<05> signor Borne $1, sei un<05> tipo cattivo”<05>*46<05><40>37<05>
043A	“Ti prego, basta<5B>”<05>*46<05>
043C	“Glu glu glu......”<05>
043E	<05><59>L'uomo affondò<5A><05>
0440	“Questo tunnel sottomarino è<05> del grande mercante Borne.<05> Chi lo usa senza permesso<05> le prende”<05>
0442	“Tunnel sottomarino: info<05><05>   Amata da tutti<05>     <59>Borne Trasporti<5A>  ”<05>
0444	“Dicono che Rutom sia una<05> bella città con tanto cibo<05> squisito...<05><5E><05> Ora che ci penso,<05> ultimamente non se ne<05> parla. Chissà cosa<05> succede”<05>
0446	&36<05>“Ora che ci penso, è da un<05> po' che non mangio i piatti<05> di Rutom...<05><5E><05> Ah, voglio andare a Rutom, a<05> Rutom! Ah, voglio andare a<05> Rutom, a Rutom! Ah, voglio<05> andare a Ru<5B>tom.<05><5E><05> Capisci come mi sento?”<05>
0448	“Tu vai a Rutom? Che<05> invidia.<05><5E><05> Ah, voglio andare a Rutom, a<05> Rutom! Ah, voglio andare a<05> Rutom, a Rutom! Ah, voglio<05> andare a Ru<5B>tom.<05><5E><05> Voglio andarci anch'io!”<05>
044A	&36<05>“Ti dico una cosa, ma resta<05> tra noi ultimamente dal<05> tunnel sottomarino ogni notte<05> si sentono lamenti umani.<05><5E><05> Che storia spaventosa,<05> brrr”<05>
044C	“Ti dico una cosa, ma resta<05> tra noi ultimamente dal<05> tunnel sottomarino ogni notte<05> si sentono lamenti umani.<05><5E><05> Ti do un consiglio, non<05> pensare di passare per il<05> tunnel sottomarino, brrr”<05>
044E	“La nostra città, Rutom, è<05> stata attaccata e distrutta<05> dai mostri. Siamo scappati a<05> stento e ci siamo rifugiati<05><5E><05> in questo tunnel”<05>
0450	“Ti prego, prega per chi non<05> c'è più”<05>
0452	“Ho fame<5B>! Datemi qualcosa da<05> mangiare<5B>”<05>
0454	“Ora perfino il cibo per i<05> feriti scarseggia. Se<05> potessi, quel mostro lo<05> sistemerei subito!”<05>
0456	“Nella base dei mostri c'è<05> una signora vestita da<05> sacerdotessa prigioniera!<05> Io e i miei amici l'abbiamo<05><5E><05> visto!”<05>&!39<05>
045A	“Ehi tu! È vero?”<05>
045C	“Sì, è vero. Dicono che la<05> portano in un altro posto”<05>
045E	“$1, io vado avanti. Voi<05> seguitemi dopo!!<05><5E><05> Elen...... aspettami...”<05><40>39<05>
0460	“Qui i sani si contano sulle<05> dita. Io non sono ferito, ma...<05><5E><05> in realtà ho le emorroidi,<05> uffa”<05>
0462	“La mia casa e la mia<05> famiglia non ci sono più...”<05>
0464	<05>“Ahi ahi ahi, che male”<05>
0466	&39<05>“A quanto pare da queste<05> parti i mostri hanno<05> costruito una base.<05><5E><05> Chissà quale sia lo scopo.<05> Che cose orribili fanno...”<05>
0468	“Loran è andato da solo<05> alla base nemica? Male,<05> molto male. Gli sarà salito il<05> sangue alla testa.<05><5E><05> Dobbiamo seguirlo subito”<05>
046A	&39<05>“Dottore, so che è occupato<05> ma non mi lasci qui.<05><5E><05> Sono un ferito, io...”<05>
046C	“Uhi, ahi... Sono stato<05> spinto da un tizio<05> elegante che ha cambiato<05> sguardo...<05><5E><05> Io che sono ferito...”<05>
046E	“La città di Rutom è ridotta<05> come vedi. Un mostro con<05> due donne in vesti bianche<05> è arrivato all'improvviso e<05><5E><05> ha fatto piovere fulmini a<05> ripetizione.<05><5E><05> Maledetti! Che cosa abbiamo<05> fatto noi?!”<05>
0470	“In realtà qui doveva<05> esserci la casa mia e di<05> mio marito...<05><5E><05> Ah, caro... dove sei? Se<05> scherzi, esci subito...”<05>
0472	“Solo questo edificio si è<05> salvato dalla<05> distruzione...<05><5E><05> A proposito, di sotto c'era il<05> locandiere?”<05>%1<05>
0474	“Ah, mio padre sta bene.<05> Allora gestiva la locanda in<05> salute, no?”<05>
0476	“Ah, papà... Anche papà è<05> stato ucciso dai mostri”<05>
0478	“Tunn... sottom... info<05><05>   Am... da tu...<05>     <59>Bo...ti<5A>  ”<05>
047A	“Questa è Irondel. Da<05> quando i mostri hanno fatto<05> una base qui vicino<05> nessuno esce di casa”<05>
047C	“Tu con quella spada sei un<05> compagno dei mostri? Gente<05> pericolosa andate via<05> subito da questa città!”<05>
047E	“Poco fa dei tizi armati sono<05> piombati nella base dei<05> mostri. Che pazzi. Che<05> brutta storia!”<05>
0480	“Elen!!”<05>
0482	“............<05>Dove sono... In ospedale a<05>Irondel...<05><5E><05>Scusa, $1... ho agito<05>d'impulso...<05><5E><05>Quel mostro di fuoco non l'ho<05>scalfito...<05><5E><05>Fillossera... è il suo nome.<05><5E><05>Con il bastone di Smeraldo<05>potrei usare la magia...<05><5E><05>Il ghiaccio forse lo<05>sconfiggerebbe...”<05>
0484	“$1... non sottovalutare<05> Fillossera.<05><5E><05> Senza una magia potente<05> non puoi fargli nemmeno un<05> graffio”<05>
0486	&49<05>“In quella base ho visto<05> Elen! E anche Filis e Tifa!”<05>
0488	“Con la mia magia del<05> ghiaccio, Kurnas, forse lo<05> sconfiggo.<05><5E><05> Su, all'attacco della base!”<05>
048A	“Aspetta, $1<05><5E><05> ...Vengo anch'io”<05><40>43<05>
048C	“La gente della città è<05> commossa dal vostro<05> coraggio di sfidare il<05> nemico. Ormai non c'è più<05><5E><05> nessuno che taccia”<05>
048E	&43<05>“Che gente sconsiderata”<05>
0490	“Loran, già riesci a<05> camminare! Che guarigione<05> miracolosa”<05>
0492	“Ah<5B>, il vostro coraggio mi<05> ha davvero conquistato.<05> Stringetemi la mano”<05><5E><05><05><59>$1 e gli altri gli hanno<05> stretto la mano<5A><05><05><05>
0494	&52<05>“Ehi, tornati vivi! Un<05> miracolo, un miracolo!!”<05>
0496	“Avete sconfitto i mostri?<05> Altro che miracolo!!”<05>
0498	“Grazie a Loran tutta la città<05> ci chiede di stringerci la<05> mano.<05><5E><05> Per il bene di questa gente<05> dobbiamo sconfiggere<05> presto Fillossera”<05>
049A	&44<05>“Anche tra i miei amici c'è<05> uno coraggioso! Si chiama<05> Marle...<05><5E><05> È entrato di nascosto in<05> quella base e ha trovato<05> una signora!<05><5E><05> Lei gli ha affidato un<05> bastone con una pietra<05> verde!!<05><5E><05> Forse Marle gioca a<05> nascondino in piazza”<05>*50<05>
049E	“È il bastone di Smeraldo di<05> Elen! Bene, cerchiamo<05> questo Marle”<05><40>44<05>
04A0	&44<05>“Pro<5B>n<5B>to<5B><5B><5B>?”<05>
04A2	&45<05>“Dove si saranno nascosti<05> tutti”<05>
04A4	&46<05>.37<05>*49<05>“Eh? Mi hanno trovato.<05> Credevo che con il<05> travestimento non mi<05> riconosceste”<05>
04A6	&49<05>“...Eh? Dov'è Marle?<05> Peccato, oggi non è venuto.<05><5E><05> Casa sua è un negozio di<05> attrezzi. Perché non provi a<05> passare?”<05>
04A8	“Evviva! Gente coraggiosa!<05> Stringimi la mano,<05> stringimi la mano!”<05>
04AA	&45<05>“Dove mi nascondo... ah! Mi<05> hanno trovato!”<05>.<4C>4<05>*51<05>
04AE	#<4C>1<05>*49<05>“Sono un albero... Sono un<05> albero, non parlarmi”<05>.36<05>.<4C>1<05>
04B0	“Mi hanno trovato... Pensavo<05> di essere un albero...”<05>
04B2	<40>46<05>“...Eh? Dov'è Marle?<05> Peccato, oggi non è venuto.<05><5E><05> Casa sua è un negozio di<05> attrezzi. Perché non provi a<05> passare?”<05>
04B4	&45<05>“Uh! Mi hanno trovato!”<05>.<4C>5<05>*26<05>
04B8	*49<05>“Uh! Mi hanno trovato!<05>.38<05><5E><05> Ero dietro un tipo grosso<05> pensavo di non essere<05> visto”<05>
04BA	“Fratello, sei bravo a<05> trovarci. Ora giochiamo a<05> nascondino in tutta la città!<05> Fratello, ora sei tu che<05><5E><05> conti”<05>
04BC	“Pro<5B>n<5B>ti<5B><5B>!”<05><40>45<05>
04BE	&46<05>“Zzz... mmm mmm...”<05>
04C4	“Mmm mmm...<05><5E><05> Chi siete, signori?”<05>
04CA	“Uaaa! Uaaa!”<05>
04CC	“Uè... hic...<05><5E><05> Quel signore mi fa i dispetti,<05> non mi piace...”<05>
04CE	“Uè... hic...<05><5E><05> Mio fratello è andato in<05> ospedale a cercare gente<05> coraggiosa, hic!”<05>
04D0	“Sei Marle, vero? Dov'è il<05> bastone? Dammelo!”<05><40>47<05>
04D2	“Sono io Marle, vero?”<05><40>49<05>
04D4	“$1, che succede?<05><5E><05> Come? Hai fatto piangere il<05> bambino che ha il bastone<05> di mia sorella? Loran, sei<05> incorreggibile...<05><5E><05> Lascia che mi occupi io del<05> bambino”<05><40>48<05>
04D6	&!52<05>“Avete sconfitto i mostri.<05> Siete davvero gente<05> coraggiosa”<05>
04D8	&!50<05>“Gente coraggiosa, fatevi<05> forza!”<05>
04DA	“Vi cercavo! Ero sicuro che<05> foste qui.<05><5E><05> Questo bastone me l'ha<05> affidato una signora, Elen,<05> dicendo di darlo a un<05> certo Loran...”<05><5E><05>*.16<05>#92<05>“Ma avete lo zaino pieno<05> non posso darvelo”<05>
04DC	<05><49>255<05><49>218<05>*.236<05><59>Hai ottenuto il bastone di<05> Smeraldo Loran può usare<05> la magia!<5A><05><05><40>50<05>*57<05>
04DE	“Il potere sacro del bastone<05> di Smeraldo ci guiderà di<05> sicuro da mia sorella”<05>
04E0	“Accidenti! Mi hanno trovato”<05>*78<05>
04E2	“Al ladro! Al ladro!”<05>
04E4	“Cari bambini, non fate<05> chiasso in piazza”<05>
04E6	&52<05>“Volete tornare alla base<05> dei mostri?<05><5E><05> Lasciate stare quelli vi<05> stanno tendendo<05> un'imboscata!”<05>
04E8	“Avete sconfitto quei mostri?<05><5E><05> Sapevo che non eravate<05> gente comune ma davvero<05> siete coraggiosi!”<05>
04EA	&52<05>“Anche le ragazze chiuse<05> nella base avranno una<05> famiglia.<05><5E><05> Da qualche parte<05> sicuramente soffrono”<05>
04EC	“Dove vorranno portare<05> quelle ragazze i mostri?<05> Poverette”<05>
04EE	&52<05>“Nella base dei mostri qui<05> vicino hanno portato tre<05> ragazze.<05><5E><05> Dicono che se tardano le<05> portano altrove”<05>
04F0	“Pare che le ragazze della<05> base dei mostri siano state<05> portate via...<05><5E><05> Da quella direzione le<05> avranno portate alla<05> Muraglia di Banyuls?”<05>
04F2	&52<05>“Nella base nemica c'è poco<05> spazio quindi combatterà<05> solo il capitano.<05><5E><05> Sarà una battaglia dura...”<05>
04F4	“Li avete sconfitti in tre?!<05> Incredibile...<05><5E><05> Beh, altrimenti non sareste<05> capitani”<05>
04F6	“L-Loran... Ma è terribile.<05><5E><05> Ritiriamoci per ora a<05> Irondel”<05>+1<05>
04FA	“Su, $1, sbrighiamoci”<05><40>42<05>
04FC	“$1, ora la cosa più<05> urgente è aiutare Loran.<05> Su, ritiriamoci”<05>-2<05>
04FE	“Argh!...... Elen...... Elen!”<05>
0500	“Aiuto, aiutatemi!”<05>
0502	&!51<05>“Siete tornati, sciocchi...<05> Fatevi pure avanti quante<05> volte volete. Da qui non<05> passerete nemmeno di un<05><5E><05> passo!”<05>
0506	“Fufufu. Siete un po' in<05> ritardo!<05><5E><05> Le ragazze sono già state<05> portate da Lui!<05><5E><05> In ogni caso, voi non farete<05> un passo oltre!”<05>
0508	“Stolti... Il mondo presto<05> sarà nostro...<05> ......Gwahahaha......”<05><5E><05><05><59>Fillossera è morto...<5A><05><05><05><40>52<05>
050A	“Quel tizio una volta gestiva<05> una locanda da queste<05> parti. Ora che i mostri se ne<05> sono andati vuole<05><5E><05> riaprirla.<05><5E><05> Ma verranno davvero<05> clienti?”<05>
050C	&57<05>“Ah ah, nel nostro villaggio<05> di Susandna è da quanti<05> anni che un giovane non ci<05> fa visita?”<05>
050E	&60<05>“Questo villaggio è<05> Susandna, villaggio di<05> petrolio e di povertà. Un<05> giovane che ci visita è da<05><5E><05> quanti anni che non<05> succede?”<05>
0510	“Questo villaggio è<05> Susandna, ricco dell'umidità<05> dell'oasi.<05><5E><05> Ora che abbiamo acqua e<05> petrolio vorrei che giovani<05> dal cuore ardente<05> rinnovassero il villaggio”<05>
0512	&57<05>“Il pozzo del villaggio è<05> secco”<05>
0514	&60<05>“Il petrolio esce dal<05> terreno, eh”<05>
0516	“$1, l'oasi è proprio una<05> bella cosa, eh”<05>
0518	“Tu sei mio figlio Penta!<05> Penta, vero? Guarda bene!<05> Io sono tuo padre, Scapan!<05> Che gioia, che gioia!”<05>
051A	“Hai incontrato il vecchio<05> Scapan?”<05>%1<05>
051C	“Questo è un villaggio<05> spopolato. Anche il figlio di<05> Scapan ha lasciato il<05> villaggio. Come far tornare i<05><5E><05> giovani?”<05>
051E	“Beh, se incontri quel vecchio<05> capirai quanto sia<05> spopolato questo<05> villaggio”<05>
0520	&66<05>“Cerchi i mostri? Allora è la<05> Muraglia di Banyuls.<05><5E><05> Lì da poco si sono insediati<05> dei mostri”<05>
0522	“Siete voi che avete<05> cacciato i mostri dalla<05> Muraglia di Banyuls?<05><5E><05> Siete davvero in gamba”<05>
0524	&57<05>“Ai confini del deserto da<05> sempre c'è una grande<05> fortezza la Muraglia di<05> Banyuls.<05><5E><05> Grazie a lei noi del deserto<05> vivevamo in pace.<05><5E><05> Ma da un po' di tempo ci<05> sono dei mostri e hanno<05> distrutto anche il pozzo del<05> villaggio”<05>
0526	&66<05>“L'oasi va bene ma finché i<05> mostri girano qui intorno<05> non c'è vecchiaia serena”<05>
0528	“Ultimamente i mostri mi<05> sembrano diminuiti o è solo<05> un'impressione?”<05>
052A	&66<05>“In questo deserto vivono<05> persone che vagano con<05> tutta la città.<05><5E><05> Li chiamano il popolo di<05> Winga”<05>.<4C>7<05>
052C	“La città di Winga pare sia<05> completamente distrutta.<05> Che cosa sarà successo?”<05>
052E	&!60<05>“Ormai che siamo arrivati<05> dobbiamo incontrare il<05> popolo di Winga e farci dire<05> come entrare nella<05><5E><05> Muraglia”<05>
0530	&!59<05>“Dopo la scorta per lo scavo<05> del pozzo, ora lo scavo di un<05> canale? Beh, a viaggiare a<05> lungo ne capitano di tutti i<05><5E><05> colori”<05>
0532	“Hai sentito parlare del<05> popolo di Winga?”<05>%1<05>
0536	“Anch'io non lo so e sono in<05> difficoltà”<05>
0538	“Un popolo che vaga nel<05> deserto con tutta la città...<05><5E><05> Se Tifa e le altre sono<05> prigioniere nella Muraglia,<05> forse dovremmo incontrarli.<05><5E><05> Il popolo di Winga potrebbe<05> conoscere un modo per<05> entrare nella Muraglia...”<05>
053A	&53<05>“Per incontrare il popolo di<05> Winga serve il sigillo di<05> Winga. Ce l'ha l'anziano di<05> questo villaggio”<05><40>53<05>
053C	&66<05>“Già, il popolo di Winga forse<05> conosce il modo per entrare<05> nella Muraglia”<05>
053E	“Anche voi, così giovani,<05> sembrate aver sofferto<05> molto.<05><5E><05> Preghiamo anche noi qui che<05> troviate le persone che<05> cercate. Fatevi coraggio”<05>
0540	&60<05>“Il popolo di Winga non si<05> mostra nemmeno a chi non<05> ha il sigillo di Winga, segno<05> di amicizia”<05>
0542	&66<05>“Il popolo di Winga è<05> orgoglioso del proprio<05> coraggio.<05><5E><05> Sarà molto amareggiato che<05> dei mostri si siano insediati<05> nella Muraglia”<05>
0544	“Uhm, avete inseguito una<05> ragazza rapita fino alla<05> Muraglia di Banyuls.<05><5E><05> Come siete riusciti a<05> entrare?”<05>
0546	&54<05>“Hai sentito, $1? Filis e le<05> altre sembrano essere alla<05> Muraglia di Banyuls.<05><5E><05> Ma la Muraglia di Banyuls è<05> circondata da mura alte e<05> solide...<05><5E><05> Come facciamo a entrare<05> nella Muraglia?!”<05>
0548	&59<05>“Elen... Io, capitano della<05> guardia di Segaltea, ho finito<05> per fare perfino la scorta<05> agli scavatori di pozzi...”<05>
054A	“Per sapere come entrare<05> nella Muraglia dovremo<05> incontrare il popolo di<05> Winga...<05><5E><05> Allora, finché non avremo il<05> sigillo di Winga scaveremo<05> petrolio, acqua qualsiasi<05> cosa!”<05>
0554	“Cosa? Vuoi il petrolio?<05> Prendilo, prendilo! Di petrolio<05> ne abbiamo quanto ne vuoi!<05> Ecco il petrolio”<05><5E><05>*.16<05>#92<05>“Ah, $1 non può portare<05> altro. Devi vendere<05> qualcosa”<05>
0556	<05><49>255<05><49>218<05><59>$1 ha ottenuto il petrolio<5A><05><05><05>*169<05><40>90<05>
0558	&!55<05>“A sud-ovest di questo<05> villaggio c'è un cantiere<05> di scavo del pozzo. Andate<05> lì.<05><5E><05> Basta che proteggiate la<05> nostra gente dai mostri.<05><5E><05> Vi prego, se esce l'acqua il<05> sigillo di Winga è vostro”<05>
055A	&53<05>“Ah<5B>, beato te che sei<05> giovane. Io sono l'anziano,<05> per questo ho già 119<05> anni”<05>
055C	&!54<05>“Se non fate bene la scorta<05> il sigillo di Winga non ve lo<05> do.<05><5E><05> Volete riprovare la<05> scorta?”<05>+3<05>
055E	#<4C>1<05>“Vuoi il sigillo di Winga?<05> Mmh<5B>, non si dà gratis.<05><5E><05> Ecco! Volete farci da scorta<05> mentre scaviamo il pozzo?”<05>+2<05>
0560	“Dai, fare da scorta allo<05> scavo è facile, no?<05> Provaci?”<05>+1<05>
0564	“Bene, allora subito a<05> sud-ovest di questo<05> villaggio c'è un cantiere<05> di scavo. Andate lì.<05><5E><05> Basta che proteggiate la<05> nostra gente dai mostri.<05><5E><05> Quando uscirà l'acqua vi<05> darò il sigillo di Winga”<05><40>55<05>
0566	“Ah, capisco. Non sai<05> rispettare i vecchi? Allora<05> il sigillo di Winga non ve lo<05> do”<05>.<4C>1<05>
0568	&59<05>“Il sigillo di Winga? No no!<05> Se non esce l'acqua non lo<05> do. Dal pozzo è uscito<05> petrolio! E il petrolio non si<05><5E><05> beve!<05><5E><05> Ecco! Invece del pozzo<05> portate l'acqua dall'oasi?”<05>+2<05>
056A	“Con il piccone, scava<05> partendo dalla terra incolta<05> accanto all'oasi a nord-est.<05><5E><05> Usa il piccone con <59>Equip<5A><05> e attacca il terreno incolto.<05> Facile, no?”<05>
0570	“Che peccato, se lo facevate<05> vi davo il sigillo di Winga...<05> Allora, non vi va di<05> provare?”<05>-2<05>
0572	“Oh, accettate? Allora se<05> riuscite, questa volta vi<05> darò il sigillo di Winga.<05><5E><05> Ecco, vi do questo piccone<05> scavate un canale<05> dall'oasi a nord-est fino al<05> villaggio, vi prego”<05><5E><05>*.16<05>#92<05>“Ah, $1 non può portare<05> altro. Devi vendere<05> qualcosa”<05>
0574	*171<05><05><49>255<05><49>218<05><59>$1 ha ricevuto il<05> piccone<5A><05><05><05><5E><05><40>59<05>-5<05>
0576	&!61<05>“Che buona che è l'acqua”<05>
0578	“Ce l'avete fatta. Ecco il<05> sigillo di Winga”<05><5E><05>“Se lo usate nel deserto il<05> popolo di Winga si<05> mostrerà...”<05><5E><05>*.16<05>#92<05>“Ah, $1 non può portare<05> altro. Devi vendere<05> qualcosa”<05>
057A	<05><49>255<05><49>218<05><59>$1 ha ricevuto il sigillo<05> di Winga<5A><05><05>*170<05><40>61<05>
0580	“Ah, $1 c'è una cosa per<05> te. Guarda!”<05><5E><05><05><49>255<05><49>218<05><59>Hai ottenuto l'Acqua buona<05> di Susandna<5A><05><05><5E><05>.28<05>>10<05>#90<05>“In realtà costa 10<47> ma se<05> ne hai meno va bene”<05>*.160<05><5E><05><05><49>139<05><59>Hai pagato quanto avevi<5A><05><05><05>*85<05>
0582	/<05>“In realtà costa 30<47> ma per<05> $1 mi bastano 10<47>”<05><5E><05><05><49>139<05><59>Hai pagato 10<47><5A><05><05><05>*85<05>
0584	“Sei un uomo straordinario”<05>
0586	“Tra 4 turni uscirà l'acqua,<05> oh oh<5B>”<05>
0588	“Tra 3 turni uscirà l'acqua,<05> oh oh<5B>”<05>
058A	“Tra 2 turni uscirà l'acqua,<05> oh oh<5B>”<05>
058C	“Tra 1 turno uscirà l'acqua,<05> oh oh<5B>”<05>
058E	“Esce<5B>! Esce<5B>! Oh oh<5B><05><5E><05> Ehi<5B>, non è acqua. È<05> petrolio<5B> Oh oh<5B>”<05>
0590	“Petrolio, petrolio, non si<05> beve!<05><5E><05> Comunque ritiriamoci tutti<5B><05> Oh oh<5B>”<05>
0592	“Ahi ahi... ci hanno fregati<5B><05> Tutti al villaggio, scappate<5B><05> Oh oh<5B>”<05>
0594	“La Muraglia di Banyuls è<05> molto antica. Si dice che<05> esista fin dall'antichità<05> dall'epoca di Rambulvil”<05>
0596	<59>Hai portato l'acqua<05> dall'oasi!<5A><05>*.236<05>
0598	“Noi, il popolo di Winga, diamo<05> il benvenuto a voi che<05> possedete il sigillo di<05> Winga”<05>
059A	“Benvenuti nella città di<05> Winga!<05><5E><05> Quanti anni che non arriva<05> un ospite con il sigillo di<05> Winga.<05><5E><05> Una città come questa è<05> rara quindi guardatevi pure<05> intorno”<05>
059C	“Da tempi remoti, noi cerchiamo<05> terre in cui vivere bene<05> nel deserto e ci spostiamo<05> con le stagioni”<05>
059E	“Sei stato nella sala di<05> comando di questa città<05> mobile? È fighissima!<05><5E><05> Ma se entriamo noi bambini<05> ci sgridano”<05>
05A0	“Da un po' nella Muraglia di<05> Banyuls si sono insediati<05> dei mostri di cui non si sa<05> niente.<05><5E><05> Da allora sono<05> preoccupata”<05>
05A2	“Noi, coraggioso popolo di<05> Winga, non lasceremo certo<05> in pace i mostri insediati<05> nella Muraglia di Banyuls!”<05>
05A4	“Pare che nella Muraglia di<05> Banyuls siano prigioniere<05> tre giovani sacerdotesse<05> rapite da chissà dove...”<05>
05A6	&64<05>“Ah, vorrei piacere alle<05> donne. Pur di piacere alle<05> donne io farei di tutto...”<05>
05A8	“Accidenti, sarà una buona<05> idea? Contro quei mostri.<05> Mamma mia.<05><5E><05> Ma pur di piacere io lo<05> faccio”<05>
05AA	“Guarda il mio orgoglio il<05> generatore che accumula la<05> forza del vento! Oggi va alla<05> grande, eh!”<05>
05AC	&63<05>“In questo momento stanno<05> facendo il consiglio di<05> guerra per attaccare la<05> Muraglia di Banyuls”<05>
05AE	“Ah... è la battaglia decisiva.<05> Facciamo vedere di che<05> pasta siamo fatti... Fufu”<05>
05B0	&63<05>“Quando ho detto che la<05> sacerdotessa che<05> cerchiamo era stata rapita<05> dai mostri mi hanno invitato a<05><5E><05> combattere insieme.<05><5E><05> Certo, anche noi<05> combatteremo con loro!”<05>
05B2	“È arrivato il momento della<05> battaglia!”<05>
05B4	“Su, combattiamo insieme. Mi<05> viene il tremito da<05> guerriero.<05> Brrrrrrrrrrrrrr!”<05>
05B6	“Voi e noi odiamo quei mostri<05> allo stesso modo.<05><5E><05> Facciamoli fuori!!”<05>
05B8	&!63<05>“Su, alla sala di comando!”<05>
05BA	&!62<05>“Ora vi spiego il piano<05> d'assalto. Sedetevi sulle<05> sedie libere”<05>
05BC	“$1, ho saputo da Loran e<05> da Orlov.<05><5E><05> Combatterete con noi,<05> vero?”<05>+1<05>
05C0	“Grazie, ora vi spiego il<05> piano d'assalto. Sedetevi<05> sulle sedie libere”<05><40>62<05>
05C2	“No, tu non sei una persona<05> senza coraggio. Combatterai<05> con noi, vero?”<05>-2<05>
05C4	“Questa è la Muraglia di<05> Banyuls”<05>
05C6	“L'assalto naturalmente lo<05> faremo con questa città<05> mobile speronando la<05> Muraglia”<05>
05C8	“Il punto d'attacco è<05> proprio sotto la torre<05> centrale della Muraglia”<05>
05CA	“Quando la città mobile si<05> conficca nella Muraglia, le<05> truppe di Winga entreranno<05> e attaccheranno.<05><5E><05> Ma il vostro scopo, $1,<05> salvare le sacerdotesse, è<05> un problema. Secondo i<05> nostri esploratori le celle<05><5E><05> in fondo alla Muraglia sono<05> protette da barriere<05> difensive”<05>
05CC	“Per passare occorre<05> aprire le 3 barriere<05> difensive una squadra per<05> ciascuna”<05>
05CE	“Inoltre, nello stesso tempo<05> un'altra squadra dovrà<05> andare a salvarle dentro<05> le celle...”<05>
05D0	“Ma siamo 3 squadre! Se<05> abbattiamo le barriere in tre<05> punti non resta nessuno<05> per il salvataggio!”<05>
05D4	“Ah, scusate il ritardo... Che<05> c'è? Che c'è? Perché<05> avete tutti quelle facce?”<05>
05D6	“Sciocco! Ti avevo detto di<05> non arrivare tardi al<05> consiglio!<05><5E><05><42>7 1<05> Ah, scusate tutti.<05><5E><05> Allora noi di Winga vi<05> presteremo una squadra.<05><5E><05><42>7 3<05> Perfetto... Hans! Vai tu con la<05> tua squadra?”<05>
05D8	“I-io?”<05>
05DA	“Hans, se porti a termine<05> questa missione piacerai<05> alle donne!”<05>
05DC	“Davvero? Davvero? Allora<05> ci sto”<05>
05DE	“Allora è deciso $1, vi va<05> bene?”<05>+1<05>
05E2	“Ora devo preparare la<05> squadra d'assalto.<05><5E><05> $1, la guida di questa<05> città mobile la affido a te<05> Vai nella sala di comando e<05> siediti al posto di guida”<05><40>63<05>
05E4	“Ma non c'è altro modo. Vi<05> prego, accettate”<05>-2<05>
05E6	“Pur di piacere, io lo faccio”<05>
05E8	&63<05>“Questa è la sala di comando<05> di Winga”<05>
05EA	“Su! Siediti al posto di guida<05> e pilota Winga”<05>
05EC	“All'assalto!”<05>
05EE	“Abbiamo sconfitto i mostri!<05> Viva Winga!”<05>
05F0	#<4C>1<05>“Non sono mai stata così<05> felice. Oggi bevo fino allo<05> stremo!”<05>.<4C>1<05>
05F2	“Hic! Ehi, tu! A guardarti bene<05> sei proprio un bel tipo! Mi sa<05> che mi innamoro... hic!”<05>
05F4	“I guerrieri di Winga erano<05> fortissimi, eh!”<05>
05F6	“Chi ha sorretto questa<05> vittoria da dietro le<05> quinte è il sottoscritto che<05> si occupa del generatore! Ah<05><5E><05> ah!”<05>
05F8	&77<05>“Per il popolo di Winga<05> questa forse è una<05> vittoria...<05><5E><05> Ma finché le sacerdotesse<05> non saranno salve per noi<05> non c'è vittoria!”<05>
05FA	“Ma c'è davvero un<05> passaggio nella Muraglia,<05> $1?”<05>%1<05>
05FC	“Se lo dici tu, $1 il<05> passaggio ci sarà... Ci<05> fidiamo del tuo fiuto, $1”<05>
05FE	“Lo pensi anche tu, $1?<05> Quel Hans sembra un tipo<05> esaltato”<05>
0600	&77<05>“Chissà come stanno adesso<05> Tifa e le altre”<05>
0602	“Su, riprendiamo anche noi il<05> viaggio”<05>
0604	“$1, capisco il tuo<05> rammarico per non aver<05> salvato le sacerdotesse...”<05>
0606	“Su, festeggiamo aver<05> spazzato via il nemico.<05> Bevete quanto volete!”<05>
0608	“Ehi $1! Ho fatto colpo<05> davvero. Vale la pena di<05> combattere<5B>”<05>
060A	#<4C>2<05>“Ehi, sei tu il famoso $1?<05> Mi piacciono gli uomini<05> forti<5B>”<05>.<4C>2<05>
060C	“Un uomo deve essere forte<05> eh<5B>, beviamo insieme?”<05>
060E	&72<05>“Ha<5B>ns, mi sa che ho bevuto<05> trop<5B>po”<05>
0610	“Ehi<5B>, Ha<5B>ns dove sei<05> andato<5B> Ehi<5B>!”<05>
0612	&72<05>“...$1, sei tu... Abbiamo<05> sconfitto i mostri della<05> Muraglia ma Winga per lo<05> shock dell'assalto non si<05><5E><05> muoverà per un po'...<05><5E><05> Toccherà ricostruire la<05> città da capo...”<05>*62<05>
0614	“Quel Hans è un pasticcione<05> ma è un bravo ragazzo.<05> Sembra fifone ma ha un buon<05> braccio.<05><5E><05> Ti prego di prenderti cura<05> di lui, $1”<05>
0616	“Se dobbiamo ricostruire la<05> città potrei viaggiare con<05> $1 e vedere tante città?<05> Sarà un'ottima fonte di<05><5E><05> ispirazione”<05>
0618	“Per essere te, è una bella<05> idea. Ottimo, Hans!”<05>
061A	“Allora vado subito a<05> preparare la partenza di<05> sotto”<05><40>72<05>
061C	“Su, la nostra squadra è<05> pronta $1, andiamo!!<05><5E><05> Se da adesso combattiamo<05> insieme in giro per tanti<05> posti piaceremo a tutto il<05> mondo, no? Su, facciamoci<05><5E><05> amare insieme!”<05>+1<05>
0620	“Evvivaaa<5B>!!”<05><5E><05><05><59>La squadra di Hans si è<05> unita a te! Lo Zaffiro di $1<05> ha brillato!!<5A><05><05>*.122<05><5E><05>“Le sacerdotesse sembrano<05> portate oltre la Muraglia.<05><5E><05> Secondo me dall'interno si<05> arriva dall'altra parte...<05><5E><05> Capo! Alla sala di comando!”<05><40>76<05>*61<05>
0622	“Che crudeltà, Capo!<05> Combatterò bene, giuro. In<05> realtà voglio rendermi utile.<05> Mi porterai con te, vero?”<05>-2<05>
0624	“Ecco qua, un attimo e fatto”<05>
0626	“Dai, Capo, andiamo!!”<05><40>77<05>
0628	&77<05>“Capo! Andiamo alla sala di<05> comando, alla sala di<05> comando!”<05>
062A	“Secondo me dall'interno<05> della Muraglia si può<05> arrivare dall'altra parte...<05><5E><05> Su, Capo! Dirigiamoci alla<05> Muraglia”<05>
062C	“La Muraglia di Banyuls è<05> l'orgoglio di noi del deserto!<05><5E><05> Non possiamo lasciare a<05> quei mostri la libertà di<05> fare ciò che vogliono!”<05>
062E	“Fate fuori i mostri!”<05>
0630	“Che disgrazia, dei mostri<05> insediati nella Muraglia di<05> Banyuls...<05><5E><05> Per il popolo di Winga non<05> c'è vergogna più grande”<05>
0632	&!78<05>&99<05>“Voi, da dove venite per<05> arrivare in questa città,<05> Messalia?”<05>
0634	“Questa è la città di<05> Messalia”<05>
0636	&78<05>“Oh cielo, non sarete mica<05> venuti a piedi attraverso il<05> deserto?”<05>
0638	“Sei tu quello che è<05> piombato di colpo fuori dalla<05> città?”<05>
063A	&85<05>“Oltre la Muraglia c'è una<05> città, Cassalia. Se potessimo<05> commerciare con loro, che<05> affari”<05>
063C	&99<05>“Ho pensato a un buon modo<05> per commerciare con<05> Cassalia. Portare la merce<05> con un piccione gigante!<05><5E><05> Ma il piccione gigante...<05><5E><05> Nessuno ne alleva uno?”<05>
063E	“Ho pensato a un altro<05> affare. Vendere frammenti del<05> muro crollato come<05> souvenir”<05>
0640	&99<05>“Che oltre il muro ci sia la<05> città di Cassalia lo sanno<05> tutti.<05><5E><05> Ma che città sia nessuno<05> l'ha mai vista”<05>
0642	“Finalmente si può andare e<05> venire dalla città di<05> Cassalia”<05>
0644	&78<05>“Vorrei volare nel cielo<05> così potrei andare a<05> divertirmi a Cassalia, oltre la<05> Muraglia”<05>
0646	&99<05>“Signore, sai volare, vero?<05> Ti ho visto.<05><5E><05> C'erano altri due che<05> volavano, no? Sono caduti<05> oltre la Muraglia”<05>
0648	“Sei stato tu a fare il buco<05> nel muro? Ti ho visto.<05><5E><05> Io scarabocchio sulle<05> statue ma non faccio<05> scherzi così grossi”<05>
064A	&99<05>“Questo è il muro della<05> Muraglia di Banyuls.<05><5E><05> Dall'altra parte c'è una<05> città di nome Cassalia.<05><5E><05> E nella città di Cassalia<05> dicono che ci sia Lina, la<05> sacerdotessa di Cristallo”<05>
064C	“Che sorpresa! Come hai fatto<05> a fare un buco in questo<05> muro?”<05>
064E	&66<05>“Oh oh oh. Siete venuti<05> attraversando il deserto?<05><5E><05> Attraversare il deserto a<05> piedi.<05><5E><05> Non siete mica del popolo<05> di Winga non fate cose<05> azzardate”<05>
0650	“Ultimamente la Muraglia fa<05> bum bum. Che rumore, che<05> sarà mai?”<05>
0652	“Eheh, io sono uno che ama<05> gli animali. Amare gli<05> animali, che bella frase. Hai<05> visto il piccione gigante<05><5E><05> al piano di sopra? L'ho<05> allevato io da pulcino!<05><5E><05> Ti piacciono gli animali?”<05>%1<05>
0654	“Bravo, bravo, un giovane<05> con buon cuore Amare gli<05> animali, amare gli animali”<05>
0656	“Vattene, disumano!”<05>
065A	&!99<05>“Il mio piccione gigante ha<05> collegato Messalia e<05> Cassalia! Fantastico, no?”<05>
065C	&!92<05>“Cosa vuoi ancora? Il mio<05> piccione non lo presto<05> più! Amare gli animali, amare<05> gli animali”<05>
065E	&!91<05>“Te lo presto solo una<05> volta”<05>
0660	“Cosa! Vuoi il mio piccione<05> gigante? Per trasportare il<05> petrolio?<05><5E><05> Costringere il mio dolce<05> piccione... Va bene! Doni 80<47><05> per gli animali?”<05>%1<05>
0664	“Allora non te lo presto, uffa!<05> Amare gli animali, amare gli<05> animali!!”<05>
0666	>80<05>#90<05>“Non hai abbastanza soldi.<05> Allora non te lo presto, uffa!<05> Amare gli animali, amare gli<05> animali!!”<05>
0668	/<05>“Te lo presto... ma solo una<05> volta. Amare gli animali,<05> amare gli animali!!”<05>*.6<05>*64<05><40>91<05>
066A	“Allora, come promesso, solo<05> una volta. Amare gli animali,<05> amare gli animali...”<05>
066C	<05><59>Hai fatto portare il petrolio<05> al piccione gigante<5A><05><05><05>*65<05>
066E	&83<05>“Siamo l'unico negozio di<05> piccioni viaggiatori di<05> Messalia! Scriviamo<05> qualsiasi lettera subito! Vi<05><5E><05> serve qualcosa?”<05>
0672	“Benvenuti, negozio di<05> piccioni viaggiatori.<05> Volete che scriva una<05> lettera? Costa 100<47><05><5E><05> D'accordo?”<05>%1<05>
0676	“Ah, sei solo un curioso.<05> Brontolo brontolo...”<05>
0678	>100<05>#90<05>“Ehi, non hai abbastanza<05> soldi”<05>
067A	*.16<05>#92<05>“Ehi, hai lo zaino pieno”<05>
067C	/<05>“Che cosa devo scrivere?...<05> Scriviamo 'Stiamo bene'”<05><5E><05>......scrivo e...<05><5E><05>Ecco fatto”<05><5E><05><05><49>255<05><49>218<05><59>$1 ha ricevuto una<05> lettera<5A><05><05><05>*69<05><40>84<05>
067E	&88<05>“Siamo l'unico negozio di<05> piccioni viaggiatori di<05> Messalia! Scriviamo<05> qualsiasi lettera subito! Vi<05><5E><05> serve qualcosa?”<05>
0680	&96<05>“Cosa? Un piccione gigante<05> che porta il petrolio? Da<05> noi è impossibile. Cercate<05> altrove”<05>
0682	&99<05>“Siamo l'unico negozio di<05> piccioni viaggiatori di<05> Messalia! Scriviamo<05> qualsiasi lettera subito! Vi<05><5E><05> serve qualcosa?”<05>
0684	“Uffa, con il muro rotto il mio<05> commercio è andato a<05> rotoli”<05>
0686	&99<05>“Per contattare Cassalia non<05> c'è di meglio che qui.<05><5E><05> Questo negozio ti scrive<05> anche una lettera da legare<05> subito a un piccione”<05>
0688	“Va bene che ora si va e si<05> viene liberamente da<05> Cassalia ma.<05><5E><05> che un mestiere di fascino<05> come il negozio di piccioni<05> viaggiatori vada in rovina<05> è davvero un peccato”<05>
068E	&!99<05>“In realtà io scrivo ancora<05> con i piccioni viaggiatori...<05> Strano?”<05>
0690	“In realtà io con una<05> ragazza di Cassalia scrivo<05> lettere con i piccioni<05> viaggiatori Bello, eh?”<05>
0692	&82<05><59>Niente di strano<5A><05>
0694	&83<05><05><59>Il piccione portava una<05> lettera Nella lettera c'è<05> scritto<5A><05><05><5E><05>'Siamo Orlov e Loran,<05>viaggiatori. Coinvolti in<05>un'esplosione, siamo finiti a<05>Cassalia.<05><5E><05>Se a Messalia ci sono $1 e<05>Hans diteglielo, che ci<05>scrivano con questo<05>piccione'<05><40>83<05>*13<05>
0696	&87<05><05><59>Il piccione portava una<05> lettera Nella lettera c'è<05> scritto<5A><05><05><5E><05>'Siamo Orlov e Loran,<05>viaggiatori. Coinvolti in<05>un'esplosione, siamo finiti a<05>Cassalia.<05><5E><05>Se a Messalia ci sono $1 e<05>Hans diteglielo, che ci<05>scrivano con questo<05>piccione'<05>
069A	<05><59>Il piccione portava una<05> lettera Nella lettera c'è<05> scritto<5A><05><05><5E><05>'Per incontrarci non c'è che<05>distruggere la Muraglia e<05>serve dell'esplosivo.<05><5E><05>Qui a Cassalia dal petrolio si<05>può fare l'esplosivo.<05>Procuraci il petrolio e<05>mandacelo Orlov Loran '<05>
069E	<05><59>Il piccione portava<05> esplosivo e una lettera<05> Nella lettera c'è scritto<5A><05><05><5E><05>'L'esplosivo è pronto ma è<05>molto potente: usalo solo<05>dopo il permesso del sindaco<05>della città Orlov Loran '<05><5E><05>*.16<05>#92<05><05><59>Ma lo zaino è pieno e non<05> puoi prendere l'esplosivo<5A><05><05>
06A0	<05><49>255<05><49>218<05><59>$1 ha ottenuto<05> l'esplosivo<5A><05><05><05><40>96<05>*66<05>
06A2	<05><59>Il piccione portava una<05> lettera Nella lettera c'è<05> scritto<5A><05><05><5E><05>'L'esplosivo è pronto ma è<05>molto potente: usalo solo<05>dopo il permesso del sindaco<05>della città Orlov Loran '<05>
06A4	<05><59>Hai legato la lettera al<05> piccione<5A><05><05><05>*127<05>
06A6	&83<05>“Ahi ahi ahi... Dove siamo<05> mai? So che siamo vicino<05> alla Muraglia ma Loran e<05> Orlov dove sono?”<05>
06A8	&92<05>“Visto? Come avevo detto io<05> siamo riusciti ad andare<05> oltre la Muraglia, no? Solo<05> noi due, però”<05>
06AA	&96<05>“Capo, un piccione strano<05> continua a seguirmi”<05>
06AC	&99<05>“Capo! Facciamo saltare tutto<05> il prima possibile”<05>
06AE	“Speriamo che nella<05> prossima città siano tutte<05> ragazze”<05>
06B0	&96<05>“Sono il sindaco. Il più<05> importante di questa città.<05> Come prova, hai visto la mia<05> statua in piedi? Wah ah<05><5E><05> ah”<05>
06B2	&98<05><40>98<05>“Vuoi far saltare il muro con<05> l'esplosivo?<05><5E><05> ...............mmm<5B><05><5E><05> Ottimo! Due città che si<05> danno la mano avanzano<05> verso la pace. Magnifico!!<05><5E><05> Così il mio nome resterà<05> nella storia! Wah ah ah!<05><5E><05> Però! Non rompete la mia<05> statua!”<05>
06B4	&99<05>“Non rompete la mia statua.<05> Piazzate bene l'esplosivo”<05>
06B6	“Ah, l'unione di due città!”<05>
06B8	<49>167<05>“Miao miao”<05>
06BA	<49>166<05>“Bau bau”<05>
06BC	#14<05><49>168<05>“Gyaaaoo.<05><5E><05><49>29<05> Pyuu”<05>
06BE	“Anche amare gli animali è<05> una bella cosa”<05>
06C0	#14<05><49>195<05>“Cru cruu”<05>
06C2	“Ehi! Come va ultimamente?”<05>
06C4	#14<05><49>195<05>“Cru cru”<05>
06C6	“In realtà io sono trans e<05> vorrei scrivere con un<05> piccione trans come me”<05>
06C8	<05><59>L'esplosivo è stato<05> piazzato<5A><05><05><05>*67<05>
06CA	<49>255<05><49>198<05><05><59>Se lo faccio esplodere qui il<05> sindaco si arrabbierà<5A><05>
06CC	<49>255<05><49>198<05><05><59>Senza il permesso del<05> sindaco non si può usare<05> l'esplosivo<5A><05>
06CE	<05><59>La statua del sindaco... che<05> faccia buffa...<5A><05><05><05>
06D0	“Non scarabocchiare sulle<05> statue”<05>
06D2	“Questa è la casa del<05> sindaco, il più importante<05> della città”<05>
06D4	“Davanti al muro della<05> Muraglia quelle statue<05> verdi in fila sono statue<05> del sindaco.<05><5E><05> Basta che siano in numero<05> giusto ma non credo sia<05> bello così. Il nostro<05> sindaco vuole farsi notare.<05><5E><05> È un problema”<05>
06D6	#!88<05>#89<05>“Cosa? Vuoi il petrolio? A<05> sud di questo deserto<05> basta scavare un pozzo e<05> ne esce quanto ne vuoi”<05>
06D8	“Inviare lettere con i<05> piccioni va bene ma<05> ultimamente i piccioni<05> randagi aumentano.<05><5E><05> Se li controlli a volte hanno<05> ancora una lettera legata”<05>
06DA	“Sei vivo, $1 Sei proprio<05> un uomo fortunato.<05><5E><05> ...Meno male che ci siamo<05> incontrati”<05>
06DC	“Quelli di Cassalia vogliono<05> incontrarti, $1”<05>
06DE	“Va bene che le due città<05> siano diventate una ma il<05> divario economico è motivo<05> di preoccupazione”<05>
06E0	“Io vengo da Mare, la città<05> a nord in pellegrinaggio da<05> Lina, la sacerdotessa di<05> Cristallo...<05><5E><05> Ma dicono che Lina sia<05> stata rapita e il muro è<05> crollato all'improvviso. Sono<05> sbalordita”<05>
06E2	“Siete voi che avete<05> sconfitto i mostri della<05> Muraglia? Vi ringrazio<05> molto.<05><5E><05> Se ora tornasse Lina non<05> ci sarebbe altro da<05> desiderare”<05>
06E4	“Ora che il muro è crollato<05> tutti sono euforici ma in<05> realtà dovrebbero essere<05> tristi.<05><5E><05> Perché la sacerdotessa di<05> questa città è stata rapita<05> dai mostri”<05>
06E6	“Ah, fratello sei quello che è<05> caduto oltre la Muraglia,<05> vero?”<05>
06E8	“Con la sacerdotessa Lina<05> rapita la protezione del<05> Cristallo sparirà del<05> tutto...<05><5E><05> No, non devo scoraggiarmi.<05> Il Cristallo è la pietra dei<05> sogni e della speranza Lina<05> non diceva di non perdere<05><5E><05> mai la speranza qualunque<05> cosa succeda?”<05>
06EA	“L'esplosivo l'ho fatto io. Che<05> ne dici della potenza?<05> Farlo è difficile sotto molti<05> aspetti”<05>
06EC	“Che i mostri si siano<05> insediati nella Muraglia<05> fosse per Lina la<05> sacerdotessa?...<05><5E><05> Quel mostro che si faceva<05> chiamare Gel de Rei diceva:<05> 'Ora ne abbiamo quattro...'”<05>
06EE	“Lina, la sacerdotessa di<05> Cristallo, è stata rapita<05> dai mostri.<05><5E><05> Secondo i viaggiatori,<05> c'erano prigioniere altre<05> tre giovani donne...”<05>
06F0	“Gli antenati di Cassalia<05> vivevano a Bajad, una città<05> a nord con il Cristallo come<05> protettore: era pacifica.<05><5E><05> Dei banditi rubarono il<05> Cristallo la città andò in<05> rovina e siamo arrivati<05> qui.<05><5E><05> Qui si sente la protezione<05> del lapislazzuli”<05>
06F2	“Edizione straordinaria!<05> Cassalia e Messalia sono<05> diventate una sola città.<05><5E><05> Chi è stato l'artefice? Lo<05> dice questo giornale. Ne<05> vuoi una copia, fratello?”<05>
06F4	“Oh oh... Tu hai il volto del<05> salvatore del mondo.<05> Davvero splendido... È la<05> prima volta da quando<05><5E><05> faccio questo lavoro”<05>
06F6	“Poco fa mi hanno letto la<05> mano. Dicono che mi perderò<05> dietro le donne. Che<05> faccio?”<05>
06F8	“Hai visto lo spettacolo<05> meccanico tipico di<05> Cassalia?”<05>%1<05>
06FA	“È fatto benissimo, no?<05> Recitano tutti dei burattini”<05>
06FC	“Allora è meglio che tu lo<05> veda”<05>
06FE	#!<4C>1<05>“Se vuoi vederlo, sbrigati e<05> vai al piano di sopra!”<05>
0700	“Lo spettacolo di oggi è il<05> tema del momento l'unione<05> di Messalia e Cassalia! Solo<05> 10<47> Vuoi vederlo?”<05>%1<05>
0704	“Uffa, che tirchio questo<05> ragazzo”<05>
0706	>10<05>#90<05>“Ehi, non hai abbastanza<05> soldi”<05>
0708	/<05>“Ecco, allora prendo 10<47>”<05><5E><05><05><49>139<05><59>Hai pagato 10<47><5A><05><05><05><5E><05>“Su, sali al piano di sopra e<05> guarda dalla finestrella”<05>.<4C>1<05><05><05>
070A	“Chissà che eroe sarà<05> quello che ha unito Messalia<05> e Cassalia”<05>
070C	“Gli eroi del momento $1,<05> Loran, Orlov e Hans.<05><5E><05> Uniti al popolo di Winga<05> hanno attaccato la Muraglia<05> di Banyuls”<05>
070E	“Ma nell'esplosione di allora<05> $1 e Hans sono finiti a<05> Messalia.<05><5E><05> Loran e Orlov a Cassalia!<05> Che guaio!!”<05>
0710	“Ma i quattro sono furbi e<05> hanno fabbricato<05> dell'esplosivo...”<05>
0712	“L'hanno piazzato sulla<05> Muraglia di Banyuls”<05>
0714	“E poi, grande esplosione!!”<05>
0716	“Le due città divennero una<05> sola e vissero felici e<05> contente<05>                Fine”<05>
0718	“Signore, guardate solo<05> dopo aver pagato di sotto”<05>
071A	#!<4C>2<05>“Anche se non guardi i soldi<05> non te li ridò!”<05>
071C	“Lo spettacolo di oggi è il<05> cavallo di battaglia di<05> Cassalia: 'La leggenda di<05> Rambulvil' Solo 20<47>, vuoi<05><5E><05> vederlo?”<05>%1<05>
0720	“Che rimpianto, non vederlo<05> te ne pentirai a vita”<05>
0722	>20<05>#90<05>“Ehi, non hai abbastanza<05> soldi”<05>
0724	/<05>“Grazie, allora 20<47>”<05><5E><05><05><49>139<05><59>Hai pagato 20<47><5A><05><05><05><5E><05>“Guarda dalla finestrella al<05> piano di sopra”<05>.<4C>2<05><05><05>
0726	“Tanto tempo fa questo mondo<05> era governato da un paese<05> pacifico chiamato<05> Rambulvil...”<05>
0728	“Rambulvil era guidata da 7<05> pietre sacre e 7 Saggi...”<05>
072A	“La pace che pareva eterna<05> finì con l'invasione dei<05> mostri”<05>
072C	“Per opporsi ai mostri i Saggi<05> con il potere delle gemme<05> crearono un essere detto il<05> Gigante”<05>
072E	“Ma... uno dei 7 Saggi nutrì<05> un cuore malvagio.<05><5E><05> Il Gigante impazzì e molti<05> innocenti persero la vita”<05>
0730	“...Rambulvil alla fine fu<05> distrutta”<05>
0732	“I 6 Saggi tolsero la gemma<05> al Saggio del Rubino, causa<05> del disastro, e lo<05> esiliarono”<05>
0734	“Poi con il potere rimasto i<05> Saggi sigillarono il Gigante”<05>
0736	“Il pericolo del mondo passò<05> e i Saggi, guidando<05> ciascuno il proprio popolo<05> lasciarono Rambulvil”<05>
0738	“E ora i discendenti del<05> Saggio del Cristallo dopo<05> un lungo e duro viaggio<05> sono giunti qui, a Cassalia.<05><5E><05> Così tramanda la leggenda...<05><05>                 Fine”<05>
073E	“Hai già visto 'La leggenda<05> di Rambulvil'?”<05>%1<05>
0742	“$1, dovresti vederlo<05> almeno una volta”<05>
0744	“Quella storia mi<05> incuriosisce. Ho sentito<05> che in questa città vive la<05> vecchia che ha costruito il<05><5E><05> meccanismo.<05><5E><05> Andiamo a farci spiegare<05> meglio?”<05>%1<05>
0748	“Capisco, non ti<05> incuriosisce... Forse sto<05> esagerando...”<05>
074A	“Anche a te, $1,<05> incuriosisce. Allora<05> andiamo subito”<05>&101<05><40>101<05>+1<05>
074E	“'La leggenda di<05> Ram-Ram-bulvil' l'hhhai già<05> vi-vi-visto?”<05>%1<05>
0752	“$1, faaarebbe beeene a<05> vevevederlo almeeeno una<05> volta”<05>
0754	“Quella sssstoria mi<05> inc-inc-curiosisce.<05><5E><05> Ho sssentito che in<05> queeesta città vive la<05> vecchia che ha<05> coccostruito il<05><5E><05> meccccanismo.<05><5E><05> Andiamo a farci spiegare<05> meglio?”<05>%1<05>
0758	“Bebeboguat.<05><5E><05> Non ti inccccuriosisce<05> gggg... Forssse sto<05> esagerandoooo...”<05>
075A	“Anche a te, $1,<05> inccccuriosisce. Allora<05> ancccdiamo subitooo”<05>&101<05><40>101<05>+1<05>
075E	“La Vecchia ora è fuori.<05> Tornate più tardi”<05>
0760	“Nella caverna a est della<05> città, il luogo sacro del<05> lapislazzuli, tanto tempo fa<05> c'era un'arma leggendaria<05><5E><05> usata dal Saggio del<05> Lapislazzuli!<05><5E><05> Solo chi è guidato dalla<05> pietra di lapislazzuli può<05> prenderla...<05><5E><05> Vi sarà utile, cercatela!”<05>.7<05>
0762	#!50<05>“Su, sbrigatevi.<05><5E><05> Salvate le sacerdotesse<05> prima che succeda<05> qualcosa!”<05>
0766	“La 'Leggenda di Rambulvil'?<05> È tutta vera...<05><5E><05> Rapiscono sacerdotesse<05> anche altrove?! Discendono<05> dai Saggi...<05><5E><05> Allora è grave: qualcuno<05> vuole risvegliare il Gigante<05> sacrificando i discendenti<05> dei Saggi.<05><5E><05> Quello zaffiro sul diadema è<05> di una sacerdotessa?”<05>+1<05>
076A	“È una delle 7 pietre sacre<05> tramandate dai Saggi di<05> Rambulvil.<05><5E><05> Sbrigatevi se il Gigante si<05> risveglia il mondo sarà<05> distrutto”<05>*75<05>
076C	“No, è senza dubbio quello<05> di una sacerdotessa!”<05>-2<05>
076E	&104<05>“Allora anche il lapislazzuli<05> di Tifa...”<05>
0770	“Allooora anccche il<05> lalalapislazzuli di Tifa...”<05>
0772	“Cosa! C'è anche il<05> lapislazzuli qui?!<05><5E><05> I sacerdoti fuggiti da Bajad<05> sono giunti qui grazie alla<05> protezione del luogo sacro<05> del lapislazzuli a est di<05><5E><05> questa città!<05><5E><05> Là c'è un'arma leggendaria<05> del Saggio del Lapislazzuli.<05> Vi sarà utile, cercatela!”<05>.7<05>
0774	#!50<05>“Preghiamo per il vostro<05> viaggio.<05><5E><05> Fate attenzione”<05>
0776	#7<05>“Oltre è il luogo sacro del<05> lapislazzuli... Lina, senza la<05> pietra del Cristallo,<05> proteggeva Cassalia con la<05><5E><05> protezione di questo luogo.<05><5E><05> Senza il permesso della<05> Vecchia non posso farvi<05> passare”<05>
0778	“Nella caverna oltre dorme<05> l'arma leggendaria usata<05> dal Saggio del Lapislazzuli<05> l'Alabarda di Giove.<05><5E><05> Fate attenzione”<05>
077A	“Il coraggio supera il muro!<05>   Due città unite<05>   Gli eroi $1 e amici<05>      In proiezione”<05>
077C	“La sacerdotessa Lina è<05> stata rapita dai mostri<05> Ricordiamo la leggenda di<05> Rambulvil e preghiamo per<05><5E><05> la salvezza di Lina”<05>
077E	<05><59>È buio pesto Non si vede<05> niente<5A><05>
0780	&104<05>“Questa è l'Alabarda di<05> Giove leggendaria...<05><5E><05> Mmm $1 sento la forza che<05> scorre in me”<05>
0782	“Quesssta è l'Alabbbarda di<05> Gioooove...<05><5E><05> Mmm $1 sento il corpo<05> ccche...”<05>
0784	“Ahi ahi, che disastro. Mi<05> avevano detto che qui c'è<05> un tesoro grandioso.<05><5E><05> Ma c'è un mostro di pietra<05> a fare la guardia! Non si può<05> toccare!”<05>
0786	“Prima di darvi l'Alabarda di<05> Giove per parola del<05> Saggio del Lapislazzuli vi<05> metterò alla prova”<05>
0788	“Chissà dove avrà portato<05> Lina quell'uomo...<05><5E><05> Spero non le faccia cose<05> terribili...”<05>
078A	“Quel giorno all'improvviso il<05> cielo si oscurò cadde un<05> fulmine e apparve un<05> mostro che si faceva<05><5E><05> chiamare Gel de Rei.<05><5E><05> Lina, senza voce per lo<05> stupore, fu presa per un<05> braccio e sparì nel cielo<05> nero”<05>
078C	“La Vecchia dei meccanismi è<05> una persona eccezionale.<05><5E><05> Sa costruire meccanismi a<05> cui nessuno aveva mai<05> pensato.<05><5E><05> e conosce antichissime<05> leggende su Rambulvil”<05>
078E	“Erede delle pietre di<05> Rambulvil vai e ottieni il<05> potere sacro”<05>
0790	&105<05>“Non sarai mica tu l'eroe di<05> cui si parla che ha sconfitto<05> i mostri e unito due città,<05> $1!<05><5E><05> Benvenuto nella nostra<05> città, Mare!”<05>
0792	“Siete davvero degli eroi.<05> Stavolta rifaremo con le<05> nostre mani le vostre<05> statue di pietra”<05>
0794	&105<05>“Venite nella piazza al<05> centro della città.<05> Resterete di stucco!”<05>
0796	“Ehm, il sindaco è scomparso<05> quindi faccio io le sue veci.<05><5E><05> ...$1, mi dispiace. È stata<05> una pessima festa di<05> benvenuto.<05><5E><05> ...Il primo compito da vice<05> sindaco è chiedere scusa<05> che sfortuna... brontolo<05> brontolo”<05>
0798	&105<05>“Wow wow! Sei il famoso eroe<05> $1, vero! Fammi un<05> autografo<5B>! Kyaa! Che<05> gioia!!!”<05>
079A	“Wow wow! $1, stai bene?<05> Perché! Perché! Il sindaco<05> era un impostore. Che<05> shock<5B>!!”<05>
079C	&105<05>“Pare che tutta la città di<05> Mare organizzi una festa di<05> benvenuto per voi”<05>
079E	“Chi l'avrebbe detto che il<05> sindaco fosse un mostro...”<05>
07A0	&105<05>“Non girare tra i piedi. Sono<05> occupata con i preparativi<05> della festa per $1<05><5E><05> ...Ah... $1! ...Scusi<5B>”<05>
07A2	“Com'è stata la festa di<05> benvenuto?”<05>
07A4	&105<05>“In questa città ci sono le<05> statue di $1 e compagni.<05> Il sindaco all'improvviso ha<05> detto di volerle fare!”<05>
07A6	“Uaaa! Che paura!!!”<05>
07A8	“Uffa $1! Dal vivo sei molto<05> più bello delle statue!!”<05>
07AA	&105<05>“Grazie alla festa di<05> benvenuto la mia trattoria<05> con i piatti da asporto<05> guadagna un sacco”<05>
07AC	#<4C>4<05>*77<05>.<4C>4<05>“Vi porto ora il vero 'Pollo<05> alla Mare'”<05>
07AE	“Ecco il vero 'Pollo alla<05> Mare'”<05><5E><05><05><59>Pollo alla Mare, senza<05> veleno<5A><05><05><05>
07B0	Qui non c'è nessuno<05>
07B4	#!27<05>“Avevi promesso di non<05> mangiare!”<05>
07B6	.27<05>“Non mangiarmi! Ihi ihi!<05><5E><05> Ecco, $1! Ti faccio capire<05> la lingua dei buoi ma<05> lasciami stare”<05>.!<4C>4<05><43>3 0<05><43>4 0<05>
07B8	&105<05>“Da quando il nostro sindaco<05> ha detto di volere le statue<05> ha uno sguardo diverso”<05>
07BA	“Quel sindaco era un<05> impostore. Accidenti, il<05> sindaco era stato<05> ucciso!”<05>
07BC	&105<05>“So che $1 è un eroe ma<05> perché il sindaco<05> all'improvviso ha fatto le<05> statue?<05><5E><05> Forse gli piace apparire”<05>
07BE	#9<05>“Il veleno del pollo va bene?<05> Vai subito all'ospedale”<05>
07C0	“Oh $1 ti è passato<05> l'intorpidimento”<05>
07C2	“Oh, $1 Oggi per la festa di<05> benvenuto la trattoria è<05> chiusa”<05>
07C4	“Ah<5B>, benvenuto nella città<05> di Mare. Da noi si organizza<05> la festa di benvenuto per<05> l'eroe $1<05><5E><05> I preparativi sono quasi<05> pronti. Venite in piazza... Gli<05> altri sono già riuniti”<05><40>102<05>
07C6	&102<05>“Oh, $1 finché i preparativi<05> non sono pronti fate un<05> giro per la città di Mare”<05>
07C8	&105<05>“Ho preparato un banchetto.<05> Mangiate a volontà”<05>
07CA	“Nel villaggio a ovest di<05> questa città, Keafner, il<05> dottor Hausen forse può<05> curare l'intorpidimento”<05>
07CC	&104<05>#!<4C>2<05>#!<4C>3<05>“Che accoglienza, quasi<05> inquietante.<05><5E><05> Beh... non mi dispiace $1,<05> siediti anche tu su un posto<05> libero e aspetta”<05>.<4C>1<05>
07CE	&104<05>“Che accoglienza, quasi<05> inquietante.<05><5E><05> Beh... non mi dispiace”<05>.<4C>1<05>
07D0	&105<05>“Mi sssembra che anche il<05> corpo mi si stia<05> intorpiddddendo”<05>
07D2	“Cccche ccccosa è ststato<05> queeeello...”<05>
07D4	&104<05>#!<4C>1<05>#!<4C>3<05>“La specialità di questa<05> città pare sia il 'Pollo alla<05> Mare'<05><5E><05> Ma io il pollo non lo mangio.<05> Il pollo lo lascio tutto a<05> Orlov.<05><5E><05> Capo, siediti anche tu su un<05> posto libero e aspetta?”<05>.<4C>2<05>
07D6	&104<05>“La specialità di questa<05> città pare sia il 'Pollo alla<05> Mare'<05><5E><05> Ma io il pollo non lo mangio.<05> Il pollo lo lascio tutto a<05> Orlov”<05>.<4C>2<05>
07D8	“Ca-Capo... Orlov... Che vi è<05> successo?”<05>
07DA	&104<05>#!<4C>1<05>#!<4C>2<05>“Questa città di Mare pare<05> sia famosa per il pollo. Io<05> vado matto per il pollo.<05><5E><05> Ho promesso di prendere<05> anche la porzione di Hans.<05> Che spasso!<05><5E><05> $1, siediti anche tu su un<05> posto libero e aspetta, no?”<05>.<4C>3<05>
07DC	&104<05>“Questa città di Mare pare<05> sia famosa per il pollo. Io<05> vado matto per il pollo.<05><5E><05> Ho promesso di prendere<05> anche la porzione di Hans.<05> Che spasso!”<05>.<4C>3<05>
07DE	&105<05>“$1, ehi, è, dav-vero un<05> sapore che ti fa intorpidire<05> tuttoooo”<05>
07E0	“Cccche ccosa ccc<05> bububububu...”<05>
07E2	“Benvenuti nella città di<05> Mare! Qui tutta la città vi dà<05> il benvenuto.<05><5E><05> Ecco il piatto tipico 'Pollo<05> alla Mare' È buono da<05> restare intorpiditi”<05>
07E4	“È dai tempi di Astholm, no,<05> $1? Il veleno starà<05> iniziando a fare effetto”<05>
07E6	“Non pensavamo che dei<05> semplici umani potessero<05> opporsi tanto a noi.<05><5E><05> Ma oggi finisce tutto. Addio...<05> $1 Riuscirai a combattere<05> con il corpo intorpidito?<05> Fufufu...<05><5E><05> Non ci rivedremo mai più<05> Addio”<05>
07E8	“Io non ho mangiato il piatto<05> quindi sto benissimo Capo!<05> Ci penso io!”<05><40>105<05>
07EA	“Vietato nuotare: pericolo”<05>
07EC	“Statua dell'eroe $1 e<05> compagni”<05>
07EE	&104<05>“Eroe $1”<05>
07F2	&104<05>“Eroe Loran”<05>
07F6	&104<05>“Eroe Orlov”<05>
07F8	“...??”<05><5E><05><59>È la più danneggiata<5A><05>*220<05>
07FA	&104<05>“Eroe Hans”<05>
07FC	“...e... i... ”<05><5E><05><59>È rotta, non si legge bene<5A><05>
07FE	“Vediamo, avete già finito?”<05>
0800	“Eh?! Eh?! State tutti bene?”<05>
0804	“Ah<5B>, complimenti, $1<05><5E><05><42>3 3<05> E anche i tuoi compagni.<05><5E><05> Che bravura...<05><5E><05> No, non avevo cattive<05> intenzioni...”<05>
0806	<05>“Allora, arrive<5B>derci a tut<5B>ti”<05>
0808	“Quello che ha sconfitto i<05> mostri insediati nella<05> Muraglia di Banyuls e ha<05> unito due città.<05><5E><05> L'eroe di cui si parla, $1<05> chissà che tipo sarà...<05><5E><05> Di sicuro non è uno sfigato<05> come te, ragazzo. Ah! Ah! Ah!”<05>
080A	#9<05>“Questo è il villaggio di<05> Keafner. Eh? Che dici? Non<05> capisco cosa dici.<05><5E><05> Non prendermi in giro, eh”<05>
080C	“Questo è il villaggio di<05> Keafner. C'è il dottor<05> Hausen, il miglior medico<05> del mondo.<05><5E><05> Ah, lo sapevi già”<05>
080E	#9<05>“Ma chi è questo! Parla<05> tremando e intorpidito! Che<05> schifo<5B>!”<05>
0810	“Uffa! Non è più intorpidito<5B><05><5E><05> Che noia”<05>
0812	*.63<05>“Eh? Sono un po' sordo.<05> Come?”<05><5E><05>+1<05>
0814	*.44<05>#90<05>“Come?”<05><5E><05>-0<05>
0816	“Grazie a Dio”<05>
0818	#9<05>“Sono occupato, sai. Non ho<05> tempo per i nuovi giochi di<05> voi giovani!!”<05>.<4C>1<05>
081A	#!<4C>1<05>“Una persona importante<05> come te che prima faceva<05> battute. Non prendermi in<05> giro, sono un campagnolo”<05>
081C	“Il dottor Hausen è un<05> grande medico, vero?”<05>
081E	#9<05>“Cos'è quel 'Aaaaah'? Mi<05> credi un campagnolo e mi<05> prendi in giro.<05><5E><05> Il nostro sarà un villaggio<05> di campagna ma abbiamo il<05> dottor Hausen il miglior<05> medico del mondo”<05>.<4C>2<05>
0822	#!<4C>2<05>#<4C>3<05>“Scusa per prima. Per farmi<05> perdonare ti do queste<05> erbe. Poi sistema chi fa i<05> dispetti”<05><5E><05><05><49>255<05><49>218<05><59>$1 ha ricevuto Erba<5A><05><05><05>*28<05>.<4C>3<05>
0824	“Il dottor Hausen è un<05> grande medico, vero?”<05>
0826	#9<05>“Ah! Ecco lui!! Il famoso tizio<05> intorpidito! Evviva! Il tizio<05> intorpidito!”<05>*118<05>
0828	“Ah! Ecco lui!! Il famoso eroe<05> $1 Evviva! Evviva $1!”<05>*118<05>
082A	“Evviva! Evviva!”<05>
082C	“Poverini, anche voi siete<05> stati feriti dai mostri? Quelli<05> se la prendono con i deboli”<05>
082E	#9<05>“Dobiiii? Ivjjjjjj. Miqqqqq?”<05>
0830	#10<05>“Ivjjjjjjab. Mizzzzzzz?”<05><5E><05>“C-Capito!”<05>*81<05>
0832	&107<05>“Io sto già bene. Piuttosto,<05> presto, Orlov...”<05>
0834	“Sarà un peccato per Orlov<05> ma per ora andiamo avanti.<05> Con la protezione delle<05> gemme ci rivedremo di<05><5E><05> sicuro!”<05>
0836	#9<05>“Dobbbyaaaabi bbbbybbb<05> bibabbbbbbyo bai!!”<05>
0838	&107<05>“Dobbbyaaaabi bbbbybbb<05> bibabbbbbbyo bai!!<05><5E><05> Bbbya!!”<05>*82<05>
083A	“Scusa, $1...........<05> .......................<05> .......................<05><5E><05> Lo giuro sull'anello di<05> lapislazzuli lasciato da<05> Tifa ti raggiungerò...<05><5E><05> Scusa, $1...”<05>
083C	“Noi qui aspetteremo la<05> guarigione del signor<05> Orlov”<05>
083E	“Dopo essere arrivati fin<05> qui è un peccato separarci.<05> Fate del vostro meglio<05> anche per noi”<05>
0840	“Ti prego, salva Tifa”<05>
0842	“Che la protezione delle<05> gemme sia con voi...”<05>
0844	“Anche noi la pensiamo come<05> il capitano. Un giorno<05> combatteremo di nuovo<05> insieme”<05>
0846	#9<05>“Capo!! Ecco, è qui il grande<05> medico!”<05>
0848	&!107<05>“Fino a quando non ci<05> rivedremo con Orlov io farò<05> la sua parte. Fatevi<05> coraggio!”<05>
084A	*.27<05>#90<05>“Bene, Capo! Sei guarito! Meno<05> male, meno male... che<05> bello!!”<05>
084C	“Ah, Capo! Vai dal dottor<05> Hausen!”<05>
084E	“Volevo andare a Jarmy, la<05> città vicina ma i mostri mi<05> hanno conciato. Che<05> vergogna e che dolore”<05>
0850	*.63<05>“Ultimamente ho un po' di<05> vuoti di memoria.<05><5E><05> Eh? Ma cosa avrò mai per<05> essere venuto qui?”<05>
0852	“In sala d'attesa,<05> silenzio...”<05>
0856	#43<05>“Eh? Non capisco cosa dici.<05> Ma è certo che hai bisogno<05> di una visita del dottor<05> Hausen”<05>
0858	#!<4C>5<05>“Su, se sei intorpidito anche<05> tu zitto e seguimi,<05> ragazzo”<05>*101<05>
085A	“Hm? Non ti ha ancora<05> visitato il dottor Hausen?<05> Lasciare uno così senza<05> cure...<05><5E><05> Forse posso fare qualcosa<05> io. Vuoi che ti accompagni?”<05>%1<05>
085E	“Non capisco niente di<05> quello che dici. Beh,<05> seguimi, ragazzo”<05>*101<05>.<4C>5<05>
0860	#9<05>“Ancora non ci capisco<05> niente di quello che dici.<05> Ti ha visitato il dottore?”<05>
0862	“Oh, capisco, capisco. Parla<05> come si deve. Grande dottor<05> Hausen è proprio bravo”<05>
0864	“Su, su seguimi in silenzio”<05>
0866	“Quest'infermiera è la moglie<05> di mio figlio. Di solito non si<05> viene visitati.<05><5E><05> ma le ho chiesto di visitarti<05> in via speciale”<05>
0868	“Prego, entrate. Attenzione a<05> dove mettete i piedi”<05>
086A	“Le visite del dottor Hausen<05> sono al completo per le<05> prenotazioni Scusate”<05>.43<05>
086C	#9<05>“Siediti buono davanti al<05> dottore”<05>
086E	“Riguardatevi”<05>
0872	*.27<05>#!90<05>“Tu sembri in salute...”<05>*80<05>
0874	&107<05>“Se ci sono altri che hanno<05> mangiato il fungo Bari<05> portateli qui.<05> Riguardatevi!”<05>
0876	&118<05>“Il fungo Bari mangiato da<05> Orlov era il doppio di quello<05> degli altri. Per un po' deve<05> stare a riposo”<05>
0878	“Oh, sei tu, ultimamente non<05> mangi più cose troppo<05> strane”<05>
087A	“Sei stato avvelenato dal<05> fungo Bari.<05><5E><05> Ecco! Un'iniezione. Su, dammi<05> il braccio<5B><05><5E><05><05><49>255<05><49>194<05> <59>Smack<5B><5B><5B><5B> Puf<5A><05><05><05>*.232<05><5E><05> Ecco, guarito! Portami altri<05> intossicati. Riguardatevi!<05><5E><05> ...Poi, le cure costano 50<47>”<05><49>139<05>>50<05>#!90<05>/<05><05><59>Hai pagato 50<47><5A><05><05>
087C	*.160<05>*.63<05><5E><05>Eh? Forse non hai soldi?<05>+1<05>
087E	*.44<05>#90<05>Eh? Eh? Eh?<05><5E><05>-0<05>
0880	<59>Ti hanno preso tutto<5A><05>
0882	“Anche questo è avvelenato<05> dal fungo Bari Vi piace, eh.<05><5E><05> Ti faccio un'iniezione. Su,<05> dammi il braccio<5B><05><5E><05><05><49>255<05><49>194<05> <59>Smack<5B><5B><5B><5B> Puf<5A><05><05><05>*.232<05><5E><05> Ecco, guarito! Portami altri<05> intossicati Riguardatevi!<05><5E><05> ...Poi, le cure costano 50<47>”<05><49>139<05>>50<05>#!90<05>/<05><05><59>Hai pagato 50<47><5A><05><05>
0886	“Vediamo... Ah<5B>, è grave. È<05> incredibile che sia<05> arrivato fin qui. Va<05> ricoverato subito”<05>
0888	“S-scusate... colpa mia che<05> ho mangiato con<05> ingordigia... Chi l'avrebbe<05> detto.<05><5E><05> Vi raggiungerò di sicuro...<05> Davvero... scusate...”<05><5E><05><05><59>La squadra di Orlov se n'è<05> andata<5A><05><05><05><40>107<05>
088A	#9<05><49>209<05>“Uuh? Uuh?”<05>
088C	<49>166<05>“Uuh! Uuh!”<05>
088E	“Qualsiasi malattia guarisce<05> all'istante qualsiasi ferita<05> guarisce subito. Chi non ci<05> crede è malato<05>      Ospedale Hausen ”<05>
0890	#9<05>“Non capisco cosa dici ma la<05> gemma che porti sembra<05> avere una storia”<05>
0892	“Cosa? Cerchi la<05> sacerdotessa rapita?<05><5E><05> Allora chiedi a un certo<05> Duval nella città di Jarmy, a<05> ovest.<05><5E><05> Di quanto accade da queste<05> parti quell'uomo sa tutto,<05> credo”<05>
0894	“Il nome di questa città è<05> Jarmy”<05>
0896	“Anche tu sei un soldato?<05> Bella la guardia di questa<05> città, eh. Serve a<05> proteggerci dai mostri.<05><5E><05> Ehi, se parli troppo con gli<05> stranieri ci rompono le<05> scatole”<05>
0898	“La guardia di questa città<05> è severissima, no?<05><5E><05> Una volta c'era un pezzo<05> grosso, Duval che disse:<05> 'Questa truppa non serve!'<05> e ne fondò una sua.<05><5E><05> Di quella ci si può fidare. Per<05> questo anche la guardia di<05> Jarmy si impegna al<05> massimo”<05>
089A	“Tu sei uno straniero, no?<05> Conosci quel vecchio Duval<05> che si dà da fare con<05> quell'armatura logora?<05><5E><05> Quell'ostinato alla sua età<05> non dovrebbe esagerare”<05>
089C	“In realtà io vorrei andare<05> da Duval. Ma è un<05> segreto!”<05>
089E	“Le sacerdotesse rapite? Io<05> non ne so niente! Da un<05> po' sono comparsi dei mostri<05> e non c'è tempo per queste<05><5E><05> cose!”<05>
08A0	“In questa zona si<05> tramandano molte storie<05> sulle pietre sacre di<05> Rambulvil.<05><5E><05> Duval sembra aver fatto<05> ricerche. Se ti interessa,<05> perché non vai da Duval?”<05>.11<05>
08A2	“Duval ha il suo rifugio nel<05> bosco a sud Henyamul<05> dovrebbe sapere dov'è”<05>.11<05>
08A4	“Henyamul, che un tempo era<05> il superiore di Duval, vive<05> oltre il fossato ma è debole<05> e fa ancora il gradasso”<05>.11<05>
08A6	#10<05>“Baaaaya. Doootttoore.<05> Ahiahiahi”<05>
08A8	“Quanti soldati in questa<05> città... Anche la mia<05> Segaltea, in fondo, non è da<05> meno”<05>
08AA	“Che paura<5B> questa città è<05> piena di soldati. Andiamo<05> via subito da qui”<05>
08AC	“Almeno non dovrò più<05> vedere la faccia di Henyamul,<05> che sollievo!”<05>
08AE	“Chi siete voi? Tremate<05> intorpiditi, che schifo!<05> Fuori di qui subito!”<05>
08B6	“Vuoi sapere il mio nome?<05> Sono l'ex generale che<05> comandava la guardia della<05> città, con la medaglia<05><5E><05> d'onore di Jarmy. Sono<05> Henyamul!”<05>
08BA	“Cosa? Vuoi che ti accompagni<05> da Duval? Mmm<5B>, mmm mmm...<05> però...<05><5E><05> Puoi pagare 10<47>?”<05>%1<05>
08BE	“Ka<5B>! Non se ne parla. Su,<05> tornatevene a casa”<05>
08C0	“Mmm<5B>... però. Quello è in<05> mezzo a un bosco fitto...<05><5E><05> Puoi aggiungere altri 20<47>?”<05>%1<05>
08C4	“Ka<5B>! Non se ne parla. Su,<05> tornatevene a casa”<05>
08C6	“Però... mmm<5B> Anch'io non<05> sono più giovane<5B><05><5E><05> Altri 50<47> non ne hai?”<05>%1<05>
08CA	“Ka<5B>! Non se ne parla. Su,<05> tornatevene a casa”<05>
08CC	“Bene! Se insisti da ex<05> generale non faccio il<05> tirchio! Ti accompagno per<05> 100<47>!”<05>%1<05>
08D0	“Ka<5B>! Non se ne parla. Su,<05> tornatevene a casa”<05>
08D2	>180<05>#90<05>“Uffa, non hai abbastanza<05> soldi.<05><5E><05> Ka<5B>! Non se ne parla. Su,<05> tornatevene a casa”<05>
08D4	/<05>“Allora io vado avanti e<05> aspetto. Seguimi, sbrigati!”<05><5E><05><49>139<05><59>Hai pagato 180<47><5A><05><05><05><40>111<05>.20<05>*84<05>
08D6	#<4C>1<05>“Silenzio<5B>!! Non parlare<05> durante l'addestramento<5B>!”<05>.<4C>1<05>*100<05>
08D8	“Silenzio<5B>!! Non parlare<05> durante l'addestramento<5B>!”<05>
08DA	“Uno-due, uno-due, uno-due...<05><5E><05> Stiamo facendo<05> l'addestramento, signore”<05>
08DC	“Ah, vorrei riposare”<05>
08DE	“Bene. Da qui il comando è<05> mio!<05><5E><05> Qui i mostri sono tanti non<05> allontanatevi da me.<05><5E><05> Vi accompagno al rifugio di<05> Duval. Tutti<5B> avanti<5B>,<05> marsc!”<05>
08E0	“Qui ci riposiamo<5B>!! Uff<5B>, che<05> stanchezza”<05>
08E2	“Riposo finito<5B>! Tutti<5B><05> avanti<5B>”<05>
08E4	“Vent'anni fa la strada era<05> questa, credo. Bene<5B>, è<05> giusta, è giusta. Ah<5B>, meno<05> male che non ho sbagliato”<05>
08E6	“Da qui in poi c'è un<05> supplemento di 100<47><05> Paghi?”<05>%1<05>
08E8	/100<05>“Riposo finito<5B>! Tutti<5B><05> avanti<5B>”<05>
08EA	“Riposo<5B> eterno finché non<05> escono i soldi!”<05>.90<05>
08EC	“Ecco<5B> è qui, qui, qui!! Bene,<05> io torno indietro. Parlare<05> con quello mi fa venire il<05> torcicollo.<05><5E><05> Verrà anche a te... il<05> torcicollo. Sciogli i muscoli<05> adesso”<05>
08EE	“Che fai, ti attardi. Dove stai<05> andando. Non allontanarti da<05> me”<05>
08F0	“Anche Duval da giovane<05> pare fosse molto focoso.<05><5E><05> Ma dal suo aspetto calmo<05> non si direbbe proprio”<05>
08F2	“Ultimamente Duval è<05> interessato alla<05> leggendaria Rambulvil.<05><5E><05> Se ne interessa uno come<05> Duval allora sotto c'è di<05> certo qualcosa”<05>
08F4	“Mi chiamo Penta. Sono nato<05> a Susandna, un piccolo<05> villaggio del deserto.<05><5E><05> Anch'io voglio allenare la<05> spada in questa città e<05> comandare una mia<05> squadra”<05>
08F6	“Bene, annientato il nemico<5B><05> Ora fino al rifugio di Duval<05> tutti avanti<5B>”<05>
08F8	“Questo è il villaggio di<05> Bajad... Tanto tempo fa fu<05> attaccato dai banditi<05> abbandonato e dimenticato”<05>
08FA	#13<05>“La pietra sacra che<05> proteggeva Bajad, il<05> Cristallo, pare sia stata<05> rubata dai banditi.<05><5E><05> I sacerdoti e gli abitanti,<05> persi il Cristallo, dopo un<05> lungo vagare si sono<05> stabiliti in una città<05><5E><05> chiamata Cassalia”<05>
08FC	“Cosa! Il tuo compagno ha<05> trovato il Cristallo?...<05><5E><05> È la guida delle gemme.<05><5E><05> Preghiamo anche noi che<05> voi possiate concludere il<05> viaggio sani e salvi”<05>
08FE	#13<05>“I banditi, senza capire<05> l'importanza del Cristallo,<05> lo gettarono nella caverna<05> di cristallo e ne fecero<05><5E><05> crollare l'ingresso...<05><5E><05> Noi ci abbiamo messo<05> centinaia d'anni a scavare<05> e a riaprire la caverna di<05> cristallo”<05>
0900	“Oh, che fortuna! Il Cristallo<05> si mostra di nuovo al<05> mondo...<05><5E><05> Le centinaia d'anni di scavo<05> sono valse la pena!”<05>
0902	#10<05>“Kekekeke Babunafunaabo<05> iiiiigiiigiiiiaddddebe”<05>
0904	#!13<05>“Hans e il Cristallo? Sogni e<05> speranza...<05><5E><05> Ah... In effetti a Hans forse<05> si addice...”<05>
0906	#!5<05>“Chi è quel vecchio!”<05>
090A	#!4<05>“Un uomo pieno di sogni e<05> speranza! Non sarò forse io,<05> $1?”<05>.<4C>4<05>.!<4C>5<05>*230<05>
090C	“Un villaggio... come dire...<05> con un'aria buona...<05> Insomma, è di campagna”<05>
090E	#<4C>5<05>“Mmm... questo giovane è<05> pieno di sogni e speranza.<05> Che bello”<05>
0910	“Anche tu hai un buon<05> aspetto. Che bello davvero”<05>
0914	“Mi sa che io piaccio ai<05> vecchi di qui. Ma no... vero,<05> Capo?”<05>
0916	#!4<05>“C'è qualcuno che vuole<05> vedermi? Chi, chi? Una<05> ragazza? Una ragazza?”<05>.<4C>5<05>.!<4C>4<05>*90<05>
0918	“Mi sa che io piaccio ai<05> vecchi di qui. Ma no... vero,<05> Capo?”<05>
091A	“Hans ha degli occhi<05> splendidi. Il Saggio del<05> Cristallo doveva essere<05> una persona così”<05>
091C	“Non è che si chiama Hans?<05> Ma che fisico splendido!<05><5E><05> Anche la pelle è perfetta.<05> Che ne dici, vuoi essere<05> adottato da me?”<05>
091E	“Hans è un giovane allegro<05> e simpatico. Mi ricorda la<05> mia gioventù”<05>
0920	“Hans è proprio un bravo<05> ragazzo. Vorrei averlo come<05> genero”<05>
0922	#!13<05>“Che una luce splendente<05> illumini il mondo! E che la<05> protezione del Cristallo<05> sia con voi...”<05>
0924	#4<05>“Mmm... i cristalli della<05> caverna risuonano come se<05> chiamassero qualcosa...<05><5E><05> Siete guidati dalle 7 gemme<05> di Rambulvil.<05><5E><05> Se il Cristallo ti guida, si<05> mostrerà davanti a te...<05><5E><05> ....................<05> Bene, proviamo con te.<05><5E><05> Fatti vedere bene in faccia”<05>*234<05>
0926	“Sei tornato.<05><5E><05> Mmm, anche tu sei guidato<05> dalle 7 gemme tramandate da<05> Rambulvil.<05><5E><05> Se il Cristallo ti guida di<05> certo il Cristallo si<05> mostrerà davanti a te...<05><5E><05> ....................<05> Va bene, proviamo a<05> vedere.<05><5E><05> Fatti vedere bene in faccia”<05>*234<05>
0928	“Allora cominciamo!<05><5E><05> Oh sacro Cristallo se<05> costui è guidato dalle 7<05> pietre sacre apri tu<05> stesso la via e mostrati a<05><5E><05> noi...<05><5E><05> Mmm sì, ho capito! Scaviamo!<05> Seguitemi”<05>
092A	“Allora cominciamo!<05><5E><05> Oh sacro Cristallo se<05> costui è guidato dalle 7<05> pietre sacre apri tu<05> stesso la via e mostrati a<05><5E><05> noi...<05><5E><05> ...............<05><5E><05> pensavo... ma...<05><5E><05> L'hai già fatto poco fa!”<05>
092C	“Ah<5B><5B><5B> Il Cristallo non c'è,<05> pare”<05><5E><05>+1<05>
092E	“Però i cristalli della<05> caverna non smettono di<05> agitarsi.<05><5E><05> Di sicuro in questo<05> villaggio c'è qualcuno<05> guidato dal Cristallo una<05> persona piena di sogni e<05><5E><05> speranza!”<05>
0930	“Che una luce splendente<05> illumini il mondo! E che la<05> protezione del Cristallo<05> sia con voi...”<05>
0932	“Oooh!! Questo è il sacro<05> Cristallo!”<05>.6<05>
0934	“Incredibile! Il Cristallo si è<05> mostrato!<05><5E><05> Mmm<5B>, sta per succedere<05> qualcosa di grosso.<05><5E><05> Hans, questo sacro<05> Cristallo lo affidiamo a<05> te...”<05>
0936	<05>*.236<05><59>Hans ha ottenuto il<05> Cristallo<5A><05><05><05>
0938	“Capo... il Cristallo è una<05> cosa importante, no?<05><5E><05>*.16<05>#!92<05> Ehi, Capo! Se lo porto con<05> me potrei piacere un sacco<05> alle donne, no?”<05>
093A	Ehi, Capo! Se lo porto con me<05>potrei piacere un sacco alle<05>donne, no?<05><5E><05>Eh? Capo, non è che hai lo<05>zaino pieno?”<05><5E><05>+1<05>
093C	“Che cattiveria, Capo! Butta<05> via qualcosa e prendilo<5B>”<05><5E><05>+1<05>
0940	#91<05>“Ma che scelta. Sicuramente<05> è invidia perché piaccio<05> alle donne<5B><5B><5B>”<05><5E><05>-2<05>
0942	*.189<05>“Ah<5B>, meno male. Da vero<05> Capo!”<05>
0944	“Ehhh<5B><5B><5B><5B><5B><5B><5B><5B><5B>!”<05><5E><05>-4<05>
0946	“Una recluta... Lavora come<05> se dovessi morire”<05>
0948	#!<4C>7<05>“Disturbi il lavoro, vattene!”<05>*100<05>
0950	.<4C>7<05>“Chi siete voi... Volete<05> sfidarmi?”<05>%1<05>
0952	“S-scherzavo, idiota.<05> Disturbi il lavoro, vattene!”<05>*100<05>
0954	“Ah ah ah, lo sapevo, lo<05> sapevo. Disturbi il lavoro,<05> vattene!”<05>*100<05>
0956	.!<4C>7<05>“Una recluta... fatti guardare<05> ..............Che faccia da<05> scemo... eh? Tu... assomigli a<05> $1 Non sarai mica quello<05><5E><05> vero?”<05>%1<05>
095A	“In realtà io sto dalla parte<05> degli umani. Vuoi scappare<05> con me?”<05>%1<05>
095C	“Idiota!! Ovvio che è una<05> bugia! Un pressapochista<05> come te qui non serve! Fuori<05> subito!”<05>.<4C>7<05>*100<05>
095E	“Tsk... mi ha risposto male.<05> Ma va bene, $1 non si<05> vestirebbe con questi<05> stracci!<05><5E><05> Bene, puoi entrare! Imita gli<05> altri lavoratori e porta i<05> materiali!”<05>*94<05>.<4C>1<05>
0960	“Uff, sto morendo di<05> stanchezza”<05>
0962	“Ehi, sono stanco lasciami<05> dormire!”<05>
0964	“Vietato chiacchierare”<05>
0966	“Lo sapete? L'ametista di<05> Esencia l'hanno data in<05> pasto ai Sandworm i mostri.<05> Ormai Esencia è finita<5B>”<05>
0968	“Sono io... Loran... Perché<05> devo fare queste cose...”<05>
096A	“Sono io... Loran! Mi hanno<05> sfruttato all'osso. La mia<05> rabbia non è normale!!”<05>.<4C>2<05>
096C	“Sono io! Duval! Nelle azioni<05> segrete conta la<05> pazienza... Ora resisti”<05>
096E	“Sono io! Duval! Bene,<05> cominciamo, $1! Nelle<05> azioni segrete conta<05> cogliere il nemico di<05><5E><05> sorpresa!”<05>.<4C>3<05>
0970	“Sono io, Hans. Sono<05> stanchissimo”<05>
0972	“Sono io, Hans. Già l'inizio<05> dell'operazione? Uff...”<05>.<4C>4<05>
0974	“Uff<5B>, uff<5B>, uff<5B>”<05>
0976	“Gnaaa! Gnaaa!”<05>
0978	“Shh! Sono un compagno di<05> Lidia! Stanotte porteremo<05> via la barriera che sigilla<05> la magia. Dettagli più tardi...<05><5E><05> Ora aspettiamo la notte...”<05>*96<05>
097A	#!<4C>2<05>#!<4C>3<05>#!<4C>4<05>“Andiamo. Fate come faccio io<05> e uscite quando le guardie<05> si distraggono. Seguitemi fino<05> alla barriera che sigilla la<05><5E><05> magia.<05><5E><05> Se la muovo suonerà<05> l'allarme. Allora $1 e gli<05> altri fate da copertura.<05><5E><05> Andiamo”<05>*97<05>
097C	“Io qui aspetto l'occasione<05> giusta. Voi discutete il<05> piano con i vostri<05> compagni”<05>
097E	“Ecco, il lavoro è finito.<05> Torniamo al dormitorio e<05> aspettiamo la notte”<05><40>117<05>
0980	“Uff uff, questo lavoro è<05> troppo duro per un<05> vecchio”<05>
0982	“La sacerdotessa<05> dell'Ametista, Cecil, è stata<05> portata chissà dove.<05> Poverina”<05>
0984	“Di notte si riposa, pazienza<05> fino ad allora”<05>
0986	“Non ne posso più di questi<05> giorni<5B>”<05>
0988	“Fino a quando ci faranno<05> fare queste cose...”<05>
098A	“Che vuoi, tu?<05><5E><05> A quest'ora di notte, cosa<05> vuoi? Io non sono di quel<05> tipo, davvero. Smettila!”<05>
098C	“È troppo presto per<05> riposare!! Lavorate,<05> lavorate di più! Feccia!”<05>
098E	“Tu! Chi ti ha detto di<05> riposare? Per parlare con<05> me è presto di cent'anni!!”<05>
0990	“Uraaa<5B>!!”<05>*100<05>
0992	“Non lasciare il tuo posto<5B>!<05> Torna al lavoro<5B>!”<05>
0994	“Shh! Non fare rumore... Il<05> nemico se ne accorgerà!”<05>
0996	“Shh! Attenzione. Il nemico se<05> ne accorgerà”<05>
0998	“Ora io distruggo la<05> barriera. Voi riconquistate<05> Esencia”<05>
099A	“Grazie a tutti, grazie a voi<05> abbiamo cacciato i mostri<05> da Esencia.<05><5E><05> Su, torniamo a Esencia”<05>
099C	&124<05>“Ora a Esencia tutti uniscono<05> le forze per ricostruire la<05> città”<05>
099E	“Il verde è tornato e anche<05> la gente ha ripreso<05> vigore.<05><5E><05> $1, è davvero merito tuo”<05>
09A0	&124<05>“Dobbiamo sgomberare<05> queste macerie... In fondo<05> facciamo le stesse cose di<05> prima ma non ci si può fare<05><5E><05> niente”<05>
09A2	“Il potere dell'Ametista è<05> incredibile. Che sia tornato<05> tutto questo verde.<05><5E><05> Se potesse già che c'è<05> sgomberare anche le<05> macerie”<05>
09A4	&124<05>“Grazie a $1 posso di<05> nuovo passeggiare sotto il<05> sole. Oh oh oh”<05>
09A6	“Finché sono vivo non<05> pensavo di poter vedere<05> una Esencia verde...<05><5E><05> È merito tuo, $1 $1 è il<05> grande benefattore di<05> Esencia”<05>
09A8	&124<05>“Siamo tornati a Esencia ma<05> la signora Cecil non c'è e<05> l'Ametista neppure... Le<05> preoccupazioni non<05><5E><05> finiscono mai<5B>”<05>
09AA	“L'Ametista è tornata... Se<05> ora tornasse la<05> sacerdotessa non ci<05> sarebbe altro da<05><5E><05> desiderare<5B>”<05>
09AC	&!124<05>“Fantastico! Fantastico! È<05> tornato il verde! $1 ha<05> riportato indietro<05> l'Ametista Grazie!”<05>
09AE	“I mostri sono stati cacciati<05> ma il verde non è ancora<05> tornato... Forse senza<05> l'Ametista non c'è niente<05><5E><05> da fare?”<05>
09B0	&124<05>“Sto pensando di costruire<05> una casa qui.<05><5E><05> Questo terreno era mio e<05> sono contento di averlo<05> tenuto.<05><5E><05> Quando i mostri se lo sono<05> preso ho avuto un grosso<05> shock: il mito della terra era<05> crollato!<05><5E><05> Alla fine conta la terra! La<05> terra!!”<05>
09B2	“Sto pensando di costruire<05> una casa qui con un<05> giardino verde e lussuoso!<05> Solo a immaginarlo, che<05><5E><05> meraviglia.<05><5E><05> Mmm<5B>, Esencia è davvero<05> l'Ametista Ah ah ah ah”<05>
09B4	“Grazie, $1 Anche la<05> capitana Lidia ti stava<05> cercando per ringraziarti”<05>
09B6	#61<05>“Ti prego, $1! Riprendi<05> l'Ametista! Possiamo contare<05> solo su di voi”<05>
09B8	&124<05>“Ah! Quella è l'Ametista!<05><5E><05> Non la usi e dove la stai<05> portando?”<05>
09BA	&125<05>“Grazie a $1 anche a<05> Esencia è tornato il verde.<05> Presto Esencia tornerà<05> com'era un tempo”<05><5E><05><59>$1 ha consegnato<05> l'Ametista<5A><05>*223<05><40>125<05>
09BC	“Grazie, $1”<05>
09BE	#61<05>“Speriamo che torni presto la<05> pace per andare in vacanza<05> a Sequet!”<05>
09C0	“Dicono che ci sia un tour<05> turistico dei Sandworm.<05> Quasi quasi mi iscrivo.<05><5E><05> Pare che si possa entrare<05> dentro un Sandworm”<05>
09C2	#106<05>“Ehi ehi, hai mai visto un<05> Sandworm? Dicono che è<05> enorme!”<05>
09C4	“Cosa! Hai sconfitto un<05> Sandworm! Sarà vero?”<05>
09C6	&121<05>“La capitana Lidia dice di<05> venire a parlare dentro”<05>
09C8	&124<05>“$1, ti prego, l'Ametista...”<05>
09CA	“Grazie, $1 Così anche<05> questa città tornerà<05> com'era”<05>
09CC	#61<05>“$1, anche in questa città<05> hanno rapito la<05> sacerdotessa e la gente è<05> disperata...<05><5E><05> Non possiamo passare oltre<05> e basta”<05>
09CE	&124<05>“$1, usa subito il potere<05> dell'Ametista e riporta il<05> verde”<05>
09D0	“Su, andiamo avanti!”<05>
09D2	&121<05>“Capo, ce l'abbiamo fatta!<05> Abbiamo riconquistato<05> Esencia!”<05>
09D4	#106<05>“Capo, davvero combatterai<05> contro il Sandworm? Dai,<05> lascia stare amare gli<05> animali è importante!”<05>
09D6	“Però i Sandworm sono<05> davvero enormi”<05>
09D8	“Una città che si<05> ricostruisce è una bella<05> cosa...<05><5E><05> Ops, sembro un vecchietto”<05>
09DA	&121<05>“Chissà come sta ora la<05> sacerdotessa Cecil...”<05>
09DC	&134<05>“In realtà la capitana Lidia<05> vorrebbe andare subito a<05> salvare la sua cara amica,<05> la sacerdotessa Cecil...<05><5E><05> Ma se ora la capitana lascia<05> la città la gente non si<05> riprenderebbe dallo<05> smarrimento...<05><5E><05> La più addolorata è la<05> capitana! Cerca di capirla”<05>
09DE	“Finalmente la gente di<05> Esencia ha ritrovato la<05> calma”<05>
09E4	“Grazie, $1 Grazie a te<05> siamo tornati a Esencia.<05><5E><05> Ma le piante sono<05> appassite, come morte...<05><5E><05> Perché l'Ametista, che<05> governa la forza vitale, è<05> andata perduta.<05><5E><05> L'ha inghiottita un<05> Sandworm.<05><5E><05> Ti prego, riprendi per noi<05> l'Ametista dal Sandworm”<05>+1<05>
09E8	“Grazie... Non dimenticherò<05> mai questo favore”<05><40>121<05>
09EA	“Se ora ce ne andiamo di<05> qui per sconfiggere il<05> Sandworm la città tornerà<05> nel caos.<05><5E><05> Ti prego, $1 solo tu puoi<05> aiutarci”<05>-2<05>
09EC	#61<05>“L'Ametista è la pietra che<05> governa la vita... Finché<05> resta perduta Esencia non<05> potrà ricostruirsi...<05><5E><05> Ti prego, sconfiggi il<05> Sandworm e riprendi<05> l'Ametista...”<05>
09EE	&124<05>“Ah... quella è l'Ametista!<05><5E><05> Su, esci fuori e provala”<05>
09F0	&125<05>“Grazie mille. L'Ametista la<05> riporto io in chiesa.<05><5E><05> Con questa pietra sacra<05> Esencia un giorno tornerà<05> com'era”<05><5E><05><59>$1 ha consegnato<05> l'Ametista<5A><05>*223<05><40>125<05><5E><05>+1<05>
09F2	“Quando la gente di Esencia<05> ritroverà la calma partirò<05> anch'io per salvare la<05> sacerdotessa Cecil.<05><5E><05> Allora ricambierò questo<05> favore $1, fino ad allora,<05> stammi bene...”<05>
09F4	#61<05>“Si tramanda che l'Ametista,<05> con le altre 6 gemme con il<05> suo potere abbia placato<05> una terribile sciagura...<05><5E><05> Ma quale fosse quella<05> sciagura non si è<05> tramandato”<05>
09F6	&124<05>“Ho servito in questa chiesa<05> per molti anni ma da quando<05> l'Ametista è andata perduta<05> i giorni passano vuoti.<05><5E><05> Eh?<05><5E><05> $1, non è che...<05><5E><05> Oooh!! Quella è l'Ametista!<05><5E><05> Se la usi, a Esencia tornerà<05> il verde. Su, presto<05> l'Ametista!”<05>
09F8	&125<05>“Grazie, $1 Con l'Ametista<05> anche Esencia tornerà<05> com'era un tempo.<05><5E><05> <59>$1 ha consegnato<05> l'Ametista<5A><05><40>125<05>*223<05><5E><05> Grazie mille, $1”<05>
09FA	“Grazie, $1”<05>
09FC	#106<05>“Andando sempre a ovest c'è<05> la tana del Sandworm<05> gigante ma la mamma mi ha<05> vietato di avvicinarmi”<05>
09FE	“Cosa! Hai sconfitto un<05> Sandworm! E io non l'ho mai<05> visto!”<05>
0A00	#61<05>“Anche se non si direbbe, un<05> tempo ero un guerriero<05> d'assalto: ho sconfitto un<05> Sandworm e sono entrato<05><5E><05> pure nel suo corpo”<05>
0A02	“Sei entrato in un Sandworm!<05> Che sorpresa.<05><5E><05> Non pensavo si potesse<05> davvero”<05>
0A04	&124<05>“Chissà come è fatta la<05> pancia di un Sandworm. Se<05> si potesse, vorrei entrarci”<05>
0A06	“Uh<5B>, il verde fa venire le<05> lacrime. Dare l'Ametista in<05> pasto a un Sandworm, che<05> gente assurda esiste!”<05>
0A08	&!127<05>“Ah, $1 sei davvero<05> venuto...<05><5E><05> Ti sei ricordato di uno come<05> me che gioia...............<05> ......................snif”<05>
0A12	.31<05>“Chi sei tu...........<05> ......................<05><5E><05> Entrare in casa altrui senza<05> salutare non è<05> maleducazione?<05><5E><05> Eh?<05><5E><05> Che c'è?<05><5E><05> Lasciami in pace. Sto qui<05> perché mi piace. Non<05> rompere.<05><5E><05>+1<05>
0A14	 ................<05><5E><05>E poi, non so perché sei<05>troppo sfacciato.<05><5E><05>Con quale diritto sei venuto<05>qui?<05><5E><05>Perché mi parli? Eh?<05><5E><05>Io posso stare benissimo<05>da solo.<05><5E><05>+1<05>
0A16	Qui, da solo, se canto<05>nessuno si lamenta.<05><5E><05>E non mi annoio neanche un<05>po'!<05><5E><05>La prova è che vivo qui da<05>solo da tanto tempo.<05><5E><05>Da quanti anni sarà...<05><5E><05>Non ho parlato con nessuno<05>e non ne ho mai sentito il<05>bisogno.<05><5E><05>+1<05>
0A18	Quindi adesso smettila di<05>parlarmi. Hai capito? Dì<05>qualcosa.<05><5E><05>Che c'è? Dai, dì qualcosa.<05>Ti sei arrabbiato?<05><5E><05>Ti ho chiesto se ti sei<05>arrabbiato!<05> ....................<05><5E><05>Sei arrabbiato?<05> ......................<05><5E><05> ................<05>Ehi, sei arrabbiato?”<05><05><05>+1<05>
0A1E	“Meno male”<05>
0A22	&122<05>“Ah, già. Qui si trovano tante<05> cose rare... Che ne dici di<05> questa?”<05><5E><05><05><49>255<05><49>218<05><59>$1 ha ottenuto il Libro di<05> Strim<5A><05><05><05><5E><05><40>122<05>*.87<05>+4<05>
0A26	&123<05>“Ah, già. Qui si trovano tante<05> cose rare... Che ne dici di<05> questa?”<05><5E><05><05><49>255<05><49>218<05><59>$1 ha ottenuto un arco<05> elegante<5A><05><05><05><5E><05><40>123<05>*.40<05>+2<05>
0A2A	“Ehi, sei ancora<05> arrabbiato?”<05><05><05><05>-8<05>
0A2E	“Se ti va, prendi questa. È una<05> gemma bellissima, no?”<05><05><05><5E><05>*.236<05><59>$1 ha ottenuto l'Ametista<5A><05><05><05><5E><05>“Eh, davvero. È una gemma<05> così importante?”<05><05><05><5E><05>*.68<05>+1<05>
0A30	“Beh, ormai ci siamo<05> conosciuti...<05><05><05><5E><05> Vieni a trovarmi ogni tanto...<05> Ti aspetto...”<05><05><05>
0A32	“Volevo darti qualcosa ma<05> hai lo zaino pieno...<05><5E><05> Beh, ormai ci siamo<05> conosciuti...<05><5E><05> Vieni a trovarmi ogni tanto...<05> Ti aspetto...”<05>
0A34	“La capitana Lidia e la<05> sacerdotessa Cecil erano<05> affiatate come sorelle.<05> Capisco benissimo come si<05><5E><05> sente la capitana”<05>
0A36	“Anche a voi, $1, hanno<05> rapito una persona cara,<05> vero?...<05><5E><05> Ah, vorrei sconfiggere quei<05> mostri con le mie mani...”<05>
0A38	“Idiota! Non fare rumore... Il<05> nemico se ne accorgerà”<05>
0A3A	“Sequet ha rafforzato la<05> vigilanza per proteggere la<05> città dai banditi di montagna.<05> In città potete stare<05><5E><05> tranquilli quindi rilassatevi<05> pure”<05>
0A3C	“Cia<5B>o”<05>
0A3E	“Sequet era una città che<05> conservava antiche leggende<05> ormai dimenticate nelle altre<05> città.<05><5E><05> Ora è diventata una città<05> di villeggiatura.<05><5E><05> La leggenda di Rambulvil?<05> ...mmm<5B>...<05><5E><05> Mi sembra che ci fosse<05> anche una storia così...”<05>
0A40	“Giovanotto, è la prima volta<05> a Sequet? Io vengo tre<05> volte l'anno. Non c'è altra<05> città così bella si mangia<05><5E><05> bene e le ragazze sono<05> belle”<05>
0A42	“Scusi, dov'è la spiaggia?”<05>%1<05>
0A44	“Ma dai! Con sì e no non si<05> capisce dove sia!”<05>
0A46	“Ma dai! Con sì e no non si<05> capisce dove sia!”<05>
0A48	“Il passaggio da qui in poi è<05> vietato. Perché ci sono i<05> banditi di montagna...”<05>
0A4A	“Io vivo a Sequet quindi<05> anche a questa età mi<05> sento ancora giovane. Ah<05> ah ah!”<05>
0A4C	“Ecco, ecco! Questo cercavo<05> io. Una città così, Capo! Io<05> mi trovo sicuramente la<05> ragazza! Anche tu datti da<05><5E><05> fare, Capo!”<05>
0A4E	“Eh? E ora? Mi faccio<05> offrire qualcosa<5B>!<05><5E><05> Come, non era un<05> approccio? Uffa!!”<05>
0A50	“Ehi, con tutta quell'armatura<05> non hai caldo?”<05>
0A52	#<4C>1<05>“Benvenuti al 'Ristorante<05> con vista mare'<05><5E><05> Qui è riservato alle<05> coppie. Tornate con la<05> vostra compagna”<05>
0A54	#<4C>4<05>“Benvenuti al 'Ristorante<05> con vista mare'<05><5E><05> Cosa desiderate?”<05>*146<05>
0A56	“Benvenuti al 'Ristorante<05> con vista mare'”<05>
0A58	“Il piatto più costoso e più<05> buono, per due!”<05>
0A5A	“Certamente”<05>
0A5C	“Ecco a voi, prego”<05>
0A5E	“Uff, che buono. Grazie del<05> pasto”<05><5E><05>.<4C>4<05>>800<05>#90<05>*.160<05><05><59>Ti hanno preso tutto<5A><05><05><05>
0A60	/<05><05><59>Il conto: 800<47> pagati<5A><05><05><05>
0A62	“Eheheh! Anche tu sei venuto<05> in questa città in cerca di<05> avventure?”<05>
0A64	*.63<05>“Stasera con quella...<05> Uhihihi!<05><5E><05>+1<05>
0A66	*.44<05>#90<05>...Uhihihihihi!!<05><5E><05>-0<05>
0A68	...Brividi!!”<05>
0A6A	“Ehi ehi, non parlarmi mi<05> distrai”<05>
0A6C	“Io vengo da una città giù<05> a sud di Sequet, chiamata<05> Barn.<05><5E><05> Sequet è una gran bella<05> città, eh”<05>
0A6E	“Se penso a Elen e alle<05> altre non ci si può divertire<05> in un posto così vero,<05> $1?”<05>
0A70	#<4C>1<05>“Hans, noi abbiamo un compito<05> importante e lui si diverte<05> da solo! Che vergogna”<05>
0A72	“$1<5B>! Ehi<5B>! Pivello!! Cosa ti<05> diverti a fare!!”<05>
0A74	“.................”<05><5E><05><05><59>Sembra che lui sia entrato<05> in un mondo tutto suo e di<05> lei<5A><05><05>
0A76	“.................”<05><5E><05><05><59>Sembra che lei sia entrata<05> in un mondo tutto suo e di<05> lui<5A><05><05>
0A78	“A nord di questa città da<05> sempre abitano dei banditi di<05> montagna. Per difenderci da<05> loro facciamo la guardia<05><5E><05> così.<05><5E><05> Ultimamente sono diventati<05> feroci all'improvviso. Alcuni<05> sembrano mezzi mostri. Non<05> si può abbassare la<05><5E><05> guardia”<05>
0A7A	&127<05>“Capo, ti presento Cosette!<05> Suo padre è un soldato di<05> questa città.<05><5E><05> Perciò anche lei vuole<05> diventare soldato e<05> proteggere la città. Che bel<05> pensiero<5B>”<05><40>127<05>
0A7C	#<4C>1<05>“Uffa Capo sono sul più<05> bello, vai via!”<05>
0A7E	“Pea<5B>ce!!”<05>
0A80	&127<05>“Mi chiamo Cosette. Sei amico<05> di Hans, vero? Hans è una<05> persona divertente”<05>
0A82	“Di $1 ho sentito parlare<05> da Hans. Dice che sei<05> coraggioso...<05><5E><05> Vorrei imparare anch'io<05> eheh”<05>
0A84	#!44<05>“Wow<5B> $1 L'altra volta mi<05> hai fatto compagnia Grazie<05> mille”<05>
0A86	“Ehi, bel ragazzo! Se hai<05> tempo e soldi esci con me?”<05>%1<05>
0A8A	“Mmh<5B>, che freddo! Ciao<05> ciao!”<05>
0A8C	“Kyaa, che gioia! Allora<05> prima facciamo due passi!”<05>.<4C>1<05>*103<05>
0A8E	“Ehi... ora andiamo al<05> ristorante a mangiare?”<05>%1<05>
0A90	“Kyaa, che gioia! Ho una fame<05> da lupi!”<05>
0A92	“Mmh<5B>, che freddo! Ciao<05> ciao!”<05>.!<4C>1<05>
0A94	“Ehi, voglio la collana che<05> vendono qui in negozio, dai,<05> ti prego?”<05>%1<05>
0A96	“Kyaa, grazie! La volevo<05> tantissimo!”<05>
0A98	“Mmh<5B>, che freddo! Ciao<05> ciao!”<05>.!<4C>1<05>
0A9A	“Questo, il più caro e più<05> grosso<5B><05><5E><05> Bello, vero<5B>?”<05>%1<05>
0A9C	“Evvi<5B>va!”<05>
0A9E	“Mmh<5B>, che freddo! Ciao<05> ciao!”<05>.!<4C>1<05>
0AA0	“Sono 700<47>”<05>
0AA2	>700<05>#90<05>“Eh! Non li hai?<05> ......<05><5E><05> E la carta?<05> ......<05><5E><05> Nemmeno quella?<05><5E><05> Mmh<5B><05><5E><05> Allora ciao”<05>.!<4C>1<05>
0AA4	/<05>“Grazie, $1!”<05><49>139<05><59>Hai pagato 700<47><5A><05><05><05>.<4C>2<05>
0AA6	.44<05>“Oggi mi sono divertita!<05> Speriamo di rivederci,<05> ciao!<05><5E><05> ...E questo è un regalo da<05> parte mia ...Bacio!...”<05><5E><05><05><05><59>$1 è stato...<05><05><5E><05>    baciato<5A><05><05><5E><05>#92<05>“Allora, a presto”<05>
0AA8	“Ah, ecco! Oggi sono stata<05> così felice che ti do anche<05> questo. Si tramanda in<05> famiglia da generazioni.<05><5E><05> Non lo porto sempre con<05> me, sai. Se ti va, usalo.<05><5E><05><05><49>255<05><49>218<05> <59>Hai ottenuto l'armatura<05> Incanto<5A><05><05><05>
0AAA	&!131<05>&132<05><49>212<05>“Fgyaaah!”<05>
0AAC	<49>167<05>“Mia<5B><5B><5B>o frr”<05>
0AAE	&!131<05>&132<05><49>210<05>“Ki<5B><5B>n kyawn”<05>
0AB0	<49>166<05>“Bau!”<05>
0AB2	“Hotel di lusso, da re<05><05> Per la villeggiatura a<05> Sequet scegliete il nostro<05> hotel a 5 stelle ”<05>
0AB4	“Dolci ricordi in due...<05><05> Al 'Ristorante con vista<05> mare'”<05>
0AB6	“Spiaggia di Sequet”<05>
0AB8	“Benvenuti a Sequet città di<05> mare e vacanze!”<05>
0ABA	“Benvenuti a Sequet paradiso<05> dell'eterna estate!”<05>
0ABC	“Benvenuti a Sequet città<05> dichiaratamente di<05> villeggiatura!”<05>
0ABE	&133<05>“Aiuto, aiuto...<05><5E><05> Ah, non eravate banditi.<05> Meno male, meno male.<05><5E><05> Comunque scappate presto.<05> Quei banditi non sono umani”<05>
0AC0	“Aiuto, aiuto.<05><5E><05> Come? Ora è tutto a posto?<05> Davvero? Meno male, meno<05> male”<05>
0AC2	“Che orrore... $1! Se<05> lasciamo correre non<05> siamo più uomini!<05><5E><05> Annientiamo i banditi”<05>
0AC4	“Ma che addestramento<05> faceva la guardia di questa<05> città! È troppo triste per la<05> gente...”<05>
0AC6	“Hans? C'è Hans?<05><5E><05> Cosette ha detto che<05> avrebbe vendicato tutti ed è<05> uscita da sola dalla città!<05><5E><05> Seguitela subito!! Altrimenti<05> anche Cosette!”<05>
0AC8	&133<05>“............ che male...”<05>
0ACA	“............ che male...”<05>
0ACC	&133<05>“Uh, quelli non sono umani<05> sono mostri!”<05>
0ACE	“Vero che erano mostri?”<05>
0AD0	&133<05>“Aiutatemi, aiutatemi!”<05>
0AD2	“Mi hai salvato! Che gioia!”<05>
0AD4	“Capo! Cosette è andata da<05> sola alla caverna dei<05> banditi! Non possiamo stare<05> fermi. Dobbiamo salvare<05><5E><05> Cosette!”<05>
0AD6	“Ah ah, sei arrivato fin qui,<05> complimenti. Non sei come<05> quelli di Sequet... Bravo, ma la<05> tua fatica è inutile!<05><5E><05> Perché io, con la magia di<05> Qualcuno, ho ottenuto una<05> forza diversa da quella<05> umana!!”<05>
0AD8	“C-Cosette!!”<05>
0ADA	“...Hans, sei Hans? Gli occhi...<05> si annebbiano, non vedo<05> più...<05><5E><05> Ma... sei venuto...”<05><40>132<05>
0ADC	“Capo! Dobbiamo andare in<05> ospedale! Dobbiamo tornare<05> a Sequet!”<05>
0ADE	&!133<05>“Capo, vai in fretta altrimenti<05> soffro anch'io!”<05>
0AE0	“Capo... posso restare qui?<05> Finché la città non sarà<05> tornata com'era, voglio<05> proteggerla...<05><5E><05> Vedi, la mia Winga, dove<05> sono nato, si muoveva, no?<05> Perciò non ho mai vissuto<05> in un solo posto...<05><5E><05> Capo, mi perdoni questo<05> capriccio?”<05>+1<05>
0AE4	“Capo... grazie... grazie...<05><5E><05> Ehi, Capo, stammi bene...”<05><5E><05><05><59>La squadra di Hans se n'è<05> andata<5A><05><05><05><40>133<05>*131<05>
0AE6	“Eh già, è comprensibile. Ma<05> questo capriccio vorrei<05> che me lo concedessi Capo, ti<05> prego! Ti va bene?!”<05>+1<05>
0AEC	“Capo, ti prego lasciami<05> restare qui!”<05>-2<05>
0AEE	#<4C>3<05>“$1, sono Cosette. Ormai sto<05> benissimo...<05><5E><05> Insieme a Hans<05> riporteremo questa città<05> com'era.<05><5E><05> Ecco... vi prego perdonate<05> Hans”<05>.<4C>3<05>
0AF0	“Fate buon viaggio...”<05>
0AF2	“...Nemmeno io, questa volta<05> posso rimproverare Hans”<05>
0AF4	&133<05>“$1, ascoltiamo quello che<05> ha da dire Hans”<05>
0AF6	“...............Andiamo... $1”<05>*147<05>
0AF8	“A pensarci, è stato un<05> viaggio lungo e insieme<05> breve”<05>
0AFA	“$1... stammi bene”<05>
0AFC	“Separarsi... è proprio<05> triste”<05>
0AFE	“Grazie di aver ascoltato il<05> capriccio del capitano<05> Hans”<05>
0B00	“$1... stammi bene”<05>
0B02	“Gnam gnam”<05>
0B04	“Anche tu sei venuto in<05> questa città per<05> villeggiare?”<05>%1<05>
0B06	“Allora non hai niente da<05> fare qui. Fuori, subito!”<05><05><05><05>
0B08	“Allora che sei venuto a<05> fare?”<05>%2<05> Cerco la sacerdotessa<05> Voglio conoscere la leggenda<05>
0B0A	“Sacerdotessa? Non so. Io<05> posso raccontarti solo<05> vecchie storie inutili...”<05>
0B0C	“Vuoi sentire vecchie<05> storie? Oh, bene, bene,<05> benvenuto. Cosa?<05><5E><05> Vuoi sapere della sciagura<05> portata a Rambulvil dal<05> Saggio del Rubino?<05><5E><05> Hai gusti piuttosto seri.<05><5E><05> Pare fosse un mostro<05> terribile chiamato<05> Jisfandel. Ma dei dettagli<05> non so molto...”<05>*222<05>
0B0E	“Aspetta un attimo!! Se è per<05> quella storia, mi pare che<05> sia scritta in un libro<05> antichissimo che ho io...”<05>
0B10	“Ecco, ecco, questo è il libro<05> ..................<05> ..........<05> .............<05><5E><05> '...In quel tempo a Rambulvil<05> nella nostra storia<05> continuava un'epoca di pace<05> mai vista prima'<05>
0B12	'Ma a un certo punto ai<05>confini del continente dei<05>mostri invasero e<05>distrussero molte città.<05><5E><05>Da allora tra Rambulvil e i<05>mostri continuarono le lotte e<05>la pace andò perduta...'<05>
0B14	'...Jisfandel fu creato dai 7<05>Saggi per riportare la pace.<05>È una gigantesca creatura<05>magica...'<05><5E><05> ..............<05>Non sembra scritto che<05>Jisfandel fosse un mostro<05>terribile”<05>.<4C>7<05>
0B16	#<4C>7<05>“Il pensiero della nonna è il<05> mio. Se vuoi sapere, chiedi<05> alla nonna”<05>
0B18	“Chi mai sarà stato questo<05> Jisfandel...”<05>
0B1A	“Si dice che chi suggerisce<05> ai banditi sia un tipo tetro<05> con un bastone con il<05> rubino.<05><5E><05> Che razza di cattivo sarà<05> mai?”<05>
0B1C	&133<05>“Una ragazza di nome Cosette<05> è andata alla tana dei<05> banditi a nord per<05> sconfiggerli. Chissà che ne<05><5E><05> è di lei ora”<05>
0B1E	“Anche quella Cosette è<05> proprio una ragazza<05> coraggiosa”<05>
0B20	&133<05>“...Sequet è finita. Anch'io<05> stavo per scappare a<05> Barn”<05>
0B22	“Ah<5B>, anche Sequet è ridotta<05> a pezzi.<05><5E><05> Non è che il mondo finirà<05> così? Io sono<05> preoccupatissimo”<05>
0B24	&133<05>“Nonna, nonna...<05><5E><05> Riprenditi, ti prego”<05>
0B26	“Basta che la nonna sia<05> viva e per me va bene...”<05>
0B28	&133<05>“Uhihihi accadrà una<05> sciagura<5B> Una sciagura<05> che spazzerà via il mondo<05> accadrà<5B>”<05>
0B2A	“Ah, avete cacciato i banditi.<05> Grazie, ci avete salvato.<05><5E><05> Prima, per lo shock devo<05> aver perso la testa anch'io”<05>
0B2C	“Anche tu sei qui per rubare<05> ai banditi il famoso arco<05> fortissimo?<05><5E><05> Lascia stare, lascia<05> stare.<05><5E><05> La sorveglianza è così<05> stretta che ormai ci<05> rinuncio anch'io”<05>
0B2E	“Ma vuàltri, da 'ndo siete<05> vinuti?”<05>
0B30	“A ovest di Barn, ben<05> distante c'è la città di<05> Tsungal, che parla un<05> dialetto strettissimo!<05><5E><05> Rispetto a quella Barn è<05> una metropoli!”<05>
0B32	“Ma che dici, parli proprio<05> in modo strano! Sei di<05> campagna?”<05>
0B34	“Lo sai? A Tsungal il fiume è<05> straripato e mezza città<05> sta nell'acqua”<05>
0B36	“Gonnuzubà!”<05>
0B38	“Tu non sei mai stato a<05> Barn? Ti ha sorpreso, eh?<05> Questo dialetto! Ma non<05> stupirti per così poco<05><5E><05> Tsungal, a ovest, è molto<05> peggio”<05>
0B3A	“Mi sono trasferito da Sequet<05> a Barn.<05><5E><05> Un giorno vorrei costruire<05> qui una pensione per chi<05> ama davvero la natura”<05>
0B3C	“Lo sai? Il fiume di Tsungal<05> l'ha fatto straripare un<05> mostro enorme, Gel de Rei”<05>
0B3E	“Ccà è 'a città 'e Barn.<05> Statevi comodi, senza<05> pressa!”<05>
0B42	“Che bella jurnata, eh!”<05>
0B48	“Io nun capisco 'o gallo. Vuò<05> ca te 'o traduco?”<05>%2<05> Sì, traduci<05> No, grazie<05>
0B4A	.14<05>.!27<05>“'Coccò coccò' fa 'a mamma<05> 'chicchirichì' 'o papà.<05><5E><05> ................<05> ................<05><5E><05> e tu nun capisci 'na mazza”<05>
0B4C	“E vabbè”<05>
0B4E	#14<05><49>153<05>“Cocc! Cocc!”<05>.<4C>5<05>
0B50	“Ho fame<5B>”<05>
0B52	#14<05><49>153<05>“Cocco, cocococc”<05>.<4C>6<05>
0B54	“Cocc, cocc, mi si è irrigidita<05> la spalla, cocc cocc<05> ultimamente...”<05>
0B56	#14<05><49>153<05>“Cocc, coccocc”<05>.<4C>7<05>
0B58	“Mi dicono sempre che ho la<05> faccia pallida.<05><5E><05> Vorrei essere un po' più<05> scuro”<05>
0B5A	&131<05>“Ma che lingua parla la<05> gente di questa città! Non<05> si capisce niente!”<05>
0B5C	&132<05>“$1! Non è il momento di<05> stare tranquilli a guardare<05> il mare”<05>
0B5E	“Su, sbrighiamoci, $1 Non<05> è il momento di lasciarsi<05> andare ai sentimenti”<05>
0B60	“Ma che lingua è questa?<05> Così non possiamo<05> raccogliere informazioni<05> sulle sacerdotesse, come<05><5E><05> Cecil”<05>
0B62	&131<05>“In questa città ci sono<05> stato tanto tempo fa e ho<05> imparato il dialetto locale, il<05> 'tsungalese'<05><5E><05> Risentirlo dopo tanto tempo<05> mi commuove”<05>
0B64	&132<05>“Che fai imbambolato, $1!<05> Dobbiamo tornare subito a<05> Sequet o sarà troppo tardi”<05>
0B66	“Quel Hans... Anche uno così,<05> quando manca lascia un<05> vuoto”<05>
0B68	“$1!!”<05>
0B6A	“La città di Sequet è stata<05> attaccata dai banditi! Vi<05> prego, mandate rinforzi!”<05>
0B6C	“Ohi, che disastro!!<05> Cosette... Cosette è in<05> pericolo. Torniamo subito,<05> Capo!”<05><40>131<05>
0B6E	“Torniamo subito a Sequet,<05> Capo!”<05>
0B70	“Ah<5B>, Cosette... vorrei<05> rivederla<5B>”<05>
0B72	“Capo! Cosette è così dolce<05> e brava, non trovi? Non<05> trovi?”<05>
0B74	“Cosette dice che io sono<05> buffo e divertente, eheh.<05> Uffa Capo, mi fai arrossire!”<05>
0B76	“Cosette è la migliore, vero!<05> Salviamo presto le<05> sacerdotesse e torniamo a<05> Sequet, Capo!”<05>.45<05>
0B78	“Convenience Barn”<05>
0B7A	“Che anche oggi ce ne sia in<05> abbondanza ”<05>
0B7C	“$1<5B><5B>!”<05>
0B7E	“$1, quanto tempo. Sono<05> Lidia di Esencia.<05><5E><05> Grazie a te, $1, Esencia<05> sta tornando com'era.<05><5E><05> Ora tocca a me aiutare te.<05> Sono certa di esserti utile,<05> $1<05><5E><05> Mi accogli con la mia<05> squadra?”<05>+1<05>
0B82	“Sapevo che l'avresti detto.<05> Andiamo a salvare le<05> sacerdotesse”<05><5E><05><05><59>La squadra di Lidia si è<05> unita a te! Lo Zaffiro di $1<05> ha brillato!!<5A><05><05>*.122<05><40>134<05>
0B84	“Io e te abbiamo lo stesso<05> obiettivo: salvare le<05> sacerdotesse! Ti prego,<05> accogli la mia squadra!”<05>-2<05>
0B86	“Tsungàl 'nu paese veru<05> mangia e sta bbuono!”<05>*177<05>
0B88	“'Benvenuti a Tsungal,<05> davvero siete venuti' dice”<05>
0B8C	“Cuntàmo 'sto sciume ca me<05> trema 'a casa. Alè, bangrà!”<05>*177<05>
0B8E	“Il fiume ha smesso di<05> straripare all'improvviso e<05> lui pare stupito”<05>
0B90	“Cuntàmo 'nu dopplà dopplà<05> 'o sciume grussissimo, 'a<05> città a metà 'int'all'acqua!”<05>*177<05>
0B92	“'Il fiume più avanti è<05> straripato e metà città è<05> finita sott'acqua', dice”<05>
0B94	“'O sciume 'ncoppa 'o<05> quartiere 'nu magazzino 'e<05> arme, ciac ciac pieno 'e<05> armamenti!”<05>*177<05>
0B96	“'Dove c'è l'acqua c'è un<05> negozio d'armi con molte<05> armi potenti', dice...”<05>
0B98	“Io parlare io vostro<05> linguaggio.<05><5E><05> negozio persona capire<05> poco parlare io vostro<05> linguaggio.<05><5E><05> ma negozio persona<05> parlare io non capire<05> negozio persona<05> importante”<05>
0B9C	“'O sciume dopplà dopplà,<05> 'ncoppa 'a diga ca s'è<05> rutta mmeschèchete 'nu<05> pucurillo”<05>*177<05>
0B9E	“Il fiume è straripato<05> perché la diga a monte si è<05> rotta...”<05>
0BA0	“'A diga? Nun sacc' nìente.<05> Chi 'a sape chi l'ha fatta”<05>*177<05>
0BA2	“'Ha riparato perfino la<05> diga Che tempra!', dice”<05>
0BA6	“Mia casa, tuttu 'nzuppatu<05> m'aggia sbrigà a sistemà”<05>*177<05>
0BA8	“'Devo tornare subito a casa<05> a riparare la casa<05> allagata', dice”<05>
0BAA	“Chist'ommo, 'a casa soja 'o<05> sciume s'è pigliata”<05>*177<05>
0BAC	“La casa di quest'uomo pare<05> sia finita in fondo al fiume<05> straripato”<05>
0BB0	“$1, tu non capisci per<05> niente la lingua di questa<05> gente, vero? Vuoi che ti<05> faccia io da interprete?”<05>+1<05>
0BB4	“Bene, d'ora in poi ti seguo<05> io!”<05><40>136<05>*106<05>
0BB6	“Che testardo. Per me va<05> bene”<05>.<4C>1<05>
0BB8	“In realtà sei in difficoltà,<05> no? Dai, ti traduco io”<05>-3<05>
0BBA	“Abbara' ba' Tsungàl e bellu<05> gelsu, ohimè ohimè ciao<05> caro!”<05>*177<05>
0BBC	“Quest'uomo è solo ubriaco<05> e dice cose senza senso.<05> Prende in giro la gente!”<05>
0BBE	“Casa mia sta sott'acqua, uè<05> 'o vinu me fa durmì, uè ma<05> ch'aggia fà!”<05>*177<05>
0BC0	“'Ho la casa sommersa dal<05> fiume e non ho altro da fare<05> che bere sake', dice.<05><5E><05>&139<05> Se cercasse lavoro ce n'è<05> quanto vuoi. Che pigrone!”<05>
0BC2	Beve solo sake e non sa<05>nemmeno che il fiume ha<05>smesso di straripare. Che<05>pigrone!”<05>
0BC6	#!25<05>“Eh? Vuoi che venga con te?<05><5E><05> Mi hai scelta perché sono<05> una donna? Ho capito,<05> lascia fare a me”<05>*107<05>.15<05>
0BC8	“Anche questa è una città<05> incomprensibile. Di cosa<05> staranno parlando...”<05>
0BCE	“'Ste femmene sole, 'sti<05> uommeni fora, fora, mo'<05> basta!”<05>*177<05>
0BD0	“'Parlo solo con le donne<05> Gli uomini fuori', dice! Che<05> imbecille!<05><5E><05> Non serve ascoltare uno<05> così! Ma cosa ha in testa?”<05>.25<05>
0BD2	“Sulo 'e femmene restano<05> l'uommeni fora, fora!”<05>*177<05>
0BD4	“'Lasciate le donne, gli<05> uomini fuori' dice: restiamo<05> con Lidia e usciamo fuori”<05>*108<05>
0BD8	“'Bella 'a ggente, che bello<05> ohohoh, sta 'ndretto 'e ccà',<05> dice ma che vorrà dire...”<05>
0BDA	“'Bella, hai un bel sedere! Ti<05> racconto una storia<05> segreta?' dice”<05>
0BDC	“'O sciume 'ncoppa a<05> Tsungàl 'a sacc'io tutt' 'e<05> 'ncumbenze”<05>
0BDE	“'Del fiume di Tsungal io so<05> tutto conosco la storia',<05> dice”<05>
0BE0	“Che lingua strana ma pare<05> dica: 'Per fermare<05> l'esondazione, la diga la<05> conosce'”<05>
0BE2	“'O sciume 'ncoppa 'a diga<05> se roté quanti uommeni<05> riparano bella bella<05> ohohoh!”<05>
0BE4	“'Sopra il fiume, la diga gira<05> ohohoh bella bella' dice”<05>
0BE6	“Lidia, non hai capito bene.<05><5E><05> 'Il fiume: la diga è girata<05> è rotta, quell'uomo sa<05> ripararla, ma sai,<05> signorina, hai proprio bel<05><5E><05> seno'<05><5E><05> Ecco cosa dice”<05>
0BE8	“Scusate! Mi sta venendo il<05> mal di testa e devo andare.<05><5E><05> Non ci capisco più<05> niente!”<05><40>137<05>
0BEA	&138<05>“Questa città stanca più di<05> Barn... Fatemi riposare un<05> po'”<05>
0BEC	&139<05>“Cerchi un boscaiolo?<05><5E><05> Ora che ci penso, anche<05> vicino a Segaltea mi pare<05> abitasse un boscaiolo<05> sospetto...”<05>
0BEE	“Che intoppo proprio qui...<05><5E><05> Non possiamo perdere<05> tempo. Su, sbrighiamoci<05> verso la prossima città!”<05>
0BF2	“Ohilà, ragazzi! Viene 'nu<05> bestione l'altro giorno 'nu<05> mostro 'nu gran disastro<05> ha combinato ha rutto 'o<05><5E><05> sciume.<05><5E><05> E voi, voi siete i colpevoli.<05> Mannaggia!”<05>*177<05>
0BF4	“'L'altro giorno è arrivato<05> di colpo un mostro<05> dicendo: 'Ci sono dei tizi che<05> non devono passare' e ha<05><5E><05> fatto straripare il fiume.<05><5E><05> Quei tizi siete voi!' dice<05> arrabbiato. Per ora<05> ritiriamoci”<05>
0BF6	“'Ncopp' 'o sciume, sì sì<05> chi 'o sapeva, mo grazie a<05> vuie, 'o miracolo!”<05>*177<05>
0BF8	“'Siete voi che avete<05> sistemato l'esondazione,<05> vero Grazie mille, siamo<05> commossi È la gioia più<05><5E><05> grande del mondo'<05><5E><05> dice Ma l'altra volta diceva<05> tutt'altro!”<05>
0BFA	“'Nu bbonu sakè, 'nu bbonu<05> sakè chist'è 'o megghio 'e<05> Tsungàl ”<05>*177<05>
0BFC	“'Il sake di qui è davvero<05> buono beviamo tutti insieme',<05> dice”<05>
0C00	“'A diga, 'a facite subito!”<05>*177<05>
0C02	“Dice: 'Alla diga siamo stati<05> aggrediti dai mostri'”<05>
0C06	“Vuie vulite riparà 'a diga<05> nun è overo?”<05>*177<05>
0C08	“'Volete riparare la diga<05> rotta?' chiede Che facciamo?<05> La ripariamo?”<05>%1<05>
0C0C	“Mah, chi ve dice, ba.<05> Scumparite!”<05>*177<05>
0C0E	“'Se non avete niente da<05> fare tornatevene a casa',<05> dice”<05>
0C12	“Si nun me fussi ferito 'o<05> cunuscìa 'nu boscaiolo ca<05> me dava 'nu ciocco pe'<05> sistemà 'a diga...”<05>*177<05>
0C14	“'Se non fossi ferito<05> prenderei un tronco da un<05> boscaiolo che conosco e<05> riparerei la diga...'<05><5E><05> Dice così”<05>
0C18	“'Sò cuntento p''a diga 'a<05> ferita nun s''a pò sanà'”<05>*177<05>
0C1A	“'Meno male che la diga è a<05> posto peccato che la ferita<05> non guarisca' dice”<05>
0C1E	“'O tronco, si l'hai miettelo<05> 'ncoppa 'a diga e<05> s'aggiusta 'a Mastica”<05>*177<05>
0C20	“'Se hai il tronco usalo<05> proprio sopra la diga e la<05> diga si ripara facilmente'<05> dice”<05>
0C22	“Jisfandel, sì, sì, che cosa<05> aspettano ca 'o mostro se<05> sveglia mo mo”<05>*177<05>
0C24	“'I mostri aspettano il<05> risveglio di un demone<05> chiamato Jisfandel.<05><5E><05> Se Jisfandel si risveglia gli<05> umani saranno distrutti<05> dicevano i mostri' Ecco<05> cosa dice.<05><5E><05> Di nuovo Jisfandel!<05><5E><05> Chi mai sarà questo<05> Jisfandel? Chi vuole<05> risvegliare un demone così<05> terribile!”<05>
0C26	“'Vicino, a Bubure, ce sta 'a<05> sacerdotessa d''o Turchese<05> 'a pace 'o munno!”<05>*177<05>
0C28	“'La città vicina, Bubure, è<05> dove c'è la sacerdotessa<05> del Turchese.<05><5E><05> Forse la più pacifica del<05> mondo', dice.<05><5E><05> La sacerdotessa del<05> Turchese... Speriamo che<05> stia bene...”<05>
0C2A	“Da Bubure so' vinuti guai<05> fumo 'ncielo 'a nord, pe'<05> l'ammore!”<05>*177<05>
0C2C	&146<05>“Attenti! $1!<05><5E><05> 'A Bubure ultimamente c'è<05> stato un trambusto A nord<05> si vedevano fiamme che si<05> alzavano', dice!<05><5E><05> La sacerdotessa di Bubure<05> è in pericolo. Non c'è tempo<05> da perdere!”<05>
0C2E	“'Ultimamente dalle parti di<05> Bubure pare ci sia stato<05> un trambusto A nord si<05> vedevano alzarsi le fiamme',<05><5E><05> dice...<05><5E><05> $1, noi dobbiamo salvare<05> le sacerdotesse a ogni<05> costo!”<05>
0C30	<59>Hai bloccato la diga con il<05> tronco: l'acqua si è<05> fermata!<5A><05>*.236<05>
0C32	“Ah, la signora Claire! La<05> sacerdotessa del Turchese,<05> Claire, è stata rapita dai<05> mostri. E ora che<05><5E><05> facciamo!”<05>
0C34	&146<05>“Saputo del vostro arrivo, i<05> mostri sono fuggiti nella<05> caverna del vulcano.<05><5E><05> Siete ancora in tempo. Vi<05> prego, salvate la signora<05> Claire!”<05>
0C36	“La signora Claire vi ha<05> affidato il Turchese. Anch'io<05> mi fiderò di voi”<05>
0C38	“Ahi<5B>, ahi<5B> Fate qualcosa<5B><05> ahi<5B>...”<05>
0C3A	“Fgyaa fgyaa”<05>
0C3C	&146<05>“Senza che ce ne<05> accorgessimo, nel cratere<05> del vulcano a ovest si sono<05> insediati dei mostri.<05><5E><05> Quello che ha rapito la<05> signora Claire è fuggito là<05> a chiedere aiuto”<05>
0C3E	“La signora Claire per<05> noi... uh uh...”<05>
0C40	&146<05>“V-vi prego, viandanti<05> salvate la signora Claire<05> da loro! Solo voi potete<05> aiutarci”<05>
0C42	“Signora Claire... È finita,<05> ormai non ho più speranza<05> di vivere”<05>
0C44	&146<05>“È troppo... troppo crudele!<05> Se fossimo arrivati un po'<05> prima avremmo potuto<05> proteggere questa città!”<05>
0C46	“Andiamo, $1... Io non<05> posso più perdonare<05> Ezechiel!”<05>
0C48	&146<05>“Che aspettate! Inseguiamo il<05> mostro che ha rapito la<05> sacerdotessa del Turchese!<05> Sbrigati, $1!”<05>
0C4A	“Io, distratto per aver<05> salvato una sacerdotessa.<05> Inseguiamolo subito!<05> Sbrigati, $1!”<05>
0C4C	&146<05>“Stavamo pregando per chi è<05> morto... Prega anche tu,<05> $1”<05>
0C4E	“L'uomo del Rubino,<05> Ezechiel... Quante persone<05> renderà infelici prima di<05> essere soddisfatto...”<05>
0C50	“Oh! La signora Claire! Meno<05> male che sei sana e<05> salva...”<05>
0C52	“Di nuovo tu, $1? Ti piace<05> tenerci testa...<05><5E><05> Ma oggi sono occupato non<05> ho tempo di giocare con te.<05> Allora, mi dai quella<05> sacerdotessa?”<05>%1<05>
0C54	“Che piacere che tu<05> capisca, $1”<05>.<4C>1<05>
0C56	“Cosa!”<05>.!<4C>1<05>
0C58	“Non posso più sacrificare<05> la gente di Bubure. Se<05> basta io, andiamo.<05><5E><05><42>2 1<05>*.16<05>#92<05>+3<05>
0C5A	$1, ti affido la pietra del<05>Turchese<05>+1<05>
0C5C	<5E><05>È una delle 7 pietre che<05>sigillarono il Gigante. Vi<05>proteggerà di sicuro.<05><5E><05><05><59>$1 ha ottenuto la pietra<05> del Turchese<5A><05><05><05><5E><05>Allora, addio per ora. Che la<05>protezione del Turchese sia<05>con voi tutti...”<05>
0C5E	$1, volevo darti la pietra<05>del Turchese ma vedo che<05>hai lo zaino pieno.<05><5E><05>Vuoi buttare qualcosa?<05>+1<05>
0C62	#91<05>Buttare una cosa del<05>genere...<05>-1<05>
0C64	*.189<05>Ora posso darti la pietra<05>del Turchese.<05><5E><05><05><59>$1 ha ottenuto la pietra<05> del Turchese<5A><05><05><05>.92<05>-4<05>
0C66	Butta qualcosa, ti prego<05>-3<05>
0C68	<42>2 1<05>“Aspettate! $1<05><5E><05><42>2 3<05> Se vengo io prometti di non<05> toccare la gente di<05> Bubure?”<05>
0C6A	“Fufufu... lo prometto”<05>
0C6C	“Sei arrivato fin qui, bravo.<05> Ma non restituiamo la<05> sacerdotessa così<05> facilmente”<05>
0C6E	“Il risveglio del Gigante<05> Jisfandel non lo ferma<05> nessuno... Tutto è secondo la<05> volontà del sacerdote del<05><5E><05> Rubino, Ezechiel...”<05>
0C70	“Grazie mille. A voi che non<05> conosco devo tanto. Non ho<05> parole per ringraziare.<05><5E><05> Su, torniamo subito a<05> Bubure. Dobbiamo<05> tranquillizzare la gente...”<05><40>146<05>*18<05>
0C72	“Uh... volevo salvare la<05> signora Claire e farmi un<05> nome ma ormai sono<05> spacciato...<05><5E><05> I mostri hanno rapito la<05> signora Claire per<05> sacrificarla al risveglio<05> del Gigante Jisfandel...<05><5E><05> Maledizione... la signora<05> Claire... Volevo davvero<05> salvarla...”<05>
0C74	“Capitano Penta, resisti!<05> Avevi detto che saremmo<05> tornati a Susandna<05> insieme...<05><5E><05> Capitano Pentaaaa<5B>!”<05>
0C76	“Guarda... Questa città di<05> Bubure era la più pacifica<05> del mondo...<05><5E><05> Fino a poco fa...”<05>
0C78	“La stirpe del sacerdote del<05> Rubino da quando fu<05> cacciata da Rambulvil ha<05> vagato senza dimora.<05><5E><05> Ezechiel, che ha ottenuto la<05> pietra del Rubino, vuole<05> risvegliare Jisfandel e<05> vendicarsi su tutti gli esseri<05><5E><05> del mondo”<05>
0C7A	“A nord di Bubure restano<05> molti edifici dell'epoca di<05> Rambulvil.<05><5E><05> Fra questi, dicono, c'è una<05> torre dove è sigillato il<05> Gigante Jisfandel, che<05> distrugge tutto...”<05>
0C7C	“Grazie a tutti, siamo sani e<05> salvi...<05><5E><05> ...............<05> ...............Kekeke.<05><5E><05> Ma tu qui devi morire!”<05>
0C7E	“La donna l'ho già portata<05> via!”<05>
0C80	<42>4 0<05>“$1, davvero si può<05> passare dall'altra parte?”<05>
0C82	<42>5 0<05>“Da quel che ho visto poco<05> fa non sembrava proprio”<05>
0C84	“Dici?<05><5E><05><42>2 2<05> Cercando bene, un<05> passaggio o qualcosa...<05><5E><05><42>2 3<05> Sicuramente... eh?”<05>
0C86	“Ugh... prima me l'avete fatta.<05> Ormai sono finito... Ma vi<05> porto con me!<05><5E><05> Salta tutto in aria!!<05> Gwahahaha... Viva<05> Ezechiel!!... Ugh”<05>
0C88	“I nemici della Muraglia sono<05> stati spazzati via. Per ora<05> ritiriamoci a Winga!”<05>
0C8A	“$1, alla fine sei arrivato.<05> Ma... il tuo viaggio finisce<05> qui, inutilmente. Non ti<05> lasciamo intralciare<05><5E><05> Ezechiel!<05><5E><05> Su, per il risveglio del<05> Gigante il vostro ultimo<05> grido sarà il fiore<05> all'occhiello!”<05>
0C8C	“Fufufu... ho perso... Andate<05> pure...<05><5E><05> Andate... e diventate cibo<05> per Jisfa... de... l...”<05>
0C8E	“$1! Non venire! Quest'uomo<05> vuole risvegliare<05> Jisfandel<05><05><5E><05> Noi non contiamo, scappa!”<05>
0C90	“Benvenuti, signori! Ora è il<05> momento memorabile del<05> risveglio del Gigante<05> Jisfandel!<05><5E><05> Fatevi sotto! Stolti Just<05> Breed!!”<05>
0C92	“Kekeke...<05><5E><05> Kekekekeke......”<05>
0C94	“Guardate... Jisfandel ha<05> iniziato a muoversi...<05> Riuscirete a fermare<05> Jisfandel, voi?<05><5E><05> Su, risorgi ora!!! Gigante<05> Jisfandeeeel!!!!!”<05>
0C96	“Kyaaaaa!”<05>
0C98	<05><49>255<05><49>218<05><59>Jisfandel è stato liberato<05> dal sigillo!<5A><05><05>
0C9E	"Svegliati, $1......<05><5E><05>Un giorno anche a te verrà<05>la pace eterna... Ma non è<05>ancora il momento......<05><5E><05>Va', $1... Alzati e sconfiggi<05>Ezechiel!"<05><05><05>
0CA0	“Ah, meno male, $1 ti sei<05> ripreso, ero preoccupato.<05><5E><05> Su, non scoraggiarti e fatti<05> forza!”<05>
0CA2	“Oh oh, ma quello è $1 Sei<05> già arrivato fin qui. Sei<05> proprio grande.<05><5E><05> Allora, che ti serve?”<05>%3<05> Fermarmi<05> Salvare<05> Niente<05>
0CA8	“Se vieni qui senza motivo<05> anche tu, $1, ti annoi, eh”<05>
0CAC	>48<05>“Di solito costa 100<47> a notte<05> ma sei iscritto al Club Enix<05> quindi ti faccio lo sconto:<05> 48<47> Ti fermi a dormire?”<05>+2<05>
0CAE	>100<05>“Ehm<5B> costa 100<47> a notte, va<05> bene?”<05>+1<05>
0CB4	“Non ho la minima intenzione<05> di fare cose brutte mentre<05> dormi”<05>
0CB6	#90<05>“Non hai soldi, neanche tu<05> $1? Allora non c'è<05> niente da fare”<05>
0CB8	*.186<05>“Allora io faccio la guardia tu<05> dormi tranquillo.<05><5E><05> Davvero, non preoccuparti!”<05>*39<05>
0CBA	“Vuoi che salvi il viaggio<05> finora?”<05>%1<05>
0CBC	*.187<05>“Ho salva<5B>to tutto”<05><5E><05><59>Per spegnere la console<05> tieni premuto RESET, ok<5B><5A><05>
0CBE	“Se posso essere utile a<05> $1 in altro modo, dimmi!”<05>
0CC0	“Capo, guarda! Le<05> sacerdotesse!”<05>
0CC2	“Di tutto un po'<05>   Emporio Fratelli Sekol  ”<05>
0CC4	“Queste rovine sono la terra<05> sacra di Rambulvil!”<05>
0CC6	“Le sacerdotesse sono<05> prigioniere in quella torre<05> a nord, vero?”<05>
0CC8	“Non vedo l'ora di combattere<05> mi prude tutto!!”<05>
0CCC	.<4C>1<05>“Capo!! Finalmente ti ritrovo!<05> Finalmente!!! Cosette sta<05> meglio e sono corso a<05> raggiungerti!<05><5E><05> Combatterai ancora con me,<05> vero?”<05>+1<05>
0CD0	“Lo sapevo, sei il Capo!!”<05><05><05><05>
0CD2	“Non è vero... Capo! Mi accogli<05> di nuovo, vero!?”<05><05><05>-2<05>
0CD4	“Ecco, finalmente la battaglia<05> finale”<05>
0CD8	.<4C>2<05>“Che piacere rivedervi!<05> Appena guarito vi ho seguito<05> e devo avervi superato<05> lungo la strada... Meno<05><5E><05> male, davvero!!”<05>
0CDA	“Ezechiel, aspettaci!”<05>
0CDC	&148<05>“Guarda in alto, $1! Ci sono<05> tutte le facce che non<05> dimenticheremo mai”<05>*221<05>
0CDE	“Ezechiel, aspettaci!”<05>
0CE0	#!<4C>3<05>“Orlov... Hans... Sono tornati<05> compagni fidati... Ezechiel,<05> aspettaci!”<05>
0CE2	“Una volta entrati nella torre<05> dove è sigillato Jisfandel<05> forse non potremo più<05> tornare qui.<05><5E><05> Sei pronto, $1?”<05>%1<05>
0CE4	“Bene, $1, andiamo”<05><5E><05><05><59>Orlov e Hans sono tornati!<05> Lo Zaffiro di $1 ha<05> brillato!!<5A><05><05>*.122<05>.<4C>3<05>*209<05>
0CE6	“Mmm... prepariamoci con<05> l'equipaggiamento e<05> affrontiamo la battaglia<05> finale”<05>
0CE8	#!<4C>4<05>"$1...<05>Ti sarebbe convenuto<05>comprare almeno delle<05>erbe...<05><5E><05>Beh, va bene, prova pure.<05>Devi portarmi l'Armatura<05>Solare!"<05>
0CEA	&!149<05>"Sei venuto, $1 In realtà<05>temevo che tu ti arrendessi...<05><5E><05>Bentornato, $1 Su, va'<05><5E><05>Portami l'Armatura Solare.<05>Mostrami il tuo vero<05>coraggio!"<05>
0CEC	"Sono un Saggio di<05>Rambulvil... Un tempo Saggio<05>dello Zaffiro.<05><5E><05>Il sigillo delle 7 gemme che<05>noi ponemmo a Jisfandel sta<05>ora indebolendosi...<05><5E><05>+1<05>
0CEE	Ezechiel, che ha ereditato il<05>Rubino vuole sacrificare le<05>sacerdotesse per<05>risvegliare Jisfandel.<05><5E><05>$1, non perdonarlo! Il<05>mondo potrebbe finire.<05><5E><05>Ti metterò alla prova.<05><5E><05>Dal mondo illusorio che creo<05>ora portami l'Armatura<05>Solare!<05><5E><05>Allora, andiamo..."<05>.<4C>4<05><40>149<05>
0CF0	"No! Sei ancora troppo<05>debole! Devi diventare più<05>forte o non potrai sventare<05>il piano di Ezechiel"<05>.<4C>1<05>
0CF2	"Ce l'hai fatta, $1 Sei tu<05>colui che respinge il male e<05>porta la giustizia nel<05>mondo... Il 'Just Breed'!<05><5E><05>Su, sbrigati, $1 L'inizio<05>del rito del sacrificio è solo<05>questione di tempo.<05><5E><05>Va' e sconfiggi Ezechiel"<05><40>150<05>
0CF4	"Su, fatti coraggio"<05>
0CF6	&12<05>“L'altro giorno ho trovato<05> una ragazza nel bosco. Se<05> non avete niente da fare<05> accompagnatela in città?”<05>
0CF8	&13<05>“Se sei un uomo non lasciare<05> in difficoltà una ragazza!”<05>
0CFA	&14<05>“Accompagnala bene”<05>
0CFC	&138<05>“Sei tu, quanto tempo. Hai<05> messo su un fisico da<05> uomo”<05>
0CFE	&!139<05>“Sei tu, quanto tempo. Hai<05> messo su un fisico da<05> uomo.<05><5E><05> A proposito ti è servito il<05> tronco?”<05>
0D00	*.89<05>#!90<05>“Ehi ehi. Ancora in giro? Non<05> dovevi usare il tronco per<05> qualcosa?”<05>
0D02	“Sei tu, quanto tempo. Hai<05> messo su un fisico da<05> uomo.<05><5E><05> Cosa? Il tronco? Ne<05> abbiamo in giro un<05> mucchio.<05><5E><05>*.16<05>#92<05> Ma hai lo zaino pieno. Vai a<05> liberartene da qualche<05> parte!”<05>
0D04	Per le cose di prima. Ecco,<05>prendilo”<05><5E><05><05><49>255<05><49>218<05><59>Hai ottenuto il tronco<5A><05><05><05>*116<05>
0D08	“Eh? Voi cercate una<05> ragazza rapita?<05><5E><05> Non so se sia lei ma qui<05> riposa una ragazza.<05><5E><05> L'ha trovata svenuta nel<05> bosco mio padre e l'ha<05> portata qui.<05><5E><05> Mio padre è un boscaiolo<05> e con un tronco in spalla si<05> muove tra gli alberi con<05> leggerezza.<05><5E><05>+1<05>
0D0A	Ha portato una ragazza in<05>spalla altro che mostri!<05><5E><05>Che ne dici, che uomo, eh? È<05>il mio orgoglio...<05><5E><05>Ehi! Pare che si sia<05>svegliata!”<05><40>11<05><43>2 0<05><43>3 50<05>.2<05>
0D0C	&12<05>“Questa ragazza non sembra<05> quella che cercate ma<05> un'altra persona”<05>
0D0E	&14<05>“La ragazza che cercate e<05> Karen sono state rapite<05> dagli stessi mostri, pare”<05>
0D10	&20<05>“Anche voi ne avete di guai,<05> eh”<05>
0D12	“Come sta Karen?”<05>
0D14	&11<05>“Zzz zzz ...............”<05>
0D16	&12<05>“C-chi siete?<05><5E><05> Ah, siete voi che mi avete<05> salvata. Grazie mille. Mi<05> chiamo Karen, di Segaltea.<05><5E><05> Io e mia sorella Elen<05> siamo state rapite dai<05> mostri.<05><5E><05> Ma non servivo a loro e<05> hanno portato via solo<05> mia sorella lasciandomi nel<05> bosco”<05><40>12<05>
0D1A	“Devo tornare subito a<05> Segaltea a dire alla gente<05> che sto bene e a<05> tranquillizzarla...<05><5E><05>&13<05> Potete accompagnarmi fino a<05> Segaltea?”<05>+2<05>
0D1C	Potete accompagnarmi ancora<05>fino a Segaltea?”<05>+1<05>
0D20	“Davvero? Grazie mille.<05> Ricambierò di sicuro”<05><44>3<05><46>7 8<05>.!2<05><40>13<05>.<4C>2<05>
0D22	“Certo, non si può chiedere<05> una cosa simile a degli<05> sconosciuti”<05>
0D24	“Devo cercare subito<05> Loran...<05><5E><05> Potete portarmi con voi?”<05>+1<05>
0D28	“Davvero? Grazie mille”<05><44>3<05><46>7 8<05>.!2<05>
0D2A	“Capisco, non c'è altro da<05> fare”<05>
0D2C	“Ehi, aspetta! Se è deciso<05> non c'è mica fretta. Stanotte<05> riposatevi da noi!”<05>
0D2E	“Vi affido Karen!”<05>
0D30	“Già che ci sei, vuoi salvare<05> il viaggio?”<05>%1<05>
0D32	*.187<05>“Ho salvato il viaggio”<05><5E><05><59>Per sospendere il gioco<05> spegni la console tenendo<05> premuto RESET Premendo il<05> tasto puoi riprendere il<05><5E><05> gioco<5A><05><5E><05>+1<05>
0D34	“Accompagnala bene!”<05>
0D36	<05><59>Dorme profondamente<5A><05>
0D3C	<59>'Club per soci, sotterraneo<05>    Enix di notte<05>   Non soci: vietato'<5A><05>
0D3E	<05><59>Che pervertito!<5A><05>
0D40	<59>Che orrore! Hanno<05> scarabocchiato la faccia<05> del sindaco!<05><5E><05>Va beh<5A><05>
0D42	<05><49>255<05><49>198<05><59>'Vietato fare pipì in<05> piedi'<5A><05>
0D44	<49>255<05><49>160<05><05><59>C'è un grillo...<5A><05>
0D46	<05><59>In caratteri antichi c'è<05> scritto Rambulvil<5A><05>
0D48	<05><59>C'è un buon profumino<5A><05>
0D4A	*.137<05>#90<05>*.16<05>#!92<05><05><49>255<05><49>218<05><59>Per terra c'era un<05> distintivo di membro<5A><05>*139<05>
0D4C	<59>Niente di strano<5A><05>
0D50	#27<05><59>Niente di strano<5A><05>
0D52	<05><59>$1 scivola e stava per<05> cadere nel pozzo!!<5A><05>*214<05>
0D54	<59>Uff, l'abbiamo scampata Il<05> bue voleva avvertirci di<05> questo<5A><05>
0D56	“Non mettete davanti chi ha<05> poca difesa! Proseguite<05> proteggendoli con<05> spadaccini e simili”<05>
0D58	“Se il capitano viene sconfitto<05> anche i sottoposti perdono il<05> comando e se ne vanno. Il<05> capitano deve stare<05><5E><05> attento”<05>
0D5A	“Da poco vicino alla città è<05> comparsa la tana dei mostri.<05><5E><05> Dalla tana col tempo escono<05> nemici a raffica. Meglio<05> attaccare la tana e<05> chiuderla subito”<05>
0D5C	“Ascolta, $1 Gli arcieri e i<05> maghi non possono<05> equipaggiare lo scudo.<05><5E><05> E in più i maghi possono<05> indossare solo tuniche.<05> Meglio saperlo, no?”<05>
0D5E	“L'arco colpisce i nemici<05> lontani ma la spada ha più<05> potenza.<05><5E><05> Saper sfruttare i punti forti<05> di ciascuno è dote di un<05> buon capitano”<05>
0D60	“Ritirarsi, a volte, è un atto<05> di coraggio.<05><5E><05> Quando la battaglia sembra<05> persa prima che i<05> disertori aumentino torna in<05> città col Libro di Strim o la<05><5E><05> squadra sarà annientata”<05>
0D62	“Prima di iniziare la<05> battaglia guarda dove sono i<05> nemici. A volte conviene<05> dividere la squadra in<05><5E><05> due!”<05>
0D64	“Il boomerang colpisce in<05> qualsiasi direzione ha<05> molta potenza. Se hai i soldi,<05> compralo!”<05>
0D66	&30<05>“A nord di questa città c'è<05> un'unica grande villa dove<05> pare tengano prigioniere<05> tante ragazze rapite da<05><5E><05> chissà dove”<05>
0D68	“A nord di questa città<05> c'era una sola grande<05> villa. Pare che da poco ci<05> sia stato un incendio”<05>
0D6A	“Anche a costo di sforzarvi<05> conviene chiudere le tane<05> dei mostri.<05><5E><05> Così le battaglie sono molto<05> più facili.<05><5E><05> Non dimenticate mai di<05> distruggere le tane!”<05>
0D6C	“La lancia costa di più della<05> spada ma ha più potenza e<05> soprattutto può colpire<05> anche nemici un po'<05><5E><05> lontani”<05>
0D6E	“Sei $1?”<05>%1<05>
0D70	“Lo sapevo. Ora il maestro si<05> sta esercitando con la<05> magia. Attendete pure<05> dentro”<05><40>04<05>*04<05>
0D72	“Strano, il maestro ha detto<05> che $1 sarebbe arrivato<05> a momenti”<05>
0D74	“Prego, più avanti”<05>
0D76	&!06<05>“Che i mostri siano tanti non<05> è normale...<05><5E><05> $1...<05> mi raccomando, fai<05> attenzione”<05>
0D78	&!05<05>“Vi affido Isaac”<05>
0D7A	“Benvenuto, $1 So cosa<05> desideri.<05><5E><05> Vuoi l'aiuto di un mago,<05> vero?<05><5E><05> Ma io non posso lasciare<05> questo posto.<05><5E><05>+1<05>
0D7C	Senza la protezione dello<05>Zaffiro Astholm chissà cosa<05>potrebbe accadere...<05> ...................<05><5E><05>$1, non scoraggiarti.<05><5E><05>In cambio ti do il mio allievo<05>Isaac.<05><5E><05>Che ne dici, va bene?”<05>%1<05>
0D7E	“$1... ti affido Isaac”<05><40>05<05>*05<05>
0D80	“...No? Che fastidio”<05>
0D82	“$1, mi raccomando”<05><5E><05><05><59>Isaac si è unito a te Lo<05> Zaffiro di $1 ha<05> brillato!!<5A><05><05>*.122<05>
0D84	“Ecco, ti mostro la forza di<05> Isaac. La magia del fuoco<05> che poco fa mi esercitavo in<05> giardino provala, Isaac.<05><5E><05> $1, guardalo pure”<05>
0D86	“Fate attenzione”<05>
0D88	“S-scusate. Non so ancora<05> usare magie potenti come il<05> maestro”<05>
0D8A	“...$1<05>Sarò insistente, ma ti affido<05>Isaac...<05><5E><05>Hm? Oh... Quello zaffiro sul<05>diadema!<05><5E><05>...In quello zaffiro è<05>nascosto uno strano<05>potere. Sotto quella gemma si<05>riuniranno molti compagni...<05><5E><05>Le vostre ferite le guarisco<05>io con la magia ...Mumm!!”<05><40>06<05>
0D8C	“Ecco, prendi questo. Con<05> questo puoi tornare ad<05> Astholm”<05><5E><05><05><49>255<05><49>218<05><59>Hai ottenuto il Libro di<05> Strim<5A><05><05><05>
0D8E	#!35<05>“Prego, passate”<05>*92<05>
0D90	“Fermo! Chi sei?<05><5E><05> Sei un compagno di Loran e<05> Hans? Rispondi sì o no!”<05>+1<05>
0D94	“Cosa!!<05><5E><05> Scusate, prego entrate<05> pure. Siete i benvenuti”<05>.35<05>*92<05>
0D96	“Allora chi sei! Se nascondi<05> qualcosa, guai a te! Sei<05> compagno di Loran, Hans e<05> Duval, vero?”<05>-2<05>
0D98	“In questa caverna si sono<05> rifugiati gli abitanti di<05> Esencia, conquistata dai<05> mostri”<05>
0D9A	“Guarda la stanza in fondo.<05> Abbiamo accumulato armi.<05> Eheh, naturalmente per<05> riprendere Esencia ai<05><5E><05> mostri!”<05>
0D9C	“Sei $1, vero? Ho sentito<05> parlare di te”<05>
0D9E	“Sotto la capitana Lidia ci<05> stiamo preparando a<05> riprendere Esencia”<05>
0DA0	“Dopo aver ripreso Esencia<05> dobbiamo ritrovare la<05> sacerdotessa Cecil e la<05> pietra sacra, l'Ametista!”<05>
0DA2	“Hai visto fuori? L'erba e<05> gli alberi erano tutti marroni.<05> Sicuramente per la<05> sparizione dell'Ametista<05><5E><05> sono tutti appassiti...”<05>
0DA4	&115<05>“Sei $1? La nostra leader<05> Lidia ti aspetta in fondo”<05>
0DA6	“$1<05>Aiutaci per Esencia”<05>
0DA8	“I mostri hanno portato via<05> Cecil, la sacerdotessa<05> dell'Ametista.<05><5E><05> Cecil era la migliore amica<05> di Lidia...”<05>
0DAA	“A Esencia i mostri stanno<05> costruendo una base per<05> tendervi un'imboscata! $1,<05> dateci una mano!”<05>
0DAC	#!51<05>“Quando entrate a Esencia<05> non dimenticate mai di<05> indossare il travestimento”<05>
0DAE	“Ti aspettavamo, $1 Noi<05> abitavamo a Esencia, la<05> città a sud-ovest di questa<05> caverna.<05><5E><05> Un giorno Esencia fu<05> occupata da mostri apparsi<05> dal nulla.<05><5E><05> $1, ti prego collabora con<05> noi per riprendere<05> Esencia”<05>+1<05>
0DB2	“Sapevo che l'avresti detto!<05> Prego, seguitemi”<05>*93<05><40>115<05>
0DB4	“$1<05>Ho sentito parlare di te. In<05>battaglia sei audace e hai<05>anche un cuore gentile...<05><5E><05>+1<05>
0DB6	Ti prego aiutaci”<05>+1<05>
0DC2	“Sei $1, vero”<05>*93<05>
0DC4	“Qui dietro c'è un deposito<05> segreto. Nemmeno tu, $1,<05> puoi passare”<05>
0DC6	“Se qui non ci sono erba e<05> alberi è perché la sacra<05> Ametista, che governa il<05> verde, è stata rubata.<05><5E><05> $1, aiutaci a riprendere<05> Esencia!”<05>
0DC8	“$1, vorremmo che vi<05> infiltraste a Esencia,<05> occupata.<05><5E><05> Lì c'è una barriera che<05> sigilla la magia e blocca i<05> nostri attacchi.<05><5E><05> Di notte, portatela via.<05> Intanto la nostra squadra<05> attaccherà e riconquisterà<05> Esencia”<05>
0DCA	“Abbiamo sviluppato un<05> travestimento per fingersi<05> lavoratori che portano<05> materiali a Esencia. Con<05><5E><05> questo dovreste potervi<05> infiltrare”<05><5E><05><05>*.236<05><59>$1 e compagni hanno<05> ottenuto il travestimento<5A><05><05>
0DCC	“Abbiamo sviluppato un<05> travestimento per fingersi<05> lavoratori che portano<05> materiali a Esencia. Con<05><5E><05> questo dovreste potervi<05> infiltrare.<05><5E><05> Vorrei darvelo ma avete lo<05> zaino pieno...”<05>
0DD2	*143<05>#<4C>1<05>“Ehilà, ragazzo!!<05><5E><05> Scherzavo”<05>
0DD4	“Questo travestimento è fatto<05> benissimo, Capo!”<05>
0DD6	“Qui i soldati sono tutte<05> ragazze”<05>
0DDC	*145<05>#<4C>2<05>“Fufufu, sono io, Loran”<05>
0DDE	“A quanto pare anche a<05> Esencia hanno rapito la<05> sacerdotessa...<05><5E><05> Sono già 5 le sacerdotesse<05> rapite ...ne restano due...”<05>
0DE0	“Le azioni segrete sono la<05> mia specialità! Dopo tanto<05> tempo il braccio prude!!”<05>
0DE2	#!<4C>6<05>“Ce l'ho fatta. Le 'Affumicate<05> di Pyon' sono un successo!!<05> Nella vita bisogna provare<05> tutto”<05>
0DE4	#!<4C>5<05>“Da quando ho lasciato il<05> lavoro la vita è dura.<05><5E><05> $1...<05><5E><05> Che cos'è la vita?”<05>
0DE6	#!<4C>4<05>“Per andare a Esencia ci<05> voleva troppo tempo.<05><5E><05> e mi è venuto lo stress<05> quindi ho mollato il lavoro.<05> Uffa...”<05>
0DE8	#!<4C>3<05>“Ho avuto due figli la casa è<05> abbastanza grande e<05> soprattutto non ho pensieri<05> per l'affitto”<05>
0DEA	#!<4C>2<05>“Eheheh. Alla fine mi sono<05> sposato”<05>
0DEC	#!<4C>1<05>“Non si sta male ma da solo<05> è un po' troppo grande.<05> Vieni a trovarmi ogni tanto”<05>
0DEE	“Mi piace questa caverna.<05> Forse resto qui”<05>
0DF0	#!<4C>6<05>“Ora nel pancione c'è il<05> quindicesimo”<05>
0DF2	#!<4C>5<05>“Ora nel pancione c'è il<05> decimo”<05>
0DF4	#!<4C>4<05>“Ora nel pancione c'è il<05> quinto”<05>
0DF6	#!<4C>3<05>“Ora nel pancione c'è il<05> terzo”<05>
0DF8	“Ora nel pancione c'è il<05> primo”<05>
0DFA	#!<4C>6<05>“Hmpf! I poveracci non mi<05> toccate”<05>
0DFC	#!<4C>5<05>“Ho fame<5B>”<05>
0DFE	#!<4C>4<05>“Ah! Uno sconosciuto!”<05>
0E00	“Evviva! Evviva!”<05>
0E02	&!113<05>“Muoviti!<05><5E><05> Uno come $1 che si<05> spaventa per così poco!”<05>
0E0C	“Benvenuto, $1<05><5E><05> Fufufu... Non c'è da<05> stupirsi. La raccolta di<05> informazioni è la base della<05> strategia...<05><5E><05>+1<05>
0E0E	Vuoi sapere delle 7 pietre<05>sacre di Rambulvil, vero?”<05>%1<05>
0E12	“Pivello! Non sai nemmeno<05> cosa dovresti sapere! Che<05> pivello incredibile!”<05><5E><05>+1<05>
0E14	“Ascolta bene, $1... A nord<05> di qui c'è un villaggio,<05> Bajad dove restano antiche<05> leggende sul Cristallo.<05><5E><05> Tra le 7 pietre sacre di<05> Rambulvil c'era anche il<05> Cristallo. Sospetto che a<05> Bajad ci sia qualcosa su<05><5E><05> di esso.<05><5E><05>+1<05>
0E16	Svelare il mistero di<05>Rambulvil ci porterà a<05>sapere dove sono le<05>sacerdotesse.<05><5E><05>$1, va' a Bajad e raccogli<05>informazioni”<05>.<4C>1<05>
0E18	“Benvenuto, $1<05><5E><05> Ho saputo che a Bajad hai<05> ottenuto il sacro Cristallo.<05><5E><05> Fufufu... Raccogliere<05> informazioni è la base della<05> strategia.<05><5E><05> Il Cristallo di Bajad era<05> una delle pietre sacre di<05> Rambulvil.<05><5E><05> Anche il tuo zaffiro, $1,<05> viene da Rambulvil, no?<05>+1<05>
0E1A	Non mi sbaglio, vero?”<05>%1<05>
0E1E	“No, è inutile nascondere. Io<05> lo so! Sono di sicuro le<05> pietre sacre leggendarie!<05>-2<05>
0E20	“Lo immaginavo... Ultimamente<05> non smettevo di pensare alla<05> leggenda di Rambulvil.<05><5E><05> Con i mostri aumentati<05> all'improvviso sta di certo<05> per accadere qualcosa.<05><5E><05> Perciò vorrei dare una<05> mano a voi inesperti Che ne<05> dici, $1?”<05>+1<05>
0E24	“Bene! Ben detto!! Io, Duval,<05> farò sbocciare l'ultimo<05> fiore della mia vita!”<05><5E><05><05><59>La squadra di Duval si è<05> unita a te!! Lo Zaffiro di<05> $1 ha brillato!!<5A><05><05>*.122<05><40>113<05><5E><05>“Subito, $1 A Esencia, a<05> sud della Muraglia, pare sia<05> successo qualcosa.<05><5E><05> Andiamo a scoprire cosa...<05><5E><05>+2<05>
0E26	“Pivelli!! Il vostro giudizio<05> è ancora acerbo. Credete<05> di potercela fare anche in<05> futuro da soli?<05><5E><05> Pensaci bene, vuoi unire le<05> forze con me?”<05>-2<05>
0E28	In realtà in questa stanza è<05>scavato un passaggio<05>segreto che passa sotto la<05>Muraglia e arriva a sud.<05><5E><05>Trattandosi di un segreto è<05>un po' complicato...<05><5E><05>Ecco, è qui!”<05>*140<05>
0E2A	“Capitano $1 è l'ora del<05> cambio della guardia.<05><5E><05> Vai pure a goderti con<05> calma la festa dello Zaffiro”<05>
0E2C	“Qui la sorveglianza la<05> facciamo noi Su, su!”<05>
0E2E	#!<4C>7<05>“Anche oggi, $1, sei libero<05> dalla guardia?<05><5E><05> D'altronde i protagonisti<05> della festa di oggi sono la<05> signora Filis e te, $1!”<05>
0E30	“La festa è sempre animata.<05><5E><05> $1, oggi ti sei preso una<05> pausa dalla guardia per<05> goderti la festa?”<05>
0E32	#!<4C>7<05>“Che la festa dello Zaffiro si<05> faccia anche quest'anno<05> sembra un sogno!<05><5E><05> $1 e la signora Filis<05> sono tornati tutto è<05> perfetto!”<05>
0E34	#<4C>5<05>“Tra poco la signora Filis<05> indosserà il diadema di<05> Zaffiro nel rito.<05><5E><05> Ah, sei $1 È il grande<05> momento della tua fidanzata<05> devi guardarla bene!”<05>
0E36	“La signora Filis era<05> bellissima $1, ne sei<05> rimasto incantato, vero?”<05>%1<05>
0E38	“Sei proprio sincero”<05>
0E3A	“Bugiardo”<05>
0E3C	#!<4C>7<05>“Su, questo diadema di<05> Zaffiro è identico allo<05> zaffiro sacro che $1<05> portava quando salvò la<05><5E><05> sacerdotessa Filis.<05><5E><05> Non è quello vero ma gli<05> innamorati che lo portano<05> non si separeranno mai!<05> Comprate, comprate!”<05>
0E3E	“Su, questo diadema di<05> Zaffiro è identico allo<05> zaffiro sacro tramandato a<05> Astholm.<05><5E><05> Non è quello vero ma chi lo<05> indossa avrà fortuna in<05> tutto. Comprate, comprate!”<05>
0E40	#!<4C>7<05>“Nel rito di oggi della signora<05> Filis si vedrà il diadema di<05> Zaffiro.<05><5E><05> È lo zaffiro che con il suo<05> potere ha legato $1 e la<05> signora Filis. Non me lo<05> perdo!”<05>
0E42	#<4C>5<05>“Nel rito di oggi della signora<05> Filis si vedrà il diadema di<05> Zaffiro.<05><5E><05> È lo zaffiro che protegge<05> questa città con il suo<05> potere. Non me lo perdo!”<05>
0E44	“Il diadema di Zaffiro era<05> bellissimo. Vorrei<05> rivederlo”<05>
0E46	#!<4C>7<05>“Che bella la festa dello<05> Zaffiro<5B>! Una città così<05> pacifica non c'è altrove. E<05> tutto grazie...<05><5E><05> a $1, che ha salvato la<05> sacerdotessa Filis,<05> davvero!”<05>
0E48	“Che bella la festa dello<05> Zaffiro<5B>! Una città così<05> pacifica non c'è altrove. E<05> tutto grazie...<05><5E><05> alla protezione dello<05> Zaffiro e a te, $1, capitano<05> della guardia, davvero!”<05>
0E4A	#!<4C>7<05>“Ehi! $1 Vai subito da<05> Filis.<05><5E><05> Ti aspetta da un po', prima<05> del rito vicino alla chiesa<05> vuole vederti! Che<05> fortunato!!”<05>
0E4C	#<4C>5<05>“Ehi! $1 Vai subito da<05> Filis.<05><5E><05> Ti aspetta da un po', prima<05> del rito vicino alla chiesa<05> vuole vederti! Che<05> fortunato!!”<05>
0E4E	“Ehi! $1 Come sempre,<05> appuntamento sotto l'albero<05> nella piazza a nord?”<05>
0E50	#!<4C>7<05>“Ti conosco da quando eri<05> così<5B> piccolo ma ti sei fatto<05> molto più uomo, eh”<05>
0E52	“Conosco Filis da quando<05> era così<5B> piccola ed è<05> diventata proprio bella”<05>
0E54	#!<4C>7<05>“La festa di oggi è speciale.<05> D'altronde festeggiamo il<05> ritorno sano e salvo di<05> $1 e della signora Filis.<05><5E><05> Chissà quando inizia il rito.<05> Che emozione”<05>
0E56	#<4C>5<05>“Chissà quando inizia il rito.<05> Che emozione”<05>
0E58	“Che rito meraviglioso, vero!<05> Vero! Vorrei rivederlo”<05>
0E5A	“Festa, festa evviva<5B>!”<05>
0E5C	“Che bella notte di luna...<05><5E><05> In serate così la signora<05> Filis e lo Zaffiro brillano<05> ancora di più!<05><5E><05> ...................<05> ...................<05><5E><05> Oh oh, $1? Non serve che<05> ti imbarazzi”<05>
0E5E	#!<4C>7<05>“Comprate la bambola di<05> $1<5B> Comprate la bambola<05> di $1<5B>”<05>
0E60	“Compra robaccia<5B> Compra<05> robaccia<5B>”<05>
0E62	#!<4C>7<05>“Abbiamo sconfitto i cattivi e<05> voi siete tornati sani e<05> salvi.<05><5E><05> Con la protezione dello<05> Zaffiro Astholm resterà in<05> pace”<05>
0E64	#<4C>5<05>“La sacerdotessa Filis, con<05> il diadema prega per la<05> felicità di Astholm.<05><5E><05> Finché la luce dello Zaffiro<05> non si spegne ad Astholm la<05> città sarà in pace”<05>
0E66	“Con la protezione dello<05> Zaffiro Astholm resterà in<05> pace”<05>
0E68	#!<4C>7<05>“Evviva, è tornato $1 È<05> tornato $1!”<05>
0E6A	“Sono stanco di tutto questo<05> chiasso!”<05>
0E6C	#!<4C>7<05>“Ah, capitano $1, oggi sei<05> libero?<05><5E><05> Eh<5B>, dopo un viaggio così<05> lungo bisogna rilassarsi un<05> po'<05><5E><05> Anch'io penso di chiedere<05> una licenza e riposare”<05>
0E6E	“Ah, capitano $1, oggi sei<05> libero?<05><5E><05> Eh<5B>, che fortuna l'ora del<05> rito è libera.<05><5E><05> Anch'io sono libero. Eh, meno<05> male che ho visto il rito”<05>
0E70	#!<4C>7<05>“Capitano... a fare la ronda in<05> città, tutto quello che è<05> successo sembra un sogno,<05> tanto è tranquillo.<05><5E><05> Astholm è davvero una<05> città pacifica”<05>
0E72	“Capitano! Oggi la ronda in<05> città la faccio io. Niente di<05> particolare Astholm è una<05> città pacifica”<05>
0E74	#!<4C>7<05>“La festa dello Zaffiro?<05> Sciocchezze, sciocchezze.<05> Davvero sciocchezze!<05><5E><05> Ma $1 ti ho rivalutato un<05> po'”<05>
0E76	“La festa dello Zaffiro?<05> Sciocchezze, sciocchezze.<05> Davvero sciocchezze!<05><5E><05> Ci può stare anche uno<05> strano come me, no?”<05>
0E78	#!<4C>7<05>“Anche l'anno scorso<05> abbiamo visto il rito in<05> prima fila ma quello di<05> quest'anno, dopo tutto quello<05><5E><05> che è successo, non va<05> perso!”<05>
0E7A	#<4C>5<05>“Da stamattina teniamo il<05> posto migliore per vedere<05> il rito”<05>
0E7C	“La signora Filis era<05> bellissima. Siamo rimasti a<05> bocca ap<5B>erta”<05>
0E7E	#!<4C>7<05>“Grazie a $1 anche i<05> mostri si sono nascosti.<05><5E><05> Godetevi la festa dello<05> Zaffiro con tranquillità”<05>
0E80	“La sorveglianza da questa<05> porta è perfetta. Godetevi<05> la festa dello Zaffiro con<05> tranquillità”<05>
0E82	#!<4C>7<05>“$1! Meno male, prima del<05> rito ti vedo almeno un<05> attimo... ero un po' tesa.<05><5E><05> Ora posso fare il rito<05> tranquilla!<05><5E><05> Ehi... dopo aspettami sotto<05> l'albero della piazza a<05> nord!”<05>*211<05>
0E84	“$1! Meno male, prima del<05> rito ti vedo almeno un<05> attimo... ero un po' tesa.<05><5E><05> Ora posso fare il rito<05> tranquilla!<05><5E><05> Ehi... quando il rito sarà<05> finito aspettami sotto l'albero<05> della piazza a nord! Arrivo<05> subito dopo il rito...”<05>*211<05>
0E86	“Oh, $1, grazie della<05> ronda. La festa è il momento<05> di guadagnare e sono<05> felicemente sommerso di<05><5E><05> lavoro”<05>
0E88	#!<4C>7<05>“$1... hai salvato la<05> sacerdotessa Filis. Se<05> quest'anno si fa ancora la<05> festa dello Zaffiro è merito<05><5E><05> tuo...<05><5E><05> La festa di quest'anno per<05> un vecchio come me sarà<05> ricca di ricordi”<05>
0E8A	“Oh, $1...<05><5E><05> Con l'età mi pesa sempre di<05> più stare tra la folla.<05><5E><05> Da qui pregherò per la pace<05> di Astholm”<05>
0E8C	#!<4C>7<05>“Evviva $1 Sei venuto a<05> casa mia.<05><5E><05> Meno male che sono<05> rimasto a badare”<05>
0E8E	“Non voglio badare alla<05> casa!<05><5E><05> $1 non mi ascolta,<05> comunque. Voglio vedere la<05> festa dello Zaffiro”<05>
0E90	<05><59>Il diadema di Zaffiro è<05> stato posato sul capo di<05> Filis<5A><05><05>
0E92	“Che ad Astholm sia eterna<05> la protezione dello<05> Zaffiro.<05><5E><05> Che a tutti gli abitanti di<05> Astholm non manchi mai la<05> protezione dello Zaffiro”<05>
0E94	“Scusa! Hai aspettato? Sono<05> venuta ancora con l'abito<05> del rito perché volevo<05> mostrarlo a $1...<05><5E><05> Guarda, sono carina, vero?”<05>
0E96	“Ehi, $1... Da piccoli, noi<05> due siamo andati alla festa<05> dello Zaffiro ti ricordi?”<05>%1<05>
0E98	“Ihih... Da allora $1 non<05> mi sembra cambiato per<05> niente...<05><5E><05> Come passa il tempo, abbiamo<05> 18 anni... Ormai posso<05> succedere a mia madre<05> come sacerdotessa dello<05><5E><05> Zaffiro...<05><5E><05> ...................<05> Ehi, $1 Il chiasso della<05> festa sembra finto...<05> ...............che silenzio”<05>
0E9A	“Uffa $1 Io me lo ricordo<05> ancora...<05><5E><05> Come passa il tempo, abbiamo<05> 18 anni... Anch'io ho l'età<05> per succedere a mia madre<05> come sacerdotessa dello<05><5E><05> Zaffiro...<05><5E><05> ...................<05> Ehi, $1 Il chiasso della<05> festa di poco fa sembra<05> finto... ...............che<05> silenzio”<05>
0E9C	“Kyaa! $1!”<05>
0E9E	“Il mio nome è Gel de Rei.<05> Per ordine del signor<05> Ezechiel mi prendo la<05> sacerdotessa dello Zaffiro”<05>
0EA0	“Scusa se ti ho disturbato<05> nel momento di gioia, bel<05> tipo!”<05>
0EA2	“Kyaa! $1!”<05>
0EA4	<59>Di Filis è rimasto solo il<05> diadema di Zaffiro...<05><5E><05>Illuminato dalla luce della<05>luna lo Zaffiro sembrò<05>brillare per un istante...<5A><05>
0EA6	“Elen! Sono venuto a<05> prenderti!”<05>
0EA8	“Ah Loran! Sei venuto!”<05>
0EAA	“Signor Orlov... Per colpa<05> mia siete finito in un guaio<05> così...”<05>
0EAC	“Ma no, Tifa... L'importante è<05> che tu stia bene...”<05>
0EAE	“Lidia! Sei venuta fin qui a<05> salvarmi...”<05>
0EB0	“Ihihih certo che sì. Siamo<05> amiche del cuore, no?”<05>
0EB2	“Uffa, beato Loran, Capo.<05> Quanto si sbaciucchiano”<05>
0EB4	“Sciocco! Noi abbiamo<05> compiuto la grande impresa<05> di salvare il mondo! Rallegrati<05> con più sincerità!<05><5E><05> Tanto tu hai già una<05> ragazza che ti piace, no?”<05>
0EB6	“Ah, già. Voglio rivedere<05> subito Cosette”<05>
0EB8	“Grazie mille per averci<05> salvato in un momento<05> pericoloso. Grazie a voi il<05> mondo è salvo”<05>
0EBA	“Io ho solo dato una mano<05> a questi pivelli. Se volete<05> ringraziare, ecco<05> ringraziate quello lì che<05><5E><05> si è incantato.<05><5E><05><42>13 1<05> Ehi! $1!”<05>
0EBC	“..................<05> ..................<05> $1...<05><5E><05>Ecco... io... non so cosa<05>dire...<05> ..................”<05>
0EBE	“Uh, no, la torre sta<05> crollando! Tutti in salvo!”<05>
0EC0	“$1...<05>Non ti avevo ancora<05>ringraziato per avermi<05>salvata...<05><5E><05>Grazie. Mi hai salvato la vita.<05><5E><05>Non voglio più separarmi da<05>te. Resta sempre con me...<05> $1......<05><5E><05>Ti-<5E> a-<5E> m...<05>
0EC2	“Ecco, ecco, per voi due è<05> arrivato un mazzo di fiori<05> di congratulazioni”<05>
0EC4	“Ohi.<05><5E><05> Ohi ohi ohi<5B><05><5E><05> Ho disturbato forse...”<05>
0EC6	“Quel signore non l'avevo<05> già visto da qualche<05> parte? Che tipo strano...<05><5E><05> Ihih ma non mi dispiace.<05><5E><05> Oh no. Guarda che ora sta<05> per iniziare il rito devo<05> andare in chiesa...”<05>
0EC8	“Ah, $1...<05><5E><05> o!”<05>
0ECA	“Eheh... continuiamo da<05> prima!”<05>
0ECC	“Maestro, anche se è festa<05> non beva troppo”<05>
0ECE	“Oggi... è...<05><5E><05> Hic... uf.<05><5E><05> chiuso, riposo... uh.<05><5E><05> Puah”<05>
0ED0	“...Cosetteeee”<05>
0ED4	“Cerchi un'arma? O sei<05> venuto a vendere<05> qualcosa?”<05>%3<05> Comprare<05> Vendere<05> Niente<05>
0EDA	“Che c'è, solo un'occhiata?<05> Beh, torna a trovarci”<05>
0EDC	“Ce n'è qualcuna che ti<05> piace?”<05>+1<05>
0EDE	*.181<05>#90<05>“Torna a trovarci”<05>
0EE0	“Ottima scelta: $2 Solo<05> $0<47>, portalo a casa. Che<05> ne dici?”<05>%1<05>
0EE4	“Se è così, pazienza... Ti<05> serve altro?”<05>-3<05>
0EE6	#91<05>“Purtroppo non hai<05> abbastanza soldi.<05><5E><05> Ti serve altro?”<05>-4<05>
0EE8	#92<05>“Non puoi portare altro,<05> pare”<05>
0EEA	*.182<05><49>139<05>“Grazie mille. Vuoi comprare<05> altro?”<05>-6<05>
0EEC	“Grazie mille. Cosa mi<05> vendi?”<05>+1<05>
0EEE	*.183<05>#90<05>“Torna a trovarci”<05>
0EF0	#91<05>“Mmm... Questo non ha un<05> prezzo. Non posso<05> comprarlo.<05><5E><05> Vuoi vendere altro?”<05>-1<05>
0EF2	“Vendi $2? Te lo compro<05> per $0<47> Che ne dici?”<05>%1<05>
0EF4	*.184<05><49>139<05>“Grazie mille. Allora, ecco...<05> Vuoi vendere altro?”<05>-3<05>
0EF6	“Se è così, pazienza... Vuoi<05> vendere altro?”<05>-4<05>
0EF8	“Le nostre armature sono le<05> migliori del mondo. Scegli<05> quello che vuoi! Sei venuto<05> a comprare o a vendere?<05><5E><05> Allora, cosa scegli!”<05>%3<05> Comprare<05> Vendere<05> Niente<05>
0EFE	“Fai un po' di vetrine, vero?<05> Guardare è gratis, fai con<05> calma”<05>
0F00	“Scegli con calma”<05>+1<05>
0F02	*.181<05>#90<05>“Torna!”<05>
0F04	“$2, giusto? Te lo faccio a<05> $0<47> Lo prendi, vero?”<05>%1<05>
0F08	“Se è così, pazienza... Ti<05> serve altro, no?”<05>-3<05>
0F0A	#91<05>“Cavolo! Non hai abbastanza<05> soldi. Guadagna e torna!<05><5E><05> Ti serve altro, no?”<05>-4<05>
0F0C	#92<05>“Non puoi portare altro,<05> amico!”<05>
0F0E	*.182<05><49>139<05>“Grazie! Prendi anche altro,<05> no?”<05>-6<05>
0F10	“Grazie! Cosa mi vendi?”<05>+1<05>
0F12	*.183<05>#90<05>“Torna!”<05>
0F14	#91<05>“Questo? Non ha un prezzo.<05> Non posso comprarlo.<05><5E><05> Scegli altro da vendere”<05>-1<05>
0F16	“$2! Bene! Accetto la perdita<05> e te lo compro per $0<47><05> Che ne dici?”<05>%1<05>
0F18	*.184<05><49>139<05>“Grazie. Allora, ecco... Hai<05> altro da vendere, no?”<05>-3<05>
0F1A	“Se è così, pazienza... Hai<05> altro da vendere, no?”<05>-4<05>
0F1C	“Benvenu<5B>ti. Sei venuto a<05> comprare strumenti o a<05> vendere qualcosa?”<05>%3<05> Comprare<05> Vendere<05> Niente<05>
0F22	“Ah... capisco...”<05>
0F24	“Scegli con calma”<05>+1<05>
0F26	*.181<05>#90<05>“Tornate a trovarci”<05>
0F28	“$2?<05>Fanno $0<47> Lo prende?”<05>%1<05>
0F2C	“Se è così, pazienza...<05> Desidera altro?”<05>-3<05>
0F2E	#91<05>“Oh, non ci sono abbastanza<05> soldi. Faccia un po' di<05> scorta e torni.<05><5E><05> Desidera altro?”<05>-4<05>
0F30	#92<05>“Non può portare altro”<05>
0F32	*.182<05><49>139<05>“Grazie. Vuole altro?”<05>-6<05>
0F34	“Grazie. Cosa mi vende?”<05>+1<05>
0F36	*.183<05>#90<05>“Tornate a trovarci”<05>
0F38	#91<05>“$2?...<05>Deve essere molto<05>importante. Non posso<05>ritirarlo. Mi scusi.<05><5E><05>Ha altro da vendere?”<05>-1<05>
0F3A	“Mi vende $2? Questo lo<05> compro per $0<47> Che ne<05> dice?”<05>%1<05>
0F3C	*.184<05><49>139<05>“Grazie. Allora, ecco... Ha<05> altro da vendere?”<05>-3<05>
0F3E	“Se è così, pazienza... Ha<05> altro da vendere?”<05>-4<05>
0F40	“Benvenuti nella nostra<05> locanda. Cosa desiderate?”<05>%3<05> Fermarsi<05> Salvare<05> Niente<05>
0F46	“Se non ha bisogno di<05> niente perché viene in<05> locanda? Anche lei ha del<05> tempo libero, eh”<05>
0F4A	“Di solito costa $0<47> a<05> notte ma lei è iscritto al Club<05> Enix<05>*.138<05> Le faccio lo sconto: $0<47><05> Si ferma a dormire?”<05>+2<05>
0F4C	“Costa $0<47> a notte, va<05> bene?”<05>+1<05>
0F52	“Non facciamo riposi brevi...<05> Arrivederci”<05>
0F54	><05>#90<05>“Pare che non abbia soldi.<05> Ah ah... a casa, a casa”<05>
0F56	*.186<05><49>139<05>“Allora firmi qui, per favore...<05> Sì sì, ottima camera, buon<05> soggiorno”<05>*39<05>
0F58	“Bene, allora salviamo il<05> viaggio fin qui.<05><5E><05> Va bene?”<05>%1<05>
0F5A	*.187<05>“Ho salvato tutto con cura”<05><5E><05><59>Per sospendere il gioco<05> spegnete la console tenendo<05> premuto RESET Premendo il<05> tasto potrete riprendere<05><5E><05> il gioco<5A><05>
0F5C	“Desidera altro?”<05>
0F5E	“Grazie di averci scelto. Buon<05> viaggio”<05>
0F60	“Questo è l'ospedale... Se ti<05> ferisci la magia delle<05> gemme ti riporterà qui.<05><5E><05> e dopo le cure potrai<05> riprendere l'avventura...”<05>
0F62	“Oh, $1 Vuoi far rientrare<05> un disertore?<05><5E><05> Chi vuoi far rientrare?”<05>+1<05>
0F64	*.185<05>#90<05>“Capisco. Allora<05> riguardatevi”<05>
0F66	*.190<05>#90<05>“$1!! Non scherzi $2 può<05> combattere, no!! La smetta!”<05>
0F68	*.199<05>“Far rientrare $2 costa<05> $0<47> Va bene?”<05>%1<05>
0F6C	“Capisco... Riguardatevi...”<05>
0F6E	><05>#90<05>“A quanto pare non ci sono<05> abbastanza soldi. Anch'io<05> non faccio volontariato.<05> Quando avrà i soldi, torni<05><5E><05> pure”<05>
0F70	*.192<05><49>139<05>“Va bene, entro l'uscita dalla<05> città farò rientrare $2”<05>/<05>“Gli altri stanno bene?”<05>-6<05>
0F72	“Ah $1... Ormai è del tutto<05> guarito. Può essere dimesso<05> e tornare a menare le mani.<05><5E><05> Ah, per la cura ho preso<05> $0<47>... Riguardatevi”<05>/<05>
0F74	“Ah $1... Ormai è del tutto<05> guarito. Può essere dimesso<05> e tornare a menare le mani.<05><5E><05> Ah, la cura costa $0<47> ma<05> non li aveva con sé, quindi<05> ho preso tutto quello che<05> aveva.<05><5E><05> Riguardatevi”<05>/<05>
0F76	“Ah $1... Ormai è del tutto<05> guarito. Può essere dimesso<05> e tornare a menare le mani.<05><5E><05> Ah, la cura costa $0<47> ma<05> non li aveva con sé.<05><5E><05> Ho preso tutto più il<05> distintivo di membro.<05><5E><05> Riguardatevi”<05>/<05>
0F78	“BENVENUTO COSA DESIDERA<05> ACQUISTARE”<05>+1<05>
0F7A	*.181<05>#90<05>“ARRIVEDERCI”<05>
0F7C	“$2 COSTA $0<47> DESIDERA<05> ACQUISTARE?”<05>%2<05> Sì<05> No<05>
0F80	“DESIDERA ALTRO”<05>-3<05>
0F82	#91<05>“SOLDI INSUFFICIENTI”<05>
0F84	#92<05>“NON PUÒ PORTARE ALTRO”<05>
0F86	<49>188<05>*.182<05>“GRAZIE E ARRIVEDERCI”<05><49>187<05>-6<05>
0F88	“QUESTO È UN ACQUIRENTE<05> AUTOMATICO INDICARE IL<05> PRODOTTO DA VENDERE”<05>+1<05>
0F8A	*.183<05>#90<05>“ARRIVEDERCI”<05>
0F8C	#91<05>“IMPOSSIBILE ASSEGNARE UN<05> PREZZO A QUESTO PRODOTTO<05> CI SCUSIAMO<05><5E><05> INDICARNE UN ALTRO”<05>-1<05>
0F8E	“IL PREZZO D'ACQUISTO DI<05> $2 È $0<47> CONFERMA?”<05>%2<05> Sì<05> No<05>
0F90	*.184<05>“GRAZIE E ARRIVEDERCI<05> DESIDERA ALTRO?”<05>-3<05>
0F92	“CI SCUSIAMO DESIDERA<05> ALTRO?”<05>-4<05>
